Workbook

Sheet LUC-2013-01-08-Run1
B1: 1961 | C1: 1962 | D1: 1963 | E1: 1964 | F1: 1965 | G1: 1966 | H1: 1967 | I1: 1968 | J1: 1969 | K1: 1970 | L1: 1971 | M1: 1972 | N1: 1973 | O1: 1974 | P1: 1975 | Q1: 1976 | R1: 1977 | S1: 1978 | T1: 1979 | U1: 1980 | V1: 1981 | W1: 1982 | X1: 1983 | Y1: 1984 | Z1: 1985 | AA1: 1986 | AB1: 1987 | AC1: 1988 | AD1: 1989 | AE1: 1990 | AF1: 1991 | AG1: 1992 | AH1: 1993 | AI1: 1994 | AJ1: 1995 | AK1: 1996 | AL1: 1997 | AM1: 1998 | AN1: 1999 | AO1: 2000 | AP1: 2001 | AQ1: 2002 | AR1: 2003 | AS1: 2004 | AT1: 2005 | AU1: 2006 | AV1: 2007 | AW1: 2008 | AX1: 2009 | AY1: 2010 | AZ1: 2011 | BA1: 2012 | BB1: 2013 | BC1: 2014 | BD1: 2015 | BE1: 2016 | BF1: 2017 | BG1: 2018 | BH1: 2019 | BI1: 2020 | BJ1: 2021 | BK1: 2022 | BL1: 2023 | BM1: 2024 | BN1: 2025 | BO1: 2026 | BP1: 2027 | BQ1: 2028 | BR1: 2029 | BS1: 2030 | BT1: 2031 | BU1: 2032 | BV1: 2033 | BW1: 2034 | BX1: 2035 | BY1: 2036 | BZ1: 2037 | CA1: 2038 | CB1: 2039 | CC1: 2040 | CD1: 2041 | CE1: 2042 | CF1: 2043 | CG1: 2044 | CH1: 2045 | CI1: 2046 | CJ1: 2047 | CK1: 2048 | CL1: 2049 | CM1: 2050
A2: USA.per_capita_animal_product_demand_scenario | B2: 0 | C2: 0 | D2: 0 | E2: 0 | F2: 0 | G2: 0 | H2: 0 | I2: 0 | J2: 0 | K2: 0 | L2: 0 | M2: 0 | N2: 0 | O2: 0 | P2: 0 | Q2: 0 | R2: 0 | S2: 0 | T2: 0 | U2: 0 | V2: 0 | W2: 0 | X2: 0 | Y2: 0 | Z2: 0 | AA2: 0 | AB2: 0 | AC2: 0 | AD2: 0 | AE2: 0 | AF2: 2.6047124e-05 | AG2: 2.5931821e-05 | AH2: 2.5817027e-05 | AI2: 2.5702742e-05 | AJ2: 2.5588963e-05 | AK2: 2.5475688e-05 | AL2: 2.5362914e-05 | AM2: 2.5250639e-05 | AN2: 2.5138861e-05 | AO2: 2.5027578e-05 | AP2: 2.4916788e-05 | AQ2: 2.4806488e-05 | AR2: 2.4696676e-05 | AS2: 2.458735e-05 | AT2: 2.4478509e-05 | AU2: 2.4370149e-05 | AV2: 2.4378852e-05 | AW2: 2.4387559e-05 | AX2: 2.4396268e-05 | AY2: 2.4404981e-05 | AZ2: 2.4413697e-05 | BA2: 2.4422416e-05 | BB2: 2.4431138e-05 | BC2: 2.4439863e-05 | BD2: 2.4448591e-05 | BE2: 2.4457323e-05 | BF2: 2.4466057e-05 | BG2: 2.4474795e-05 | BH2: 2.4483535e-05 | BI2: 2.4492279e-05 | BJ2: 2.4501026e-05 | BK2: 2.4509776e-05 | BL2: 2.451853e-05 | BM2: 2.4527286e-05 | BN2: 2.4536045e-05 | BO2: 2.4544808e-05 | BP2: 2.4553574e-05 | BQ2: 2.4562343e-05 | BR2: 2.4571115e-05 | BS2: 2.457989e-05 | BT2: 2.4588668e-05 | BU2: 2.4597449e-05 | BV2: 2.4606234e-05 | BW2: 2.4615022e-05 | BX2: 2.4623812e-05 | BY2: 2.4632606e-05 | BZ2: 2.4641404e-05 | CA2: 2.4650204e-05 | CB2: 2.4659007e-05 | CC2: 2.4667814e-05 | CD2: 2.4676623e-05 | CE2: 2.4685436e-05 | CF2: 2.4694252e-05 | CG2: 2.4703071e-05 | CH2: 2.4711893e-05 | CI2: 2.4720719e-05 | CJ2: 2.4729547e-05 | CK2: 2.4738379e-05 | CL2: 2.4747214e-05 | CM2: 2.4756052e-05
A3: … | B3: 0 | C3: 0 | D3: 0 | E3: 0 | F3: 0 | G3: 0 | H3: 0 | I3: 0 | J3: 0 | K3: 0 | L3: 0 | M3: 0 | N3: 0 | O3: 0 | P3: 0 | Q3: 0 | R3: 0 | S3: 0 | T3: 0 | U3: 0 | V3: 0 | W3: 0 | X3: 0 | Y3: 0 | Z3: 0 | AA3: 0 | AB3: 0 | AC3: 0 | AD3: 0 | AE3: 0 | AF3: 0.000201 | AG3: 0.00020106667 | AH3: 0.00020113333 | AI3: 0.0002012 | AJ3: 0.00020126667 | AK3: 0.00020133333 | AL3: 0.0002014 | AM3: 0.00020146667 | AN3: 0.00020153333 | AO3: 0.0002016 | AP3: 0.00020166667 | AQ3: 0.00020173333 | AR3: 0.0002018 | AS3: 0.00020186667 | AT3: 0.00020193333 | AU3: 0.000202 | AV3: 0.00020254167 | AW3: 0.00020308333 | AX3: 0.000203625 | AY3: 0.00020416667 | AZ3: 0.00020470833 | BA3: 0.00020525 | BB3: 0.00020579167 | BC3: 0.00020633333 | BD3: 0.000206875 | BE3: 0.00020741667 | BF3: 0.00020795833 | BG3: 0.0002085 | BH3: 0.00020904167 | BI3: 0.00020958333 | BJ3: 0.000210125 | BK3: 0.00021066667 | BL3: 0.00021120833 | BM3: 0.00021175 | BN3: 0.00021229167 | BO3: 0.00021283333 | BP3: 0.000213375 | BQ3: 0.00021391667 | BR3: 0.00021445833 | BS3: 0.000215 | BT3: 0.00021535 | BU3: 0.0002157 | BV3: 0.00021605 | BW3: 0.0002164 | BX3: 0.00021675 | BY3: 0.0002171 | BZ3: 0.00021745 | CA3: 0.0002178 | CB3: 0.00021815 | CC3: 0.0002185 | CD3: 0.00021885 | CE3: 0.0002192 | CF3: 0.00021955 | CG3: 0.0002199 | CH3: 0.00022025 | CI3: 0.0002206 | CJ3: 0.00022095 | CK3: 0.0002213 | CL3: 0.00022165 | CM3: 0.000222
A4: ... | B4: 0 | C4: 0 | D4: 0 | E4: 0 | F4: 0 | G4: 0 | H4: 0 | I4: 0 | J4: 0 | K4: 0 | L4: 0 | M4: 0 | N4: 0 | O4: 0 | P4: 0 | Q4: 0 | R4: 0 | S4: 0 | T4: 0 | U4: 0 | V4: 0 | W4: 0 | X4: 0 | Y4: 0 | Z4: 0 | AA4: 0 | AB4: 0 | AC4: 0 | AD4: 0 | AE4: 0 | AF4: 3.1090008e-05 | AG4: 3.1214867e-05 | AH4: 3.1340228e-05 | AI4: 3.1466092e-05 | AJ4: 3.1592462e-05 | AK4: 3.1719339e-05 | AL4: 3.1846726e-05 | AM4: 3.1974625e-05 | AN4: 3.2103037e-05 | AO4: 3.2231965e-05 | AP4: 3.2361411e-05 | AQ4: 3.2491376e-05 | AR4: 3.2621863e-05 | AS4: 3.2752875e-05 | AT4: 3.2884413e-05 | AU4: 3.3016479e-05 | AV4: 3.3049495e-05 | AW4: 3.3082545e-05 | AX4: 3.3115627e-05 | AY4: 3.3148743e-05 | AZ4: 3.3181891e-05 | BA4: 3.3215073e-05 | BB4: 3.3248288e-05 | BC4: 3.3281537e-05 | BD4: 3.3314818e-05 | BE4: 3.3348133e-05 | BF4: 3.3381481e-05 | BG4: 3.3414863e-05 | BH4: 3.3448278e-05 | BI4: 3.3481726e-05 | BJ4: 3.3515208e-05 | BK4: 3.3548723e-05 | BL4: 3.3582271e-05 | BM4: 3.3615854e-05 | BN4: 3.364947e-05 | BO4: 3.3683119e-05 | BP4: 3.3716802e-05 | BQ4: 3.3750519e-05 | BR4: 3.3784269e-05 | BS4: 3.3818054e-05 | BT4: 3.3851872e-05 | BU4: 3.3885724e-05 | BV4: 3.3919609e-05 | BW4: 3.3953529e-05 | BX4: 3.3987483e-05 | BY4: 3.402147e-05 | BZ4: 3.4055491e-05 | CA4: 3.4089547e-05 | CB4: 3.4123637e-05 | CC4: 3.415776e-05 | CD4: 3.4191918e-05 | CE4: 3.422611e-05 | CF4: 3.4260336e-05 | CG4: 3.4294596e-05 | CH4: 3.4328891e-05 | CI4: 3.436322e-05 | CJ4: 3.4397583e-05 | CK4: 3.4431981e-05 | CL4: 3.4466413e-05 | CM4: 3.4500879e-05
A5: ... | B5: 0 | C5: 0 | D5: 0 | E5: 0 | F5: 0 | G5: 0 | H5: 0 | I5: 0 | J5: 0 | K5: 0 | L5: 0 | M5: 0 | N5: 0 | O5: 0 | P5: 0 | Q5: 0 | R5: 0 | S5: 0 | T5: 0 | U5: 0 | V5: 0 | W5: 0 | X5: 0 | Y5: 0 | Z5: 0 | AA5: 0 | AB5: 0 | AC5: 0 | AD5: 0 | AE5: 0 | AF5: 1.9058063e-05 | AG5: 1.936795e-05 | AH5: 1.9682876e-05 | AI5: 2.0002922e-05 | AJ5: 2.0328173e-05 | AK5: 2.0658713e-05 | AL5: 2.0994627e-05 | AM5: 2.1336003e-05 | AN5: 2.168293e-05 | AO5: 2.2035498e-05 | AP5: 2.2393798e-05 | AQ5: 2.2757925e-05 | AR5: 2.3127973e-05 | AS5: 2.3504037e-05 | AT5: 2.3886217e-05 | AU5: 2.4274611e-05 | AV5: 2.4444533e-05 | AW5: 2.4615645e-05 | AX5: 2.4787954e-05 | AY5: 2.496147e-05 | AZ5: 2.51362e-05 | BA5: 2.5312153e-05 | BB5: 2.5489338e-05 | BC5: 2.5667764e-05 | BD5: 2.5847438e-05 | BE5: 2.602837e-05 | BF5: 2.6210569e-05 | BG5: 2.6394043e-05 | BH5: 2.6578801e-05 | BI5: 2.6764853e-05 | BJ5: 2.6952207e-05 | BK5: 2.7140872e-05 | BL5: 2.7330858e-05 | BM5: 2.7522174e-05 | BN5: 2.7714829e-05 | BO5: 2.7908833e-05 | BP5: 2.8104195e-05 | BQ5: 2.8300924e-05 | BR5: 2.8499031e-05 | BS5: 2.8698524e-05 | BT5: 2.8899414e-05 | BU5: 2.910171e-05 | BV5: 2.9305422e-05 | BW5: 2.951056e-05 | BX5: 2.9717134e-05 | BY5: 2.9925154e-05 | BZ5: 3.013463e-05 | CA5: 3.0345572e-05 | CB5: 3.0557991e-05 | CC5: 3.0771897e-05 | CD5: 3.09873e-05 | CE5: 3.1204211e-05 | CF5: 3.1422641e-05 | CG5: 3.1642599e-05 | CH5: 3.1864097e-05 | CI5: 3.2087146e-05 | CJ5: 3.2311756e-05 | CK5: 3.2537938e-05 | CL5: 3.2765704e-05 | CM5: 3.2995064e-05
A7: USA.per_capita_commodity_crop_demand_scenario | B7: 0 | C7: 0 | D7: 0 | E7: 0 | F7: 0 | G7: 0 | H7: 0 | I7: 0 | J7: 0 | K7: 0 | L7: 0 | M7: 0 | N7: 0 | O7: 0 | P7: 0 | Q7: 0 | R7: 0 | S7: 0 | T7: 0 | U7: 0 | V7: 0 | W7: 0 | X7: 0 | Y7: 0 | Z7: 0 | AA7: 0 | AB7: 0 | AC7: 0 | AD7: 0 | AE7: 0 | AF7: 3.731055e-05 | AG7: 3.738732e-05 | AH7: 3.7464091e-05 | AI7: 3.7540862e-05 | AJ7: 3.7617632e-05 | AK7: 3.7694403e-05 | AL7: 3.7771174e-05 | AM7: 3.7847945e-05 | AN7: 3.7924715e-05 | AO7: 3.8001486e-05 | AP7: 3.8078257e-05 | AQ7: 3.8155027e-05 | AR7: 3.8231798e-05 | AS7: 3.8308569e-05 | AT7: 3.8385339e-05 | AU7: 3.846211e-05 | AV7: 3.8690127e-05 | AW7: 3.8918144e-05 | AX7: 3.9146161e-05 | AY7: 3.9374178e-05 | AZ7: 3.9602194e-05 | BA7: 3.9830211e-05 | BB7: 4.0058228e-05 | BC7: 4.0286245e-05 | BD7: 4.0514262e-05 | BE7: 4.0742279e-05 | BF7: 4.0970296e-05 | BG7: 4.1198313e-05 | BH7: 4.142633e-05 | BI7: 4.1654347e-05 | BJ7: 4.1882364e-05 | BK7: 4.211038e-05 | BL7: 4.2338397e-05 | BM7: 4.2566414e-05 | BN7: 4.2794431e-05 | BO7: 4.3022448e-05 | BP7: 4.3250465e-05 | BQ7: 4.3478482e-05 | BR7: 4.3706499e-05 | BS7: 4.3934516e-05 | BT7: 4.3934516e-05 | BU7: 4.3934516e-05 | BV7: 4.3934516e-05 | BW7: 4.3934516e-05 | BX7: 4.3934516e-05 | BY7: 4.3934516e-05 | BZ7: 4.3934516e-05 | CA7: 4.3934516e-05 | CB7: 4.3934516e-05 | CC7: 4.3934516e-05 | CD7: 4.3934516e-05 | CE7: 4.3934516e-05 | CF7: 4.3934516e-05 | CG7: 4.3934516e-05 | CH7: 4.3934516e-05 | CI7: 4.3934516e-05 | CJ7: 4.3934516e-05 | CK7: 4.3934516e-05 | CL7: 4.3934516e-05 | CM7: 4.3934516e-05
A8: … | B8: 0 | C8: 0 | D8: 0 | E8: 0 | F8: 0 | G8: 0 | H8: 0 | I8: 0 | J8: 0 | K8: 0 | L8: 0 | M8: 0 | N8: 0 | O8: 0 | P8: 0 | Q8: 0 | R8: 0 | S8: 0 | T8: 0 | U8: 0 | V8: 0 | W8: 0 | X8: 0 | Y8: 0 | Z8: 0 | AA8: 0 | AB8: 0 | AC8: 0 | AD8: 0 | AE8: 0 | AF8: 5.3438336e-05 | AG8: 5.3548291e-05 | AH8: 5.3658247e-05 | AI8: 5.3768202e-05 | AJ8: 5.3878158e-05 | AK8: 5.3988113e-05 | AL8: 5.4098068e-05 | AM8: 5.4208024e-05 | AN8: 5.4317979e-05 | AO8: 5.4427935e-05 | AP8: 5.453789e-05 | AQ8: 5.4647845e-05 | AR8: 5.4757801e-05 | AS8: 5.4867756e-05 | AT8: 5.4977712e-05 | AU8: 5.5087667e-05 | AV8: 5.4915472e-05 | AW8: 5.4743277e-05 | AX8: 5.4571081e-05 | AY8: 5.4398886e-05 | AZ8: 5.4226691e-05 | BA8: 5.4054495e-05 | BB8: 5.38823e-05 | BC8: 5.3710105e-05 | BD8: 5.3537909e-05 | BE8: 5.3365714e-05 | BF8: 5.3193519e-05 | BG8: 5.3021323e-05 | BH8: 5.2849128e-05 | BI8: 5.2676933e-05 | BJ8: 5.2504737e-05 | BK8: 5.2332542e-05 | BL8: 5.2160347e-05 | BM8: 5.1988151e-05 | BN8: 5.1815956e-05 | BO8: 5.1643761e-05 | BP8: 5.1471565e-05 | BQ8: 5.129937e-05 | BR8: 5.1127175e-05 | BS8: 5.095498e-05 | BT8: 5.095498e-05 | BU8: 5.095498e-05 | BV8: 5.095498e-05 | BW8: 5.095498e-05 | BX8: 5.095498e-05 | BY8: 5.095498e-05 | BZ8: 5.095498e-05 | CA8: 5.095498e-05 | CB8: 5.095498e-05 | CC8: 5.095498e-05 | CD8: 5.095498e-05 | CE8: 5.095498e-05 | CF8: 5.095498e-05 | CG8: 5.095498e-05 | CH8: 5.095498e-05 | CI8: 5.095498e-05 | CJ8: 5.095498e-05 | CK8: 5.095498e-05 | CL8: 5.095498e-05 | CM8: 5.095498e-05
A9: … | B9: 0 | C9: 0 | D9: 0 | E9: 0 | F9: 0 | G9: 0 | H9: 0 | I9: 0 | J9: 0 | K9: 0 | L9: 0 | M9: 0 | N9: 0 | O9: 0 | P9: 0 | Q9: 0 | R9: 0 | S9: 0 | T9: 0 | U9: 0 | V9: 0 | W9: 0 | X9: 0 | Y9: 0 | Z9: 0 | AA9: 0 | AB9: 0 | AC9: 0 | AD9: 0 | AE9: 0 | AF9: 3.8032689e-05 | AG9: 3.8110946e-05 | AH9: 3.8189203e-05 | AI9: 3.8267459e-05 | AJ9: 3.8345716e-05 | AK9: 3.8423972e-05 | AL9: 3.8502229e-05 | AM9: 3.8580485e-05 | AN9: 3.8658742e-05 | AO9: 3.8736999e-05 | AP9: 3.8815255e-05 | AQ9: 3.8893512e-05 | AR9: 3.8971768e-05 | AS9: 3.9050025e-05 | AT9: 3.9128281e-05 | AU9: 3.9206538e-05 | AV9: 3.9035529e-05 | AW9: 3.886452e-05 | AX9: 3.8693511e-05 | AY9: 3.8522501e-05 | AZ9: 3.8351492e-05 | BA9: 3.8180483e-05 | BB9: 3.8009474e-05 | BC9: 3.7838465e-05 | BD9: 3.7667456e-05 | BE9: 3.7496447e-05 | BF9: 3.7325438e-05 | BG9: 3.7154429e-05 | BH9: 3.6983419e-05 | BI9: 3.681241e-05 | BJ9: 3.6641401e-05 | BK9: 3.6470392e-05 | BL9: 3.6299383e-05 | BM9: 3.6128374e-05 | BN9: 3.5957365e-05 | BO9: 3.5786356e-05 | BP9: 3.5615347e-05 | BQ9: 3.5444337e-05 | BR9: 3.5273328e-05 | BS9: 3.5102319e-05 | BT9: 3.5102319e-05 | BU9: 3.5102319e-05 | BV9: 3.5102319e-05 | BW9: 3.5102319e-05 | BX9: 3.5102319e-05 | BY9: 3.5102319e-05 | BZ9: 3.5102319e-05 | CA9: 3.5102319e-05 | CB9: 3.5102319e-05 | CC9: 3.5102319e-05 | CD9: 3.5102319e-05 | CE9: 3.5102319e-05 | CF9: 3.5102319e-05 | CG9: 3.5102319e-05 | CH9: 3.5102319e-05 | CI9: 3.5102319e-05 | CJ9: 3.5102319e-05 | CK9: 3.5102319e-05 | CL9: 3.5102319e-05 | CM9: 3.5102319e-05
A10: … | B10: 0 | C10: 0 | D10: 0 | E10: 0 | F10: 0 | G10: 0 | H10: 0 | I10: 0 | J10: 0 | K10: 0 | L10: 0 | M10: 0 | N10: 0 | O10: 0 | P10: 0 | Q10: 0 | R10: 0 | S10: 0 | T10: 0 | U10: 0 | V10: 0 | W10: 0 | X10: 0 | Y10: 0 | Z10: 0 | AA10: 0 | AB10: 0 | AC10: 0 | AD10: 0 | AE10: 0 | AF10: 3.3218425e-05 | AG10: 3.3286776e-05 | AH10: 3.3355126e-05 | AI10: 3.3423477e-05 | AJ10: 3.3491828e-05 | AK10: 3.3560178e-05 | AL10: 3.3628529e-05 | AM10: 3.369688e-05 | AN10: 3.376523e-05 | AO10: 3.3833581e-05 | AP10: 3.3901932e-05 | AQ10: 3.3970282e-05 | AR10: 3.4038633e-05 | AS10: 3.4106984e-05 | AT10: 3.4175334e-05 | AU10: 3.4243685e-05 | AV10: 3.4317206e-05 | AW10: 3.4390727e-05 | AX10: 3.4464248e-05 | AY10: 3.4537768e-05 | AZ10: 3.4611289e-05 | BA10: 3.468481e-05 | BB10: 3.4758331e-05 | BC10: 3.4831852e-05 | BD10: 3.4905373e-05 | BE10: 3.4978894e-05 | BF10: 3.5052414e-05 | BG10: 3.5125935e-05 | BH10: 3.5199456e-05 | BI10: 3.5272977e-05 | BJ10: 3.5346498e-05 | BK10: 3.5420019e-05 | BL10: 3.549354e-05 | BM10: 3.556706e-05 | BN10: 3.5640581e-05 | BO10: 3.5714102e-05 | BP10: 3.5787623e-05 | BQ10: 3.5861144e-05 | BR10: 3.5934665e-05 | BS10: 3.6008186e-05 | BT10: 3.6008186e-05 | BU10: 3.6008186e-05 | BV10: 3.6008186e-05 | BW10: 3.6008186e-05 | BX10: 3.6008186e-05 | BY10: 3.6008186e-05 | BZ10: 3.6008186e-05 | CA10: 3.6008186e-05 | CB10: 3.6008186e-05 | CC10: 3.6008186e-05 | CD10: 3.6008186e-05 | CE10: 3.6008186e-05 | CF10: 3.6008186e-05 | CG10: 3.6008186e-05 | CH10: 3.6008186e-05 | CI10: 3.6008186e-05 | CJ10: 3.6008186e-05 | CK10: 3.6008186e-05 | CL10: 3.6008186e-05 | CM10: 3.6008186e-05
A11: … | B11: 0 | C11: 0 | D11: 0 | E11: 0 | F11: 0 | G11: 0 | H11: 0 | I11: 0 | J11: 0 | K11: 0 | L11: 0 | M11: 0 | N11: 0 | O11: 0 | P11: 0 | Q11: 0 | R11: 0 | S11: 0 | T11: 0 | U11: 0 | V11: 0 | W11: 0 | X11: 0 | Y11: 0 | Z11: 0 | AA11: 0 | AB11: 0 | AC11: 0 | AD11: 0 | AE11: 0 | AF11: 1.6e-05 | AG11: 1.62e-05 | AH11: 1.64e-05 | AI11: 1.66e-05 | AJ11: 1.68e-05 | AK11: 1.7e-05 | AL11: 1.72e-05 | AM11: 1.74e-05 | AN11: 1.76e-05 | AO11: 1.78e-05 | AP11: 1.8e-05 | AQ11: 1.82e-05 | AR11: 1.84e-05 | AS11: 1.86e-05 | AT11: 1.88e-05 | AU11: 1.9e-05 | AV11: 1.9041667e-05 | AW11: 1.9083333e-05 | AX11: 1.9125e-05 | AY11: 1.9166667e-05 | AZ11: 1.9208333e-05 | BA11: 1.925e-05 | BB11: 1.9291667e-05 | BC11: 1.9333333e-05 | BD11: 1.9375e-05 | BE11: 1.9416667e-05 | BF11: 1.9458333e-05 | BG11: 1.95e-05 | BH11: 1.9541667e-05 | BI11: 1.9583333e-05 | BJ11: 1.9625e-05 | BK11: 1.9666667e-05 | BL11: 1.9708333e-05 | BM11: 1.975e-05 | BN11: 1.9791667e-05 | BO11: 1.9833333e-05 | BP11: 1.9875e-05 | BQ11: 1.9916667e-05 | BR11: 1.9958333e-05 | BS11: 2e-05 | BT11: 2.005e-05 | BU11: 2.01e-05 | BV11: 2.015e-05 | BW11: 2.02e-05 | BX11: 2.025e-05 | BY11: 2.03e-05 | BZ11: 2.035e-05 | CA11: 2.04e-05 | CB11: 2.045e-05 | CC11: 2.05e-05 | CD11: 2.055e-05 | CE11: 2.06e-05 | CF11: 2.065e-05 | CG11: 2.07e-05 | CH11: 2.075e-05 | CI11: 2.08e-05 | CJ11: 2.085e-05 | CK11: 2.09e-05 | CL11: 2.095e-05 | CM11: 2.1e-05
A12: … | B12: 0 | C12: 0 | D12: 0 | E12: 0 | F12: 0 | G12: 0 | H12: 0 | I12: 0 | J12: 0 | K12: 0 | L12: 0 | M12: 0 | N12: 0 | O12: 0 | P12: 0 | Q12: 0 | R12: 0 | S12: 0 | T12: 0 | U12: 0 | V12: 0 | W12: 0 | X12: 0 | Y12: 0 | Z12: 0 | AA12: 0 | AB12: 0 | AC12: 0 | AD12: 0 | AE12: 0 | AF12: 3.6e-05 | AG12: 3.5866667e-05 | AH12: 3.5733333e-05 | AI12: 3.56e-05 | AJ12: 3.5466667e-05 | AK12: 3.5333333e-05 | AL12: 3.52e-05 | AM12: 3.5066667e-05 | AN12: 3.4933333e-05 | AO12: 3.48e-05 | AP12: 3.4666667e-05 | AQ12: 3.4533333e-05 | AR12: 3.44e-05 | AS12: 3.4266667e-05 | AT12: 3.4133333e-05 | AU12: 3.4e-05 | AV12: 3.3958333e-05 | AW12: 3.3916667e-05 | AX12: 3.3875e-05 | AY12: 3.3833333e-05 | AZ12: 3.3791667e-05 | BA12: 3.375e-05 | BB12: 3.3708333e-05 | BC12: 3.3666667e-05 | BD12: 3.3625e-05 | BE12: 3.3583333e-05 | BF12: 3.3541667e-05 | BG12: 3.35e-05 | BH12: 3.3458333e-05 | BI12: 3.3416667e-05 | BJ12: 3.3375e-05 | BK12: 3.3333333e-05 | BL12: 3.3291667e-05 | BM12: 3.325e-05 | BN12: 3.3208333e-05 | BO12: 3.3166667e-05 | BP12: 3.3125e-05 | BQ12: 3.3083333e-05 | BR12: 3.3041667e-05 | BS12: 3.3e-05 | BT12: 3.3e-05 | BU12: 3.3e-05 | BV12: 3.3e-05 | BW12: 3.3e-05 | BX12: 3.3e-05 | BY12: 3.3e-05 | BZ12: 3.3e-05 | CA12: 3.3e-05 | CB12: 3.3e-05 | CC12: 3.3e-05 | CD12: 3.3e-05 | CE12: 3.3e-05 | CF12: 3.3e-05 | CG12: 3.3e-05 | CH12: 3.3e-05 | CI12: 3.3e-05 | CJ12: 3.3e-05 | CK12: 3.3e-05 | CL12: 3.3e-05 | CM12: 3.3e-05
A14: USA.Per_capita_VFN_demand_Scenario | B14: 0 | C14: 0 | D14: 0 | E14: 0 | F14: 0 | G14: 0 | H14: 0 | I14: 0 | J14: 0 | K14: 0 | L14: 0 | M14: 0 | N14: 0 | O14: 0 | P14: 0 | Q14: 0 | R14: 0 | S14: 0 | T14: 0 | U14: 0 | V14: 0 | W14: 0 | X14: 0 | Y14: 0 | Z14: 0 | AA14: 0 | AB14: 0 | AC14: 0 | AD14: 0 | AE14: 0 | AF14: 8.09e-05 | AG14: 8.0833333e-05 | AH14: 8.0766667e-05 | AI14: 8.07e-05 | AJ14: 8.0633333e-05 | AK14: 8.0566667e-05 | AL14: 8.05e-05 | AM14: 8.0433333e-05 | AN14: 8.0366667e-05 | AO14: 8.03e-05 | AP14: 8.0233333e-05 | AQ14: 8.0166667e-05 | AR14: 8.01e-05 | AS14: 8.0033333e-05 | AT14: 7.9966667e-05 | AU14: 7.99e-05 | AV14: 7.9790909e-05 | AW14: 7.9681818e-05 | AX14: 7.9572727e-05 | AY14: 7.9463636e-05 | AZ14: 7.9354545e-05 | BA14: 7.9245455e-05 | BB14: 7.9136364e-05 | BC14: 7.9027273e-05 | BD14: 7.8918182e-05 | BE14: 7.8809091e-05 | BF14: 7.87e-05 | BG14: 7.8590909e-05 | BH14: 7.8481818e-05 | BI14: 7.8372727e-05 | BJ14: 7.8263636e-05 | BK14: 7.8154545e-05 | BL14: 7.8045455e-05 | BM14: 7.7936364e-05 | BN14: 7.7827273e-05 | BO14: 7.7718182e-05 | BP14: 7.7609091e-05 | BQ14: 7.75e-05 | BR14: 7.7390909e-05 | BS14: 7.6e-05 | BT14: 7.5955e-05 | BU14: 7.591e-05 | BV14: 7.5865e-05 | BW14: 7.582e-05 | BX14: 7.5775e-05 | BY14: 7.573e-05 | BZ14: 7.5685e-05 | CA14: 7.564e-05 | CB14: 7.5595e-05 | CC14: 7.555e-05 | CD14: 7.5505e-05 | CE14: 7.546e-05 | CF14: 7.5415e-05 | CG14: 7.537e-05 | CH14: 7.5325e-05 | CI14: 7.528e-05 | CJ14: 7.5235e-05 | CK14: 7.519e-05 | CL14: 7.5145e-05 | CM14: 7.51e-05
A16: EU27.per_capita_animal_product_demand_scenario | B16: 0 | C16: 0 | D16: 0 | E16: 0 | F16: 0 | G16: 0 | H16: 0 | I16: 0 | J16: 0 | K16: 0 | L16: 0 | M16: 0 | N16: 0 | O16: 0 | P16: 0 | Q16: 0 | R16: 0 | S16: 0 | T16: 0 | U16: 0 | V16: 0 | W16: 0 | X16: 0 | Y16: 0 | Z16: 0 | AA16: 0 | AB16: 0 | AC16: 0 | AD16: 0 | AE16: 0 | AF16: 2.6047124e-05 | AG16: 2.5931821e-05 | AH16: 2.5817027e-05 | AI16: 2.5702742e-05 | AJ16: 2.5588963e-05 | AK16: 2.5475688e-05 | AL16: 2.5362914e-05 | AM16: 2.5250639e-05 | AN16: 2.5138861e-05 | AO16: 2.5027578e-05 | AP16: 2.4916788e-05 | AQ16: 2.4806488e-05 | AR16: 2.4696676e-05 | AS16: 2.458735e-05 | AT16: 2.4478509e-05 | AU16: 2.4370149e-05 | AV16: 2.4378852e-05 | AW16: 2.4387559e-05 | AX16: 2.4396268e-05 | AY16: 2.4404981e-05 | AZ16: 2.4413697e-05 | BA16: 2.4422416e-05 | BB16: 2.4431138e-05 | BC16: 2.4439863e-05 | BD16: 2.4448591e-05 | BE16: 2.4457323e-05 | BF16: 2.4466057e-05 | BG16: 2.4474795e-05 | BH16: 2.4483535e-05 | BI16: 2.4492279e-05 | BJ16: 2.4501026e-05 | BK16: 2.4509776e-05 | BL16: 2.451853e-05 | BM16: 2.4527286e-05 | BN16: 2.4536045e-05 | BO16: 2.4544808e-05 | BP16: 2.4553574e-05 | BQ16: 2.4562343e-05 | BR16: 2.4571115e-05 | BS16: 2.457989e-05 | BT16: 2.4588668e-05 | BU16: 2.4597449e-05 | BV16: 2.4606234e-05 | BW16: 2.4615022e-05 | BX16: 2.4623812e-05 | BY16: 2.4632606e-05 | BZ16: 2.4641404e-05 | CA16: 2.4650204e-05 | CB16: 2.4659007e-05 | CC16: 2.4667814e-05 | CD16: 2.4676623e-05 | CE16: 2.4685436e-05 | CF16: 2.4694252e-05 | CG16: 2.4703071e-05 | CH16: 2.4711893e-05 | CI16: 2.4720719e-05 | CJ16: 2.4729547e-05 | CK16: 2.4738379e-05 | CL16: 2.4747214e-05 | CM16: 2.4756052e-05
... A551: Oceania.potential forage crop yield | B551: 0 | C551: 0 | D551: 0 | E551: 0 | F551: 0 | G551: 0 | H551: 0 | I551: 0 | J551: 0 | K551: 0 | L551: 0 | M551: 0 | N551: 0 | O551: 0 | P551: 0 | Q551: 0 | R551: 0 | S551: 0 | T551: 0 | U551: 0 | V551: 0 | W551: 0 | X551: 0 | Y551: 0 | Z551: 0 | AA551: 0 | AB551: 0 | AC551: 0 | AD551: 0 | AE551: 0 | AF551: 0.00086618671 | AG551: 0.00087332066 | AH551: 0.0008804546 | AI551: 0.00088758854 | AJ551: 0.00089472249 | AK551: 0.00090185643 | AL551: 0.00090899038 | AM551: 0.00091612432 | AN551: 0.00092325827 | AO551: 0.00093039221 | AP551: 0.00093752615 | AQ551: 0.0009446601 | AR551: 0.00095179404 | AS551: 0.00095892799 | AT551: 0.00096606193 | AU551: 0.00097319588 | AV551: 0.00099072165 | AW551: 0.0010082474 | AX551: 0.0010257732 | AY551: 0.001043299 | AZ551: 0.0010608247 | BA551: 0.0010783505 | BB551: 0.0010958763 | BC551: 0.0011134021 | BD551: 0.0011309278 | BE551: 0.0011484536 | BF551: 0.0011659794 | BG551: 0.0011835052 | BH551: 0.0012010309 | BI551: 0.0012185567 | BJ551: 0.0012360825 | BK551: 0.0012536082 | BL551: 0.001271134 | BM551: 0.0012886598 | BN551: 0.0013061856 | BO551: 0.0013237113 | BP551: 0.0013412371 | BQ551: 0.0013587629 | BR551: 0.0013762887 | BS551: 0.0013938144 | BT551: 0.0014113402 | BU551: 0.001428866 | BV551: 0.0014463918 | BW551: 0.0014639175 | BX551: 0.0014814433 | BY551: 0.0014989691 | BZ551: 0.0015164948 | CA551: 0.0015340206 | CB551: 0.0015515464 | CC551: 0.0015690722 | CD551: 0.0015865979 | CE551: 0.0016041237 | CF551: 0.0016216495 | CG551: 0.0016391753 | CH551: 0.001656701 | CI551: 0.0016742268 | CJ551: 0.0016917526 | CK551: 0.0017092784 | CL551: 0.0017268041 | CM551: 0.0017443299
A553: USA.Crop Land Alloc to Cellulosic Energy Crop | B553: ='WAO Scenario Ag'!B23 -> 0 | C553: ='WAO Scenario Ag'!C23 -> 0 | D553: ='WAO Scenario Ag'!D23 -> 0 | E553: ='WAO Scenario Ag'!E23 -> 0 | F553: ='WAO Scenario Ag'!F23 -> 0 | G553: ='WAO Scenario Ag'!G23 -> 0 | H553: ='WAO Scenario Ag'!H23 -> 0 | I553: ='WAO Scenario Ag'!I23 -> 0 | ... AE553: ='WAO Scenario Ag'!AE23 -> 0 | AF553: 264298.13 | AG553: 520633.93 | AH553: 769361.87 | AI553: 1010815.7 | AJ553: 1245309.9 | AK553: 1473141.1 | AL553: 1694589.3 | AM553: 1909919.1 | AN553: 2119380.6 | AO553: 2323210.4 | AP553: 2528030.7 | AQ553: 3025243.2 | AR553: 3914439.4 | AS553: 4710896.4 | AT553: 5525197 | AU553: 7231647.8 | AV553: 10062408 | AW553: 13916648 | AX553: 14989750 | AY553: 16052595 | AZ553: 17105346 | BA553: 18148159 | BB553: 19181186 | BC553: 20204578 | BD553: 21218479 | BE553: 22223033 | BF553: 23218379 | BG553: 24204653 | BH553: 25181987 | BI553: 25064613 | BJ553: 24948435 | BK553: 24833433 | BL553: 24719587 | BM553: 24606877 | BN553: 24495283 | BO553: 24384788 | BP553: 24275373 | BQ553: 24167021 | BR553: 24059713 | BS553: 23953434 | BT553: 23848166 | BU553: 23743894 | BV553: 23640602 | BW553: 23538275 | BX553: 23436897 | BY553: 23336455 | BZ553: 23236934 | CA553: 23138319 | CB553: 23040598 | CC553: 22943757 | CD553: 22847784 | CE553: 22752664 | CF553: 22658386 | CG553: 22564938 | CH553: 22472307 | CI553: 22380482 | CJ553: 22289452 | CK553: 22199206 | CL553: 22109732 | CM553: 22021019
A555: ROW.Crop Land Alloc to Cellulosic Energy Crop | B555: ='WAO Scenario Ag'!B24 -> 0 | C555: ='WAO Scenario Ag'!C24 -> 0 | D555: ='WAO Scenario Ag'!D24 -> 0 | E555: ='WAO Scenario Ag'!E24 -> 0 | F555: ='WAO Scenario Ag'!F24 -> 0 | G555: ='WAO Scenario Ag'!G24 -> 0 | H555: ='WAO Scenario Ag'!H24 -> 0 | I555: ='WAO Scenario Ag'!I24 -> 0 | ... AE555: ='WAO Scenario Ag'!AE24 -> 0 | AF555: 777759.75 | AG555: 1533792.2 | AH555: 2269044.3 | AI555: 2984406.7 | AJ555: 3680718.1 | AK555: 4358769 | AL555: 5019305.1 | AM555: 5663030.8 | AN555: 6290611.7 | AO555: 6902677.8 | AP555: 7508541.5 | AQ555: 8605931.5 | AR555: 10082152 | AS555: 10285870 | AT555: 12902611 | AU555: 17390372 | AV555: 22066463 | AW555: 30990902 | AX555: 35552080 | AY555: 40030397 | AZ555: 44428125 | BA555: 48747457 | BB555: 52990502 | BC555: 57159297 | BD555: 61255802 | BE555: 65281912 | BF555: 69239453 | BG555: 73130189 | BH555: 76955815 | BI555: 76318164 | BJ555: 75691156 | BK555: 75074522 | BL555: 74468004 | BM555: 73871353 | BN555: 73284328 | BO555: 72706695 | BP555: 72138229 | BQ555: 71578710 | BR555: 71027928 | BS555: 70485676 | BT555: 69951757 | BU555: 69425978 | BV555: 68908153 | BW555: 68398100 | BX555: 67895645 | BY555: 67400618 | BZ555: 66912853 | CA555: 66432191 | CB555: 65958476 | CC555: 65491558 | CD555: 65031289 | CE555: 64577528 | CF555: 64130137 | CG555: 63688981 | CH555: 63253930 | CI555: 62824857 | CJ555: 62401638 | CK555: 61984154 | CL555: 61572288 | CM555: 61165926
A557: USA.population_scenario | B557: 0 | C557: 0 | D557: 0 | E557: 0 | F557: 0 | G557: 0 | H557: 0 | I557: 0 | J557: 0 | K557: 0 | L557: 0 | M557: 0 | N557: 0 | O557: 0 | P557: 0 | Q557: 0 | R557: 0 | S557: 0 | T557: 0 | U557: 0 | V557: 0 | W557: 0 | X557: 0 | Y557: 0 | Z557: 0 | AA557: 0 | AB557: 0 | AC557: 0 | AD557: 0 | AE557: 0 | AF557: 2.2899816e+08 | AG557: 2.3305863e+08 | AH557: 2.3706164e+08 | AI557: 2.4101808e+08 | AJ557: 2.4493668e+08 | AK557: 2.4881632e+08 | AL557: 2.5265408e+08 | AM557: 2.5646195e+08 | AN557: 2.6025608e+08 | AO557: 2.6404815e+08 | AP557: 2.6784313e+08 | AQ557: 2.7164009e+08 | AR557: 2.7543902e+08 | AS557: 2.7923853e+08 | AT557: 2.8303633e+08 | AU557: 2.8683147e+08 | AV557: 2.906253e+08 | AW557: 2.9441962e+08 | AX557: 2.9821625e+08 | AY557: 3.0201472e+08 | AZ557: 3.0581502e+08 | BA557: 3.0961117e+08 | BB557: 3.1339488e+08 | BC557: 3.1715458e+08 | BD557: 3.2088055e+08 | BE557: 3.2456898e+08 | BF557: 3.2821563e+08 | BG557: 3.3181346e+08 | BH557: 3.353545e+08 | BI557: 3.3883073e+08 | BJ557: 3.4224016e+08 | BK557: 3.4557987e+08 | BL557: 3.4884784e+08 | BM557: 3.5204531e+08 | BN557: 3.5517122e+08 | BO557: 3.5822451e+08 | BP557: 3.6120502e+08 | BQ557: 3.641145e+08 | BR557: 3.6695562e+08 | BS557: 3.6973059e+08 | BT557: 3.724393e+08 | BU557: 3.7508354e+08 | BV557: 3.7766506e+08 | BW557: 3.8018938e+08 | BX557: 3.8265878e+08 | BY557: 3.8507504e+08 | BZ557: 3.8743532e+08 | CA557: 3.8973813e+08 | CB557: 3.9197967e+08 | CC557: 3.9415705e+08 | CD557: 3.9626647e+08 | CE557: 3.9830831e+08 | CF557: 4.0027921e+08 | CG557: 4.0217911e+08 | CH557: 4.0400604e+08 | CI557: 4.0575619e+08 | CJ557: 4.0742571e+08 | CK557: 4.0900981e+08 | CL557: 4.1050277e+08 | CM557: 4.1189649e+08
A559: EU27.population_scenario | B559: 0 | C559: 0 | D559: 0 | E559: 0 | F559: 0 | G559: 0 | H559: 0 | I559: 0 | J559: 0 | K559: 0 | L559: 0 | M559: 0 | N559: 0 | O559: 0 | P559: 0 | Q559: 0 | R559: 0 | S559: 0 | T559: 0 | U559: 0 | V559: 0 | W559: 0 | X559: 0 | Y559: 0 | Z559: 0 | AA559: 0 | AB559: 0 | AC559: 0 | AD559: 0 | AE559: 0 | AF559: 4.3451721e+08 | AG559: 4.376781e+08 | AH559: 4.4071066e+08 | AI559: 4.4363905e+08 | AJ559: 4.4648247e+08 | AK559: 4.4924154e+08 | AL559: 4.5191361e+08 | AM559: 4.5452249e+08 | AN559: 4.5709835e+08 | AO559: 4.5966258e+08 | AP559: 4.6222412e+08 | AQ559: 4.6478158e+08 | AR559: 4.6733514e+08 | AS559: 4.6988265e+08 | AT559: 4.7242053e+08 | AU559: 4.7494753e+08 | AV559: 4.7746621e+08 | AW559: 4.7997978e+08 | AX559: 4.8249138e+08 | AY559: 4.8500036e+08 | AZ559: 4.8750685e+08 | BA559: 4.9000151e+08 | BB559: 4.9247161e+08 | BC559: 4.9489971e+08 | BD559: 4.9727164e+08 | BE559: 4.9958276e+08 | BF559: 5.0182781e+08 | BG559: 5.0399745e+08 | BH559: 5.060811e+08 | BI559: 5.0806842e+08 | BJ559: 5.0995823e+08 | BK559: 5.1174798e+08 | BL559: 5.134365e+08 | BM559: 5.1502739e+08 | BN559: 5.1652076e+08 | BO559: 5.1791669e+08 | BP559: 5.1921659e+08 | BQ559: 5.2042445e+08 | BR559: 5.2154551e+08 | BS559: 5.2258421e+08 | BT559: 5.2354162e+08 | BU559: 5.2442139e+08 | BV559: 5.2522705e+08 | BW559: 5.2596727e+08 | BX559: 5.2664599e+08 | BY559: 5.2726647e+08 | BZ559: 5.2782552e+08 | CA559: 5.2832188e+08 | CB559: 5.2875116e+08 | CC559: 5.2911029e+08 | CD559: 5.2939499e+08 | CE559: 5.2960665e+08 | CF559: 5.2974166e+08 | CG559: 5.2980078e+08 | CH559: 5.2978229e+08 | CI559: 5.2968203e+08 | CJ559: 5.294959e+08 | CK559: 5.2921862e+08 | CL559: 5.2884378e+08 | CM559: 5.2836203e+08
A561: BRAZIL.population_scenario | B561: 0 | C561: 0 | D561: 0 | E561: 0 | F561: 0 | G561: 0 | H561: 0 | I561: 0 | J561: 0 | K561: 0 | L561: 0 | M561: 0 | N561: 0 | O561: 0 | P561: 0 | Q561: 0 | R561: 0 | S561: 0 | T561: 0 | U561: 0 | V561: 0 | W561: 0 | X561: 0 | Y561: 0 | Z561: 0 | AA561: 0 | AB561: 0 | AC561: 0 | AD561: 0 | AE561: 0 | AF561: 1.3801566e+08 | AG561: 1.4097145e+08 | AH561: 1.4389476e+08 | AI561: 1.4679178e+08 | AJ561: 1.4966746e+08 | AK561: 1.5252082e+08 | AL561: 1.5534979e+08 | AM561: 1.5816148e+08 | AN561: 1.6096565e+08 | AO561: 1.6376945e+08 | AP561: 1.6657593e+08 | AQ561: 1.6938447e+08 | AR561: 1.7219505e+08 | AS561: 1.7500679e+08 | AT561: 1.7781821e+08 | AU561: 1.8062868e+08 | AV561: 1.8343901e+08 | AW561: 1.8625031e+08 | AX561: 1.8906372e+08 | AY561: 1.9187892e+08 | AZ561: 1.9469589e+08 | BA561: 1.975108e+08 | BB561: 2.0031832e+08 | BC561: 2.0311098e+08 | BD561: 2.0588242e+08 | BE561: 2.0863008e+08 | BF561: 2.1135108e+08 | BG561: 2.1404072e+08 | BH561: 2.166937e+08 | BI561: 2.1930464e+08 | BJ561: 2.2187205e+08 | BK561: 2.2439383e+08 | BL561: 2.2686846e+08 | BM561: 2.2929657e+08 | BN561: 2.3167726e+08 | BO561: 2.3400966e+08 | BP561: 2.3629349e+08 | BQ561: 2.3852973e+08 | BR561: 2.4071997e+08 | BS561: 2.4286551e+08 | BT561: 2.4496614e+08 | BU561: 2.4702291e+08 | BV561: 2.4903686e+08 | BW561: 2.5101151e+08 | BX561: 2.5294828e+08 | BY561: 2.5484826e+08 | BZ561: 2.5670947e+08 | CA561: 2.5853087e+08 | CB561: 2.6030984e+08 | CC561: 2.6204436e+08 | CD561: 2.6373182e+08 | CE561: 2.6537237e+08 | CF561: 2.6696369e+08 | CG561: 2.6850562e+08 | CH561: 2.6999677e+08 | CI561: 2.7143449e+08 | CJ561: 2.7281609e+08 | CK561: 2.7413829e+08 | CL561: 2.7539711e+08 | CM561: 2.7658701e+08
A563: CAN.population_scenario | B563: 0 | C563: 0 | D563: 0 | E563: 0 | F563: 0 | G563: 0 | H563: 0 | I563: 0 | J563: 0 | K563: 0 | L563: 0 | M563: 0 | N563: 0 | O563: 0 | P563: 0 | Q563: 0 | R563: 0 | S563: 0 | T563: 0 | U563: 0 | V563: 0 | W563: 0 | X563: 0 | Y563: 0 | Z563: 0 | AA563: 0 | AB563: 0 | AC563: 0 | AD563: 0 | AE563: 0 | AF563: 26993343 | AG563: 27312827 | AH563: 27624862 | AI563: 27930854 | AJ563: 28231924 | AK563: 28528036 | AL563: 28818948 | AM563: 29106110 | AN563: 29391409 | AO563: 29676194 | AP563: 29961036 | AQ563: 30245836 | AR563: 30530600 | AS563: 30815183 | AT563: 31099340 | AU563: 31382979 | AV563: 31666260 | AW563: 31949387 | AX563: 32232563 | AY563: 32515743 | AZ563: 32798930 | BA563: 33081488 | BB563: 33362546 | BC563: 33640900 | BD563: 33915551 | BE563: 34186143 | BF563: 34452273 | BG563: 34713250 | BH563: 34968296 | BI563: 35216636 | BJ563: 35458126 | BK563: 35692526 | BL563: 35919693 | BM563: 36139815 | BN563: 36352842 | BO563: 36558722 | BP563: 36757497 | BQ563: 36949396 | BR563: 37134740 | BS563: 37313798 | BT563: 37486602 | BU563: 37653371 | BV563: 37814321 | BW563: 37970037 | BX563: 38120776 | BY563: 38266742 | BZ563: 38407678 | CA563: 38543464 | CB563: 38673750 | CC563: 38798281 | CD563: 38916709 | CE563: 39029105 | CF563: 39135169 | CG563: 39234924 | CH563: 39328210 | CI563: 39414683 | CJ563: 39494003 | CK563: 39565739 | CL563: 39629372 | CM563: 39684157
A565: JAPAN.population_scenario | B565: 0 | C565: 0 | D565: 0 | E565: 0 | F565: 0 | G565: 0 | H565: 0 | I565: 0 | J565: 0 | K565: 0 | L565: 0 | M565: 0 | N565: 0 | O565: 0 | P565: 0 | Q565: 0 | R565: 0 | S565: 0 | T565: 0 | U565: 0 | V565: 0 | W565: 0 | X565: 0 | Y565: 0 | Z565: 0 | AA565: 0 | AB565: 0 | AC565: 0 | AD565: 0 | AE565: 0 | AF565: 1.1822141e+08 | AG565: 1.1866798e+08 | AH565: 1.1907788e+08 | AI565: 1.1945799e+08 | AJ565: 1.1981379e+08 | AK565: 1.201457e+08 | AL565: 1.2045325e+08 | AM565: 1.2074301e+08 | AN565: 1.2102317e+08 | AO565: 1.2129945e+08 | AP565: 1.2157425e+08 | AQ565: 1.2184723e+08 | AR565: 1.2211846e+08 | AS565: 1.2238739e+08 | AT565: 1.2265311e+08 | AU565: 1.2291535e+08 | AV565: 1.2317479e+08 | AW565: 1.234323e+08 | AX565: 1.2368868e+08 | AY565: 1.239438e+08 | AZ565: 1.241977e+08 | BA565: 1.2444802e+08 | BB565: 1.2469157e+08 | BC565: 1.2492402e+08 | BD565: 1.251419e+08 | BE565: 1.2534418e+08 | BF565: 1.2552969e+08 | BG565: 1.2569624e+08 | BH565: 1.2584139e+08 | BI565: 1.2596274e+08 | BJ565: 1.2606023e+08 | BK565: 1.2613343e+08 | BL565: 1.2618226e+08 | BM565: 1.2620782e+08 | BN565: 1.2621032e+08 | BO565: 1.2618999e+08 | BP565: 1.2614735e+08 | BQ565: 1.2608356e+08 | BR565: 1.2600006e+08 | BS565: 1.2589808e+08 | BT565: 1.2577803e+08 | BU565: 1.2564091e+08 | BV565: 1.2548773e+08 | BW565: 1.2532065e+08 | BX565: 1.2514073e+08 | BY565: 1.2494884e+08 | BZ565: 1.2474431e+08 | CA565: 1.2452694e+08 | CB565: 1.242958e+08 | CC565: 1.2405026e+08 | CD565: 1.2378944e+08 | CE565: 1.2351376e+08 | CF565: 1.2322251e+08 | CG565: 1.2291596e+08 | CH565: 1.2259383e+08 | CI565: 1.2225526e+08 | CJ565: 1.2189945e+08 | CK565: 1.2152528e+08 | CL565: 1.2113143e+08 | CM565: 1.207159e+08
A567: CHIHKG.population_scenario | B567: 0 | C567: 0 | D567: 0 | E567: 0 | F567: 0 | G567: 0 | H567: 0 | I567: 0 | J567: 0 | K567: 0 | L567: 0 | M567: 0 | N567: 0 | O567: 0 | P567: 0 | Q567: 0 | R567: 0 | S567: 0 | T567: 0 | U567: 0 | V567: 0 | W567: 0 | X567: 0 | Y567: 0 | Z567: 0 | AA567: 0 | AB567: 0 | AC567: 0 | AD567: 0 | AE567: 0 | AF567: 1.1397091e+09 | AG567: 1.1493517e+09 | AH567: 1.1586634e+09 | AI567: 1.1677066e+09 | AJ567: 1.1765309e+09 | AK567: 1.185137e+09 | AL567: 1.1935172e+09 | AM567: 1.2017335e+09 | AN567: 1.2098653e+09 | AO567: 1.2179689e+09 | AP567: 1.2260679e+09 | AQ567: 1.2341585e+09 | AR567: 1.2422411e+09 | AS567: 1.2503101e+09 | AT567: 1.2583556e+09 | AU567: 1.2663744e+09 | AV567: 1.274373e+09 | AW567: 1.2823601e+09 | AX567: 1.2903439e+09 | AY567: 1.2983226e+09 | AZ567: 1.3062966e+09 | BA567: 1.3142407e+09 | BB567: 1.3221206e+09 | BC567: 1.3298894e+09 | BD567: 1.3375085e+09 | BE567: 1.344965e+09 | BF567: 1.3522443e+09 | BG567: 1.3593206e+09 | BH567: 1.366165e+09 | BI567: 1.3727487e+09 | BJ567: 1.379068e+09 | BK567: 1.3851152e+09 | BL567: 1.3908866e+09 | BM567: 1.3963911e+09 | BN567: 1.4016284e+09 | BO567: 1.4065982e+09 | BP567: 1.4113035e+09 | BQ567: 1.4157547e+09 | BR567: 1.4199655e+09 | BS567: 1.4239474e+09 | BT567: 1.4277029e+09 | BU567: 1.4312415e+09 | BV567: 1.4345723e+09 | BW567: 1.4377186e+09 | BX567: 1.4406909e+09 | BY567: 1.4434978e+09 | BZ567: 1.4461302e+09 | CA567: 1.4485845e+09 | CB567: 1.4508481e+09 | CC567: 1.4529124e+09 | CD567: 1.4547652e+09 | CE567: 1.4564101e+09 | CF567: 1.4578366e+09 | CG567: 1.4590466e+09 | CH567: 1.4600349e+09 | CI567: 1.4607898e+09 | CJ567: 1.4612994e+09 | CK567: 1.4615489e+09 | CL567: 1.46152e+09 | CM567: 1.4611865e+09
A569: INDIA.population_scenario | B569: 0 | C569: 0 | D569: 0 | E569: 0 | F569: 0 | G569: 0 | H569: 0 | I569: 0 | J569: 0 | K569: 0 | L569: 0 | M569: 0 | N569: 0 | O569: 0 | P569: 0 | Q569: 0 | R569: 0 | S569: 0 | T569: 0 | U569: 0 | V569: 0 | W569: 0 | X569: 0 | Y569: 0 | Z569: 0 | AA569: 0 | AB569: 0 | AC569: 0 | AD569: 0 | AE569: 0 | AF569: 8.4726203e+08 | AG569: 8.6258212e+08 | AH569: 8.7769085e+08 | AI569: 8.926283e+08 | AJ569: 9.0742661e+08 | AK569: 9.2208145e+08 | AL569: 9.3658185e+08 | AM569: 9.5097209e+08 | AN569: 9.6531191e+08 | AO569: 9.7964465e+08 | AP569: 9.9398867e+08 | AQ569: 1.0083405e+09 | AR569: 1.0227002e+09 | AS569: 1.0370625e+09 | AT569: 1.0514188e+09 | AU569: 1.0657657e+09 | AV569: 1.0801081e+09 | AW569: 1.0944528e+09 | AX569: 1.1088064e+09 | AY569: 1.1231672e+09 | AZ569: 1.1375352e+09 | BA569: 1.151888e+09 | BB569: 1.1661949e+09 | BC569: 1.1804128e+09 | BD569: 1.1945053e+09 | BE569: 1.2084583e+09 | BF569: 1.2222558e+09 | BG569: 1.2358716e+09 | BH569: 1.2492758e+09 | BI569: 1.2624385e+09 | BJ569: 1.2753521e+09 | BK569: 1.2880057e+09 | BL569: 1.3003915e+09 | BM569: 1.3125142e+09 | BN569: 1.3243696e+09 | BO569: 1.3359537e+09 | BP569: 1.3472658e+09 | BQ569: 1.3583122e+09 | BR569: 1.369103e+09 | BS569: 1.3796461e+09 | BT569: 1.3899413e+09 | BU569: 1.3999949e+09 | BV569: 1.4098136e+09 | BW569: 1.4194178e+09 | BX569: 1.4288161e+09 | BY569: 1.4380149e+09 | BZ569: 1.4470037e+09 | CA569: 1.4557769e+09 | CB569: 1.4643201e+09 | CC569: 1.4726226e+09 | CD569: 1.4806701e+09 | CE569: 1.4884639e+09 | CF569: 1.4959915e+09 | CG569: 1.5032525e+09 | CH569: 1.5102397e+09 | CI569: 1.5169385e+09 | CJ569: 1.5233346e+09 | CK569: 1.5294101e+09 | CL569: 1.5351434e+09 | CM569: 1.5405042e+09
A571: C_C_Amer.population_scenario | B571: 0 | C571: 0 | D571: 0 | E571: 0 | F571: 0 | G571: 0 | H571: 0 | I571: 0 | J571: 0 | K571: 0 | L571: 0 | M571: 0 | N571: 0 | O571: 0 | P571: 0 | Q571: 0 | R571: 0 | S571: 0 | T571: 0 | U571: 0 | V571: 0 | W571: 0 | X571: 0 | Y571: 0 | Z571: 0 | AA571: 0 | AB571: 0 | AC571: 0 | AD571: 0 | AE571: 0 | AF571: 1.5312211e+08 | AG571: 1.5485071e+08 | AH571: 1.565367e+08 | AI571: 1.5818812e+08 | AJ571: 1.5981137e+08 | AK571: 1.6140631e+08 | AL571: 1.6297162e+08 | AM571: 1.6451553e+08 | AN571: 1.6604874e+08 | AO571: 1.675789e+08 | AP571: 1.6910922e+08 | AQ571: 1.7063917e+08 | AR571: 1.7216877e+08 | AS571: 1.7369721e+08 | AT571: 1.7522312e+08 | AU571: 1.7674599e+08 | AV571: 1.7826671e+08 | AW571: 1.7978645e+08 | AX571: 1.8130635e+08 | AY571: 1.8282616e+08 | AZ571: 1.843459e+08 | BA571: 1.85862e+08 | BB571: 1.8736958e+08 | BC571: 1.8886188e+08 | BD571: 1.9033332e+08 | BE571: 1.9178192e+08 | BF571: 1.9320546e+08 | BG571: 1.9460008e+08 | BH571: 1.9596146e+08 | BI571: 1.9728529e+08 | BJ571: 1.9857081e+08 | BK571: 1.998167e+08 | BL571: 2.010222e+08 | BM571: 2.021884e+08 | BN571: 2.0331506e+08 | BO571: 2.0440192e+08 | BP571: 2.0544926e+08 | BQ571: 2.0645837e+08 | BR571: 2.0743109e+08 | BS571: 2.0836896e+08 | BT571: 2.0927216e+08 | BU571: 2.1014195e+08 | BV571: 2.1097956e+08 | BW571: 2.1178828e+08 | BX571: 2.1256954e+08 | BY571: 2.1332452e+08 | BZ571: 2.1405179e+08 | CA571: 2.147507e+08 | CB571: 2.1541932e+08 | CC571: 2.1605623e+08 | CD571: 2.1665954e+08 | CE571: 2.1722965e+08 | CF571: 2.177649e+08 | CG571: 2.1826545e+08 | CH571: 2.1873042e+08 | CI571: 2.1915793e+08 | CJ571: 2.1954609e+08 | CK571: 2.1989254e+08 | CL571: 2.2019441e+08 | CM571: 2.204476e+08
A573: S_o_Amer.population_scenario | B573: 0 | C573: 0 | D573: 0 | E573: 0 | F573: 0 | G573: 0 | H573: 0 | I573: 0 | J573: 0 | K573: 0 | L573: 0 | M573: 0 | N573: 0 | O573: 0 | P573: 0 | Q573: 0 | R573: 0 | S573: 0 | T573: 0 | U573: 0 | V573: 0 | W573: 0 | X573: 0 | Y573: 0 | Z573: 0 | AA573: 0 | AB573: 0 | AC573: 0 | AD573: 0 | AE573: 0 | AF573: 1.524707e+08 | AG573: 1.5448275e+08 | AH573: 1.564536e+08 | AI573: 1.5839104e+08 | AJ573: 1.6030128e+08 | AK573: 1.62184e+08 | AL573: 1.6403768e+08 | AM573: 1.6587047e+08 | AN573: 1.6769306e+08 | AO573: 1.6951311e+08 | AP573: 1.7133384e+08 | AQ573: 1.731547e+08 | AR573: 1.749757e+08 | AS573: 1.76796e+08 | AT573: 1.786142e+08 | AU573: 1.8042973e+08 | AV573: 1.8224351e+08 | AW573: 1.8405669e+08 | AX573: 1.8587044e+08 | AY573: 1.8768449e+08 | AZ573: 1.8949885e+08 | BA573: 1.9130985e+08 | BB573: 1.9311241e+08 | BC573: 1.9489953e+08 | BD573: 1.9666539e+08 | BE573: 1.9840783e+08 | BF573: 2.0012447e+08 | BG573: 2.0181123e+08 | BH573: 2.0346348e+08 | BI573: 2.0507664e+08 | BJ573: 2.0664977e+08 | BK573: 2.0818139e+08 | BL573: 2.0967055e+08 | BM573: 2.1111827e+08 | BN573: 2.1252417e+08 | BO573: 2.1388786e+08 | BP573: 2.1520949e+08 | BQ573: 2.1649034e+08 | BR573: 2.1773219e+08 | BS573: 2.1893657e+08 | BT573: 2.2010361e+08 | BU573: 2.2123451e+08 | BV573: 2.2233048e+08 | BW573: 2.2339494e+08 | BX573: 2.2442932e+08 | BY573: 2.2543481e+08 | BZ573: 2.2640983e+08 | CA573: 2.2735365e+08 | CB573: 2.2826416e+08 | CC573: 2.291398e+08 | CD573: 2.2997849e+08 | CE573: 2.3078058e+08 | CF573: 2.3154426e+08 | CG573: 2.3226961e+08 | CH573: 2.3295565e+08 | CI573: 2.3360029e+08 | CJ573: 2.3420146e+08 | CK573: 2.3475656e+08 | CL573: 2.3526244e+08 | CM573: 2.3571463e+08
A575: E_Asia.population_scenario | B575: 0 | C575: 0 | D575: 0 | E575: 0 | F575: 0 | G575: 0 | H575: 0 | I575: 0 | J575: 0 | K575: 0 | L575: 0 | M575: 0 | N575: 0 | O575: 0 | P575: 0 | Q575: 0 | R575: 0 | S575: 0 | T575: 0 | U575: 0 | V575: 0 | W575: 0 | X575: 0 | Y575: 0 | Z575: 0 | AA575: 0 | AB575: 0 | AC575: 0 | AD575: 0 | AE575: 0 | AF575: 86151221 | AG575: 86772924 | AH575: 87369161 | AI575: 87944726 | AJ575: 88503430 | AK575: 89045400 | AL575: 89570111 | AM575: 90082286 | AN575: 90587908 | AO575: 91091214 | AP575: 91593979 | AQ575: 92095926 | AR575: 92597090 | AS575: 93097048 | AT575: 93595089 | AU575: 94090967 | AV575: 94585189 | AW575: 95078391 | AX575: 95571195 | AY575: 96063474 | AZ575: 96555252 | BA575: 97044679 | BB575: 97529236 | BC575: 98005471 | BD575: 98470577 | BE575: 98923638 | BF575: 99363614 | BG575: 99788656 | BH575: 1.0019667e+08 | BI575: 1.0058562e+08 | BJ575: 1.0095527e+08 | BK575: 1.0130511e+08 | BL575: 1.0163493e+08 | BM575: 1.0194542e+08 | BN575: 1.0223662e+08 | BO575: 1.0250855e+08 | BP575: 1.0276148e+08 | BQ575: 1.0299621e+08 | BR575: 1.0321378e+08 | BS575: 1.0341507e+08 | BT575: 1.0360029e+08 | BU575: 1.0377016e+08 | BV575: 1.0392539e+08 | BW575: 1.0406769e+08 | BX575: 1.0419785e+08 | BY575: 1.0431651e+08 | BZ575: 1.0442303e+08 | CA575: 1.0451718e+08 | CB575: 1.0459808e+08 | CC575: 1.0466513e+08 | CD575: 1.0471748e+08 | CE575: 1.0475541e+08 | CF575: 1.0477821e+08 | CG575: 1.0478603e+08 | CH575: 1.0477852e+08 | CI575: 1.0475488e+08 | CJ575: 1.0471428e+08 | CK575: 1.0465569e+08 | CL575: 1.0457784e+08 | CM575: 1.0447888e+08
A577: Mala_Indo.population_scenario | B577: 0 | C577: 0 | D577: 0 | E577: 0 | F577: 0 | G577: 0 | H577: 0 | I577: 0 | J577: 0 | K577: 0 | L577: 0 | M577: 0 | N577: 0 | O577: 0 | P577: 0 | Q577: 0 | R577: 0 | S577: 0 | T577: 0 | U577: 0 | V577: 0 | W577: 0 | X577: 0 | Y577: 0 | Z577: 0 | AA577: 0 | AB577: 0 | AC577: 0 | AD577: 0 | AE577: 0 | AF577: 2.0450704e+08 | AG577: 2.0695507e+08 | AH577: 2.0934676e+08 | AI577: 2.1169277e+08 | AJ577: 2.1400157e+08 | AK577: 2.1627287e+08 | AL577: 2.1850482e+08 | AM577: 2.207084e+08 | AN577: 2.2289791e+08 | AO577: 2.2508357e+08 | AP577: 2.272697e+08 | AQ577: 2.2945557e+08 | AR577: 2.3164122e+08 | AS577: 2.3382553e+08 | AT577: 2.3600666e+08 | AU577: 2.381839e+08 | AV577: 2.4035846e+08 | AW577: 2.4253189e+08 | AX577: 2.4470573e+08 | AY577: 2.4687964e+08 | AZ577: 2.4905363e+08 | BA577: 2.5122289e+08 | BB577: 2.5338079e+08 | BC577: 2.5551818e+08 | BD577: 2.5762747e+08 | BE577: 2.5970594e+08 | BF577: 2.6175052e+08 | BG577: 2.6375597e+08 | BH577: 2.6571634e+08 | BI577: 2.6762575e+08 | BJ577: 2.6948308e+08 | BK577: 2.7128651e+08 | BL577: 2.7303492e+08 | BM577: 2.7472974e+08 | BN577: 2.7637058e+08 | BO577: 2.7795702e+08 | BP577: 2.7948938e+08 | BQ577: 2.8096938e+08 | BR577: 2.8239946e+08 | BS577: 2.8378166e+08 | BT577: 2.8511621e+08 | BU577: 2.8640477e+08 | BV577: 2.8764896e+08 | BW577: 2.8885325e+08 | BX577: 2.9001956e+08 | BY577: 2.9114946e+08 | BZ577: 2.9224098e+08 | CA577: 2.9329319e+08 | CB577: 2.9430344e+08 | CC577: 2.9526978e+08 | CD577: 2.9618955e+08 | CE577: 2.9706329e+08 | CF577: 2.978887e+08 | CG577: 2.9866596e+08 | CH577: 2.9939383e+08 | CI577: 3.0006971e+08 | CJ577: 3.0069098e+08 | CK577: 3.0125436e+08 | CL577: 3.017559e+08 | CM577: 3.0218991e+08
A579: R_SE_Asia.population_scenario | B579: 0 | C579: 0 | D579: 0 | E579: 0 | F579: 0 | G579: 0 | H579: 0 | I579: 0 | J579: 0 | K579: 0 | L579: 0 | M579: 0 | N579: 0 | O579: 0 | P579: 0 | Q579: 0 | R579: 0 | S579: 0 | T579: 0 | U579: 0 | V579: 0 | W579: 0 | X579: 0 | Y579: 0 | Z579: 0 | AA579: 0 | AB579: 0 | AC579: 0 | AD579: 0 | AE579: 0 | AF579: 2.4342282e+08 | AG579: 2.4741339e+08 | AH579: 2.5134149e+08 | AI579: 2.5521896e+08 | AJ579: 2.5905525e+08 | AK579: 2.6284938e+08 | AL579: 2.6659846e+08 | AM579: 2.703153e+08 | AN579: 2.7401703e+08 | AO579: 2.7771603e+08 | AP579: 2.8141753e+08 | AQ579: 2.8512057e+08 | AR579: 2.8882515e+08 | AS579: 2.9252984e+08 | AT579: 2.9623226e+08 | AU579: 2.9993143e+08 | AV579: 3.0362879e+08 | AW579: 3.0732623e+08 | AX579: 3.1102568e+08 | AY579: 3.1472665e+08 | AZ579: 3.1842913e+08 | BA579: 3.2212692e+08 | BB579: 3.2581141e+08 | BC579: 3.2947064e+08 | BD579: 3.3309457e+08 | BE579: 3.3667936e+08 | BF579: 3.4022067e+08 | BG579: 3.4371132e+08 | BH579: 3.4714316e+08 | BI579: 3.5050803e+08 | BJ579: 3.5380398e+08 | BK579: 3.5702812e+08 | BL579: 3.6017851e+08 | BM579: 3.6325656e+08 | BN579: 3.6626128e+08 | BO579: 3.6919168e+08 | BP579: 3.7204775e+08 | BQ579: 3.7483138e+08 | BR579: 3.7754541e+08 | BS579: 3.8019221e+08 | BT579: 3.8277178e+08 | BU579: 3.8528601e+08 | BV579: 3.8773679e+08 | BW579: 3.9012986e+08 | BX579: 3.9246761e+08 | BY579: 3.9475193e+08 | BZ579: 3.9697994e+08 | CA579: 3.9915019e+08 | CB579: 4.0125884e+08 | CC579: 4.0330299e+08 | CD579: 4.0527879e+08 | CE579: 4.0718672e+08 | CF579: 4.090234e+08 | CG579: 4.1078881e+08 | CH579: 4.1248104e+08 | CI579: 4.1409621e+08 | CJ579: 4.1563049e+08 | CK579: 4.1707906e+08 | CL579: 4.1843614e+08 | CM579: 4.1969357e+08
... A593: Oceania.population_scenario | B593: 0 | C593: 0 | D593: 0 | E593: 0 | F593: 0 | G593: 0 | H593: 0 | I593: 0 | J593: 0 | K593: 0 | L593: 0 | M593: 0 | N593: 0 | O593: 0 | P593: 0 | Q593: 0 | R593: 0 | S593: 0 | T593: 0 | U593: 0 | V593: 0 | W593: 0 | X593: 0 | Y593: 0 | Z593: 0 | AA593: 0 | AB593: 0 | AC593: 0 | AD593: 0 | AE593: 0 | AF593: 25121192 | AG593: 25654416 | AH593: 26181708 | AI593: 26704196 | AJ593: 27222787 | AK593: 27737306 | AL593: 28247377 | AM593: 28754294 | AN593: 29259837 | AO593: 29765304 | AP593: 30271249 | AQ593: 30777562 | AR593: 31284239 | AS593: 31791118 | AT593: 32297932 | AU593: 32804568 | AV593: 33311172 | AW593: 33817947 | AX593: 34325098 | AY593: 34832569 | AZ593: 35340356 | BA593: 35847764 | BB593: 36353825 | BC593: 36857185 | BD593: 37356692 | BE593: 37851881 | BF593: 38342231 | BG593: 38826892 | BH593: 39304902 | BI593: 39775289 | BJ593: 40237784 | BK593: 40692005 | BL593: 41137683 | BM593: 41574930 | BN593: 42003587 | BO593: 42423497 | BP593: 42834612 | BQ593: 43237108 | BR593: 43631276 | BS593: 44017353 | BT593: 44395304 | BU593: 44765318 | BV593: 45127584 | BW593: 45482744 | BX593: 45831053 | BY593: 46172711 | BZ593: 46507360 | CA593: 46834811 | CB593: 47154589 | CC593: 47466334 | CD593: 47769568 | CE593: 48064323 | CF593: 48350177 | CG593: 48627104 | CH593: 48894853 | CI593: 49152942 | CJ593: 49400889 | CK593: 49638096 | CL593: 49863848 | CM593: 50077141
A595: USA.commodity area crop harvested data | B595: 0 | C595: 0 | D595: 0 | E595: 0 | F595: 0 | G595: 0 | H595: 0 | I595: 0 | J595: 0 | K595: 0 | L595: 0 | M595: 0 | N595: 0 | O595: 0 | P595: 0 | Q595: 0 | R595: 0 | S595: 0 | T595: 0 | U595: 0 | V595: 0 | W595: 0 | X595: 0 | Y595: 0 | Z595: 0 | AA595: 0 | AB595: 0 | AC595: 0 | AD595: 0 | AE595: 0 | AF595: 28315.197 | AG595: 28952.722 | AH595: 29590.248 | AI595: 30227.773 | AJ595: 30865.298 | AK595: 31502.823 | AL595: 32140.348 | AM595: 32777.873 | AN595: 33415.399 | AO595: 34052.924 | AP595: 34690.449 | AQ595: 35327.974 | AR595: 35965.499 | AS595: 36603.024 | AT595: 37240.55 | AU595: 37878.075 | AV595: 38515.6 | AW595: 39153.125 | AX595: 39790.65 | AY595: 40428.175 | AZ595: 41065.701 | BA595: 41703.226 | BB595: 42340.751 | BC595: 42978.276 | BD595: 43615.801 | BE595: 44253.326 | BF595: 44890.852 | BG595: 45528.377 | BH595: 46165.902 | BI595: 46803.427 | BJ595: 47440.952 | BK595: 48078.477 | BL595: 48716.003 | BM595: 49353.528 | BN595: 49991.053 | BO595: 50628.578 | BP595: 51266.103 | BQ595: 51903.628 | BR595: 52541.154 | BS595: 53178.679 | BT595: 53816.204 | BU595: 54453.729 | BV595: 55091.254 | BW595: 55728.779 | BX595: 56366.305 | BY595: 57003.83 | BZ595: 57641.355 | CA595: 58278.88 | CB595: 58916.405 | CC595: 59553.93 | CD595: 60191.456 | CE595: 60828.981 | CF595: 61466.506 | CG595: 62104.031 | CH595: 62741.556 | CI595: 63379.081 | CJ595: 64016.607 | CK595: 64654.132 | CL595: 65291.657 | CM595: 65929.182 | CN595: 66566.707
A596: … | B596: 0 | C596: 0 | D596: 0 | E596: 0 | F596: 0 | G596: 0 | H596: 0 | I596: 0 | J596: 0 | K596: 0 | L596: 0 | M596: 0 | N596: 0 | O596: 0 | P596: 0 | Q596: 0 | R596: 0 | S596: 0 | T596: 0 | U596: 0 | V596: 0 | W596: 0 | X596: 0 | Y596: 0 | Z596: 0 | AA596: 0 | AB596: 0 | AC596: 0 | AD596: 0 | AE596: 0 | AF596: 25596.981 | AG596: 25278.412 | AH596: 24959.842 | AI596: 24641.272 | AJ596: 24322.703 | AK596: 24004.133 | AL596: 23685.563 | AM596: 23366.994 | AN596: 23048.424 | AO596: 22729.854 | AP596: 22411.285 | AQ596: 22092.715 | AR596: 21774.145 | AS596: 21455.576 | AT596: 21137.006 | AU596: 20818.436 | AV596: 20499.867 | AW596: 20181.297 | AX596: 19862.727 | AY596: 19544.158 | AZ596: 19225.588 | BA596: 18907.018 | BB596: 18588.449 | BC596: 18269.879 | BD596: 17951.309 | BE596: 17632.74 | BF596: 17314.17 | BG596: 16995.6 | BH596: 16677.031 | BI596: 16358.461 | BJ596: 16039.891 | BK596: 15721.322 | BL596: 15402.752 | BM596: 15084.182 | BN596: 14765.613 | BO596: 14447.043 | BP596: 14128.473 | BQ596: 13809.904 | BR596: 13491.334 | BS596: 13172.764 | BT596: 12854.195 | BU596: 12535.625 | BV596: 12217.055 | BW596: 11898.486 | BX596: 11579.916 | BY596: 11261.346 | BZ596: 10942.777 | CA596: 10624.207 | CB596: 10305.637 | CC596: 9987.0677 | CD596: 9668.498 | CE596: 9349.9283 | CF596: 9031.3587 | CG596: 8712.789 | CH596: 8394.2193 | CI596: 8075.6497 | CJ596: 7757.08 | CK596: 7438.5103 | CL596: 7119.9407 | CM596: 6801.371 | CN596: 6482.8013
A597: … | B597: 0 | C597: 0 | D597: 0 | E597: 0 | F597: 0 | G597: 0 | H597: 0 | I597: 0 | J597: 0 | K597: 0 | L597: 0 | M597: 0 | N597: 0 | O597: 0 | P597: 0 | Q597: 0 | R597: 0 | S597: 0 | T597: 0 | U597: 0 | V597: 0 | W597: 0 | X597: 0 | Y597: 0 | Z597: 0 | AA597: 0 | AB597: 0 | AC597: 0 | AD597: 0 | AE597: 0 | AF597: 1777.992 | AG597: 1741.2383 | AH597: 1704.4847 | AI597: 1667.731 | AJ597: 1630.9773 | AK597: 1594.2237 | AL597: 1557.47 | AM597: 1520.7163 | AN597: 1483.9627 | AO597: 1447.209 | AP597: 1410.4553 | AQ597: 1373.7017 | AR597: 1336.948 | AS597: 1300.1943 | AT597: 1263.4407 | AU597: 1226.687 | AV597: 1189.9333 | AW597: 1153.1797 | AX597: 1116.426 | AY597: 1079.6723 | AZ597: 1042.9187 | BA597: 1006.165 | BB597: 969.41133 | BC597: 932.65767 | BD597: 895.904 | BE597: 859.15033 | BF597: 822.39667 | BG597: 785.643 | BH597: 748.88933 | BI597: 712.13567 | BJ597: 675.382 | BK597: 638.62833 | BL597: 601.87467 | BM597: 565.121 | BN597: 528.36733 | BO597: 491.61367 | BP597: 454.86 | BQ597: 418.10633 | BR597: 381.35267 | BS597: 344.599 | BT597: 307.84533 | BU597: 271.09167 | BV597: 234.338 | BW597: 197.58433 | BX597: 160.83067 | BY597: 124.077 | BZ597: 87.323333 | CA597: 50.569667 | CB597: 13.816 | CC597: -22.937667 | CD597: -59.691333 | CE597: -96.445 | CF597: -133.19867 | CG597: -169.95233 | CH597: -206.706 | CI597: -243.45967 | CJ597: -280.21333 | CK597: -316.967 | CL597: -353.72067 | CM597: -390.47433 | CN597: -427.228
A598: … | B598: 0 | C598: 0 | D598: 0 | E598: 0 | F598: 0 | G598: 0 | H598: 0 | I598: 0 | J598: 0 | K598: 0 | L598: 0 | M598: 0 | N598: 0 | O598: 0 | P598: 0 | Q598: 0 | R598: 0 | S598: 0 | T598: 0 | U598: 0 | V598: 0 | W598: 0 | X598: 0 | Y598: 0 | Z598: 0 | AA598: 0 | AB598: 0 | AC598: 0 | AD598: 0 | AE598: 0 | AF598: 0 | AG598: 0 | AH598: 0 | AI598: 0 | AJ598: 0 | AK598: 0 | AL598: 0 | AM598: 0 | AN598: 0 | AO598: 0 | AP598: 0 | AQ598: 0 | AR598: 0 | AS598: 0 | AT598: 0 | AU598: 0 | AV598: 0 | AW598: 0 | AX598: 0 | AY598: 0 | AZ598: 0 | BA598: 0 | BB598: 0 | BC598: 0 | BD598: 0 | BE598: 0 | BF598: 0 | BG598: 0 | BH598: 0 | BI598: 0 | BJ598: 0 | BK598: 0 | BL598: 0 | BM598: 0 | BN598: 0 | BO598: 0 | BP598: 0 | BQ598: 0 | BR598: 0 | BS598: 0 | BT598: 0 | BU598: 0 | BV598: 0 | BW598: 0 | BX598: 0 | BY598: 0 | BZ598: 0 | CA598: 0 | CB598: 0 | CC598: 0 | CD598: 0 | CE598: 0 | CF598: 0 | CG598: 0 | CH598: 0 | CI598: 0 | CJ598: 0 | CK598: 0 | CL598: 0 | CM598: 0 | CN598: 0
A599: … | B599: 0 | C599: 0 | D599: 0 | E599: 0 | F599: 0 | G599: 0 | H599: 0 | I599: 0 | J599: 0 | K599: 0 | L599: 0 | M599: 0 | N599: 0 | O599: 0 | P599: 0 | Q599: 0 | R599: 0 | S599: 0 | T599: 0 | U599: 0 | V599: 0 | W599: 0 | X599: 0 | Y599: 0 | Z599: 0 | AA599: 0 | AB599: 0 | AC599: 0 | AD599: 0 | AE599: 0 | AF599: 41489.211 | AG599: 40724.86 | AH599: 39960.509 | AI599: 39196.159 | AJ599: 38431.808 | AK599: 37667.457 | AL599: 36903.107 | AM599: 36138.756 | AN599: 35374.405 | AO599: 34610.055 | AP599: 33845.704 | AQ599: 33081.353 | AR599: 32317.003 | AS599: 31552.652 | AT599: 30788.301 | AU599: 30023.951 | AV599: 29259.6 | AW599: 28495.249 | AX599: 27730.899 | AY599: 26966.548 | AZ599: 26202.197 | BA599: 25437.847 | BB599: 24673.496 | BC599: 23909.145 | BD599: 23144.795 | BE599: 22380.444 | BF599: 21616.093 | BG599: 20851.743 | BH599: 20087.392 | BI599: 19323.041 | BJ599: 18558.691 | BK599: 17794.34 | BL599: 17029.989 | BM599: 16265.639 | BN599: 15501.288 | BO599: 14736.937 | BP599: 13972.587 | BQ599: 13208.236 | BR599: 12443.885 | BS599: 11679.535 | BT599: 10915.184 | BU599: 10150.833 | BV599: 9386.4827 | BW599: 8622.132 | BX599: 7857.7813 | BY599: 7093.4307 | BZ599: 6329.08 | CA599: 5564.7293 | CB599: 4800.3787 | CC599: 4036.028 | CD599: 3271.6773 | CE599: 2507.3267 | CF599: 1742.976 | CG599: 978.62533 | CH599: 978.62533 | CI599: 1233.4089 | CJ599: 1063.5532 | CK599: 1091.8625 | CL599: 1129.6082 | CM599: 1095.0079 | CN599: 1105.4929
A600: … | B600: 0 | C600: 0 | D600: 0 | E600: 0 | F600: 0 | G600: 0 | H600: 0 | I600: 0 | J600: 0 | K600: 0 | L600: 0 | M600: 0 | N600: 0 | O600: 0 | P600: 0 | Q600: 0 | R600: 0 | S600: 0 | T600: 0 | U600: 0 | V600: 0 | W600: 0 | X600: 0 | Y600: 0 | Z600: 0 | AA600: 0 | AB600: 0 | AC600: 0 | AD600: 0 | AE600: 0 | AF600: 1281.7293 | AG600: 1256.4025 | AH600: 1231.0757 | AI600: 1205.7488 | AJ600: 1180.422 | AK600: 1155.0952 | AL600: 1129.7683 | AM600: 1104.4415 | AN600: 1079.1147 | AO600: 1053.7878 | AP600: 1028.461 | AQ600: 1003.1342 | AR600: 977.80733 | AS600: 952.4805 | AT600: 927.15367 | AU600: 901.82683 | AV600: 876.5 | AW600: 851.17317 | AX600: 825.84633 | AY600: 800.5195 | AZ600: 775.19267 | BA600: 749.86583 | BB600: 724.539 | BC600: 699.21217 | BD600: 673.88533 | BE600: 648.5585 | BF600: 623.23167 | BG600: 597.90483 | BH600: 572.578 | BI600: 547.25117 | BJ600: 521.92433 | BK600: 496.5975 | BL600: 471.27067 | BM600: 445.94383 | BN600: 420.617 | BO600: 395.29017 | BP600: 369.96333 | BQ600: 344.6365 | BR600: 319.30967 | BS600: 293.98283 | BT600: 268.656 | BU600: 243.32917 | BV600: 218.00233 | BW600: 192.6755 | BX600: 167.34867 | BY600: 142.02183 | BZ600: 116.695 | CA600: 91.368167 | CB600: 66.041333 | CC600: 40.7145 | CD600: 15.387667 | CE600: 78.70475 | CF600: 53.377917 | CG600: 50.212063 | CH600: 47.046208 | CI600: 49.420599 | CJ600: 57.335234 | CK600: 50.014197 | CL600: 51.003526 | CM600: 50.95406 | CN600: 51.943389
A602: USA.fiber area harvested data | B602: 0 | C602: 0 | D602: 0 | E602: 0 | F602: 0 | G602: 0 | H602: 0 | I602: 0 | J602: 0 | K602: 0 | L602: 0 | M602: 0 | N602: 0 | O602: 0 | P602: 0 | Q602: 0 | R602: 0 | S602: 0 | T602: 0 | U602: 0 | V602: 0 | W602: 0 | X602: 0 | Y602: 0 | Z602: 0 | AA602: 0 | AB602: 0 | AC602: 0 | AD602: 0 | AE602: 0 | AF602: 7245.7067 | AG602: 7079.8 | AH602: 6913.8933 | AI602: 6747.9867 | AJ602: 6582.08 | AK602: 6416.1733 | AL602: 6250.2667 | AM602: 6084.36 | AN602: 5918.4533 | AO602: 5752.5467 | AP602: 5586.64 | AQ602: 5420.7333 | AR602: 5254.8267 | AS602: 5088.92 | AT602: 4923.0133 | AU602: 4757.1067 | AV602: 4591.2 | AW602: 4425.2933 | AX602: 4259.3867 | AY602: 4093.48 | AZ602: 3927.5733 | BA602: 3761.6667 | BB602: 3595.76 | BC602: 3429.8533 | BD602: 3263.9467 | BE602: 3098.04 | BF602: 2932.1333 | BG602: 2766.2267 | BH602: 2600.32 | BI602: 2434.4133 | BJ602: 2268.5067 | BK602: 2102.6 | BL602: 1936.6933 | BM602: 1770.7867 | BN602: 1604.88 | BO602: 1438.9733 | BP602: 1273.0667 | BQ602: 1107.16 | BR602: 941.25333 | BS602: 775.34667 | BT602: 609.44 | BU602: 443.53333 | BV602: 277.62667 | BW602: 111.72 | BX602: 526.48667 | BY602: 360.58 | BZ602: 339.84167 | CA602: 319.10333 | CB602: 334.65708 | CC602: 386.50292 | CD602: 338.54552 | CE602: 345.02625 | CF602: 344.70221 | CG602: 351.18294 | CH602: 353.69423 | CI602: 344.86423 | CJ602: 348.65141 | CK602: 348.6109 | CL602: 349.5982 | CM602: 348.95519 | CN602: 347.93119
A604: USA.other area harvested data | B604: 0 | C604: 0 | D604: 0 | E604: 0 | F604: 0 | G604: 0 | H604: 0 | I604: 0 | J604: 0 | K604: 0 | L604: 0 | M604: 0 | N604: 0 | O604: 0 | P604: 0 | Q604: 0 | R604: 0 | S604: 0 | T604: 0 | U604: 0 | V604: 0 | W604: 0 | X604: 0 | Y604: 0 | Z604: 0 | AA604: 0 | AB604: 0 | AC604: 0 | AD604: 0 | AE604: 0 | AF604: 242.16311 | AG604: 242.04619 | AH604: 241.92927 | AI604: 241.81235 | AJ604: 241.69542 | AK604: 241.5785 | AL604: 241.46158 | AM604: 241.34466 | AN604: 241.22774 | AO604: 241.11081 | AP604: 240.99389 | AQ604: 240.87697 | AR604: 240.76005 | AS604: 240.64313 | AT604: 240.5262 | AU604: 240.40928 | AV604: 240.29236 | AW604: 240.17544 | AX604: 240.05852 | AY604: 239.94159 | AZ604: 239.82467 | BA604: 239.70775 | BB604: 239.59083 | BC604: 239.47391 | BD604: 239.35698 | BE604: 239.24006 | BF604: 239.12314 | BG604: 239.00622 | BH604: 238.8893 | BI604: 238.77237 | BJ604: 238.65545 | BK604: 238.53853 | BL604: 238.42161 | BM604: 238.30469 | BN604: 238.18776 | BO604: 238.07084 | BP604: 237.95392 | BQ604: 237.837 | BR604: 237.72008 | BS604: 237.60315 | BT604: 237.48623 | BU604: 237.36931 | BV604: 237.25239 | BW604: 237.13547 | BX604: 237.01854 | BY604: 236.90162 | BZ604: 236.7847 | CA604: 236.66778 | CB604: 236.55086 | CC604: 236.43393 | CD604: 236.31701 | CE604: 236.20009 | CF604: 236.08317 | CG604: 235.96625 | CH604: 235.84932 | CI604: 235.7324 | CJ604: 235.61548 | CK604: 235.49856 | CL604: 235.38164 | CM604: 235.26471 | CN604: 235.14779
A606: USA.VFN area harvested data | B606: 0 | C606: 0 | D606: 0 | E606: 0 | F606: 0 | G606: 0 | H606: 0 | I606: 0 | J606: 0 | K606: 0 | L606: 0 | M606: 0 | N606: 0 | O606: 0 | P606: 0 | Q606: 0 | R606: 0 | S606: 0 | T606: 0 | U606: 0 | V606: 0 | W606: 0 | X606: 0 | Y606: 0 | Z606: 0 | AA606: 0 | AB606: 0 | AC606: 0 | AD606: 0 | AE606: 0 | AF606: 3647.2467 | AG606: 3682.8167 | AH606: 3718.3867 | AI606: 3753.9567 | AJ606: 3789.5267 | AK606: 3825.0967 | AL606: 3860.6667 | AM606: 3896.2367 | AN606: 3931.8067 | AO606: 3967.3767 | AP606: 4002.9467 | AQ606: 4038.5167 | AR606: 4074.0867 | AS606: 4109.6567 | AT606: 4145.2267 | AU606: 4180.7967 | AV606: 4216.3667 | AW606: 4251.9367 | AX606: 4287.5067 | AY606: 4323.0767 | AZ606: 4358.6467 | BA606: 4394.2167 | BB606: 4429.7867 | BC606: 4465.3567 | BD606: 4500.9267 | BE606: 4536.4967 | BF606: 4572.0667 | BG606: 4607.6367 | BH606: 4643.2067 | BI606: 4678.7767 | BJ606: 4714.3467 | BK606: 4749.9167 | BL606: 4785.4867 | BM606: 4821.0567 | BN606: 4856.6267 | BO606: 4892.1967 | BP606: 4927.7667 | BQ606: 4963.3367 | BR606: 4998.9067 | BS606: 5034.4767 | BT606: 5070.0467 | BU606: 5105.6167 | BV606: 5141.1867 | BW606: 5176.7567 | BX606: 5212.3267 | BY606: 5247.8967 | BZ606: 5283.4667 | CA606: 5319.0367 | CB606: 5354.6067 | CC606: 5390.1767 | CD606: 5425.7467 | CE606: 5461.3167 | CF606: 5496.8867 | CG606: 5532.4567 | CH606: 5568.0267 | CI606: 5603.5967 | CJ606: 5639.1667 | CK606: 5674.7367 | CL606: 5710.3067 | CM606: 5745.8767 | CN606: 5781.4467
A608: USA.forage area harvested data | B608: 0 | C608: 0 | D608: 0 | E608: 0 | F608: 0 | G608: 0 | H608: 0 | I608: 0 | J608: 0 | K608: 0 | L608: 0 | M608: 0 | N608: 0 | O608: 0 | P608: 0 | Q608: 0 | R608: 0 | S608: 0 | T608: 0 | U608: 0 | V608: 0 | W608: 0 | X608: 0 | Y608: 0 | Z608: 0 | AA608: 0 | AB608: 0 | AC608: 0 | AD608: 0 | AE608: 0 | AF608: 28874.77 | AG608: 28860.829 | AH608: 28846.887 | AI608: 28832.946 | AJ608: 28819.005 | AK608: 28805.063 | AL608: 28791.122 | AM608: 28777.18 | AN608: 28763.239 | AO608: 28749.298 | AP608: 28735.356 | AQ608: 28721.415 | AR608: 28707.473 | AS608: 28693.532 | AT608: 28679.59 | AU608: 28665.649 | AV608: 28651.708 | AW608: 28637.766 | AX608: 28623.825 | AY608: 28609.883 | AZ608: 28595.942 | BA608: 28582.001 | BB608: 28568.059 | BC608: 28554.118 | BD608: 28540.176 | BE608: 28526.235 | BF608: 28512.294 | BG608: 28498.352 | BH608: 28484.411 | BI608: 28470.469 | BJ608: 28456.528 | BK608: 28442.586 | BL608: 28428.645 | BM608: 28414.704 | BN608: 28400.762 | BO608: 28386.821 | BP608: 28372.879 | BQ608: 28358.938 | BR608: 28344.997 | BS608: 28331.055 | BT608: 28317.114 | BU608: 28303.172 | BV608: 28289.231 | BW608: 28275.29 | BX608: 28261.348 | BY608: 28247.407 | BZ608: 28233.465 | CA608: 28219.524 | CB608: 28205.582 | CC608: 28191.641 | CD608: 28177.7 | CE608: 28163.758 | CF608: 28149.817 | CG608: 28135.875 | CH608: 28121.934 | CI608: 28107.993 | CJ608: 28094.051 | CK608: 28080.11 | CL608: 28066.168 | CM608: 28052.227 | CN608: 28038.286
A610: EU27.commodity area crop harvested data | B610: 0 | C610: 0 | D610: 0 | E610: 0 | F610: 0 | G610: 0 | H610: 0 | I610: 0 | J610: 0 | K610: 0 | L610: 0 | M610: 0 | N610: 0 | O610: 0 | P610: 0 | Q610: 0 | R610: 0 | S610: 0 | T610: 0 | U610: 0 | V610: 0 | W610: 0 | X610: 0 | Y610: 0 | Z610: 0 | AA610: 0 | AB610: 0 | AC610: 0 | AD610: 0 | AE610: 0 | AF610: 39402.301 | AG610: 38961.52 | AH610: 38520.739 | AI610: 38079.957 | AJ610: 37639.176 | AK610: 37198.395 | AL610: 36757.613 | AM610: 36316.832 | AN610: 35876.051 | AO610: 35435.269 | AP610: 34994.488 | AQ610: 34553.707 | AR610: 34112.925 | AS610: 33672.144 | AT610: 33231.363 | AU610: 32790.581 | AV610: 32349.8 | AW610: 31909.019 | AX610: 31468.237 | AY610: 31027.456 | AZ610: 30586.675 | BA610: 30145.893 | BB610: 29705.112 | BC610: 29264.331 | BD610: 28823.549 | BE610: 28382.768 | BF610: 27941.987 | BG610: 27501.205 | BH610: 27060.424 | BI610: 26619.643 | BJ610: 26178.861 | BK610: 25738.08 | BL610: 25297.299 | BM610: 24856.517 | BN610: 24415.736 | BO610: 23974.955 | BP610: 23534.173 | BQ610: 23093.392 | BR610: 22652.611 | BS610: 22211.829 | BT610: 21771.048 | BU610: 21330.267 | BV610: 20889.485 | BW610: 20448.704 | BX610: 20007.923 | BY610: 19567.141 | BZ610: 19126.36 | CA610: 18685.579 | CB610: 18244.797 | CC610: 17804.016 | CD610: 17363.235 | CE610: 16922.453 | CF610: 16481.672 | CG610: 16040.891 | CH610: 15600.109 | CI610: 15159.328 | CJ610: 14718.547 | CK610: 14277.765 | CL610: 13836.984 | CM610: 13396.203 | CN610: 12955.421
A611: … | B611: 0 | C611: 0 | D611: 0 | E611: 0 | F611: 0 | G611: 0 | H611: 0 | I611: 0 | J611: 0 | K611: 0 | L611: 0 | M611: 0 | N611: 0 | O611: 0 | P611: 0 | Q611: 0 | R611: 0 | S611: 0 | T611: 0 | U611: 0 | V611: 0 | W611: 0 | X611: 0 | Y611: 0 | Z611: 0 | AA611: 0 | AB611: 0 | AC611: 0 | AD611: 0 | AE611: 0 | AF611: 26624.935 | AG611: 26548.241 | AH611: 26471.547 | AI611: 26394.853 | AJ611: 26318.159 | AK611: 26241.465 | AL611: 26164.772 | AM611: 26088.078 | AN611: 26011.384 | AO611: 25934.69 | AP611: 25857.996 | AQ611: 25781.302 | AR611: 25704.609 | AS611: 25627.915 | AT611: 25551.221 | AU611: 25474.527 | AV611: 25397.833 | AW611: 25321.139 | AX611: 25244.446 | AY611: 25167.752 | AZ611: 25091.058 | BA611: 25014.364 | BB611: 24937.67 | BC611: 24860.976 | BD611: 24784.283 | BE611: 24707.589 | BF611: 24630.895 | BG611: 24554.201 | BH611: 24477.507 | BI611: 24400.813 | BJ611: 24324.12 | BK611: 24247.426 | BL611: 24170.732 | BM611: 24094.038 | BN611: 24017.344 | BO611: 23940.65 | BP611: 23863.957 | BQ611: 23787.263 | BR611: 23710.569 | BS611: 23633.875 | BT611: 23557.181 | BU611: 23480.487 | BV611: 23403.794 | BW611: 23327.1 | BX611: 23250.406 | BY611: 23173.712 | BZ611: 23097.018 | CA611: 23020.324 | CB611: 22943.631 | CC611: 22866.937 | CD611: 22790.243 | CE611: 22713.549 | CF611: 22636.855 | CG611: 22560.161 | CH611: 22483.468 | CI611: 22406.774 | CJ611: 22330.08 | CK611: 22253.386 | CL611: 22176.692 | CM611: 22099.998 | CN611: 22023.305
... A878: Oceania.forage area harvested data | B878: 0 | C878: 0 | D878: 0 | E878: 0 | F878: 0 | G878: 0 | H878: 0 | I878: 0 | J878: 0 | K878: 0 | L878: 0 | M878: 0 | N878: 0 | O878: 0 | P878: 0 | Q878: 0 | R878: 0 | S878: 0 | T878: 0 | U878: 0 | V878: 0 | W878: 0 | X878: 0 | Y878: 0 | Z878: 0 | AA878: 0 | AB878: 0 | AC878: 0 | AD878: 0 | AE878: 0 | AF878: 16311.15 | AG878: 16324.145 | AH878: 16337.139 | AI878: 16350.134 | AJ878: 16363.128 | AK878: 16376.122 | AL878: 16389.117 | AM878: 16402.111 | AN878: 16415.105 | AO878: 16428.1 | AP878: 16441.094 | AQ878: 16454.089 | AR878: 16467.083 | AS878: 16480.077 | AT878: 16493.072 | AU878: 16506.066 | AV878: 16519.06 | AW878: 16532.055 | AX878: 16545.049 | AY878: 16558.044 | AZ878: 16571.038 | BA878: 16584.032 | BB878: 16597.027 | BC878: 16610.021 | BD878: 16623.016 | BE878: 16636.01 | BF878: 16649.004 | BG878: 16661.999 | BH878: 16674.993 | BI878: 16687.987 | BJ878: 16700.982 | BK878: 16713.976 | BL878: 16726.971 | BM878: 16739.965 | BN878: 16752.959 | BO878: 16765.954 | BP878: 16778.948 | BQ878: 16791.943 | BR878: 16804.937 | BS878: 16817.931 | BT878: 16830.926 | BU878: 16843.92 | BV878: 16856.914 | BW878: 16869.909 | BX878: 16882.903 | BY878: 16895.898 | BZ878: 16908.892 | CA878: 16921.886 | CB878: 16934.881 | CC878: 16947.875 | CD878: 16960.87 | CE878: 16973.864 | CF878: 16986.858 | CG878: 16999.853 | CH878: 17012.847 | CI878: 17025.841 | CJ878: 17038.836 | CK878: 17051.83 | CL878: 17064.825 | CM878: 17077.819 | CN878: 17090.813

Sheet LUC-2013-01-08-Run2
B1: 1961 | C1: 1962 | D1: 1963 | E1: 1964 | F1: 1965 | G1: 1966 | H1: 1967 | I1: 1968 | J1: 1969 | K1: 1970 | L1: 1971 | M1: 1972 | N1: 1973 | O1: 1974 | P1: 1975 | Q1: 1976 | R1: 1977 | S1: 1978 | T1: 1979 | U1: 1980 | V1: 1981 | W1: 1982 | X1: 1983 | Y1: 1984 | Z1: 1985 | AA1: 1986 | AB1: 1987 | AC1: 1988 | AD1: 1989 | AE1: 1990 | AF1: 1991 | AG1: 1992 | AH1: 1993 | AI1: 1994 | AJ1: 1995 | AK1: 1996 | AL1: 1997 | AM1: 1998 | AN1: 1999 | AO1: 2000 | AP1: 2001 | AQ1: 2002 | AR1: 2003 | AS1: 2004 | AT1: 2005 | AU1: 2006 | AV1: 2007 | AW1: 2008 | AX1: 2009 | AY1: 2010 | AZ1: 2011 | BA1: 2012 | BB1: 2013 | BC1: 2014 | BD1: 2015 | BE1: 2016 | BF1: 2017 | BG1: 2018 | BH1: 2019 | BI1: 2020 | BJ1: 2021 | BK1: 2022 | BL1: 2023 | BM1: 2024 | BN1: 2025 | BO1: 2026 | BP1: 2027 | BQ1: 2028 | BR1: 2029 | BS1: 2030 | BT1: 2031 | BU1: 2032 | BV1: 2033 | BW1: 2034 | BX1: 2035 | BY1: 2036 | BZ1: 2037 | CA1: 2038 | CB1: 2039 | CC1: 2040 | CD1: 2041 | CE1: 2042 | CF1: 2043 | CG1: 2044 | CH1: 2045 | CI1: 2046 | CJ1: 2047 | CK1: 2048 | CL1: 2049 | CM1: 2050
A2: ROW.per_capita_animal_product_demand_scenario | B2: 0 | C2: 0 | D2: 0 | E2: 0 | F2: 0 | G2: 0 | H2: 0 | I2: 0 | J2: 0 | K2: 0 | L2: 0 | M2: 0 | N2: 0 | O2: 0 | P2: 0 | Q2: 0 | R2: 0 | S2: 0 | T2: 0 | U2: 0 | V2: 0 | W2: 0 | X2: 0 | Y2: 0 | Z2: 0 | AA2: 0 | AB2: 0 | AC2: 0 | AD2: 0 | AE2: 0 | AF2: 1.0508416e-05 | AG2: 1.0527619e-05 | AH2: 1.0524145e-05 | AI2: 1.0522463e-05 | AJ2: 1.0522681e-05 | AK2: 1.0524798e-05 | AL2: 1.0528849e-05 | AM2: 1.0535258e-05 | AN2: 1.0544408e-05 | AO2: 1.0556611e-05 | AP2: 1.0571845e-05 | AQ2: 1.058998e-05 | AR2: 1.0610719e-05 | AS2: 1.0633798e-05 | AT2: 1.0658935e-05 | AU2: 1.0847333e-05 | AV2: 1.0964836e-05 | AW2: 1.1083992e-05 | AX2: 1.120477e-05 | AY2: 1.1327126e-05 | AZ2: 1.1451083e-05 | BA2: 1.1576694e-05 | BB2: 1.170399e-05 | BC2: 1.1833063e-05 | BD2: 1.1963939e-05 | BE2: 1.2096649e-05 | BF2: 1.2231179e-05 | BG2: 1.2367491e-05 | BH2: 1.2505587e-05 | BI2: 1.2645391e-05 | BJ2: 1.2786913e-05 | BK2: 1.2930112e-05 | BL2: 1.3074987e-05 | BM2: 1.3221532e-05 | BN2: 1.3369756e-05 | BO2: 1.35196e-05 | BP2: 1.3671072e-05 | BQ2: 1.3824161e-05 | BR2: 1.3978933e-05 | BS2: 1.4135376e-05 | BT2: 1.429351e-05 | BU2: 1.4453327e-05 | BV2: 1.4614729e-05 | BW2: 1.4777609e-05 | BX2: 1.49419e-05 | BY2: 1.5107582e-05 | BZ2: 1.5274651e-05 | CA2: 1.5443153e-05 | CB2: 1.5613158e-05 | CC2: 1.5784721e-05 | CD2: 1.5957834e-05 | CE2: 1.6132525e-05 | CF2: 1.6308757e-05 | CG2: 1.6486516e-05 | CH2: 1.6665823e-05 | CI2: 1.6846654e-05 | CJ2: 1.7029046e-05 | CK2: 1.7213054e-05 | CL2: 1.7398717e-05 | CM2: 1.7586115e-05
A3: … | B3: 0 | C3: 0 | D3: 0 | E3: 0 | F3: 0 | G3: 0 | H3: 0 | I3: 0 | J3: 0 | K3: 0 | L3: 0 | M3: 0 | N3: 0 | O3: 0 | P3: 0 | Q3: 0 | R3: 0 | S3: 0 | T3: 0 | U3: 0 | V3: 0 | W3: 0 | X3: 0 | Y3: 0 | Z3: 0 | AA3: 0 | AB3: 0 | AC3: 0 | AD3: 0 | AE3: 0 | AF3: 7.000043e-05 | AG3: 7.0630961e-05 | AH3: 7.1066274e-05 | AI3: 7.150778e-05 | AJ3: 7.1952945e-05 | AK3: 7.2400862e-05 | AL3: 7.2852846e-05 | AM3: 7.3313274e-05 | AN3: 7.3787111e-05 | AO3: 7.4277958e-05 | AP3: 7.4785862e-05 | AQ3: 7.5308758e-05 | AR3: 7.584261e-05 | AS3: 7.638308e-05 | AT3: 7.6926134e-05 | AU3: 7.8564814e-05 | AV3: 7.9759633e-05 | AW3: 8.0954262e-05 | AX3: 8.2147892e-05 | AY3: 8.3339977e-05 | AZ3: 8.4530221e-05 | BA3: 8.5718612e-05 | BB3: 8.690567e-05 | BC3: 8.8092573e-05 | BD3: 8.9279967e-05 | BE3: 9.0467983e-05 | BF3: 9.1656452e-05 | BG3: 9.2845627e-05 | BH3: 9.4035979e-05 | BI3: 9.5227511e-05 | BJ3: 9.6420416e-05 | BK3: 9.7614504e-05 | BL3: 9.8809372e-05 | BM3: 0.00010000446 | BN3: 0.00010119957 | BO3: 0.00010239415 | BP3: 0.00010358838 | BQ3: 0.00010478176 | BR3: 0.00010597432 | BS3: 0.00010716565 | BT3: 0.00010822525 | BU3: 0.00010928723 | BV3: 0.00011035132 | BW3: 0.00011141784 | BX3: 0.00011248686 | BY3: 0.00011355858 | BZ3: 0.00011463261 | CA3: 0.0001157092 | CB3: 0.00011678824 | CC3: 0.0001178697 | CD3: 0.00011895337 | CE3: 0.00012003931 | CF3: 0.00012112748 | CG3: 0.00012221779 | CH3: 0.00012331033 | CI3: 0.00012440495 | CJ3: 0.00012550153 | CK3: 0.00012659968 | CL3: 0.00012769947 | CM3: 0.00012880035
A4: ... | B4: 0 | C4: 0 | D4: 0 | E4: 0 | F4: 0 | G4: 0 | H4: 0 | I4: 0 | J4: 0 | K4: 0 | L4: 0 | M4: 0 | N4: 0 | O4: 0 | P4: 0 | Q4: 0 | R4: 0 | S4: 0 | T4: 0 | U4: 0 | V4: 0 | W4: 0 | X4: 0 | Y4: 0 | Z4: 0 | AA4: 0 | AB4: 0 | AC4: 0 | AD4: 0 | AE4: 0 | AF4: 1.3228987e-05 | AG4: 1.3351004e-05 | AH4: 1.3448211e-05 | AI4: 1.3548882e-05 | AJ4: 1.365327e-05 | AK4: 1.3761501e-05 | AL4: 1.3873701e-05 | AM4: 1.3990475e-05 | AN4: 1.4112379e-05 | AO4: 1.4239928e-05 | AP4: 1.4373259e-05 | AQ4: 1.4512397e-05 | AR4: 1.4657165e-05 | AS4: 1.4807427e-05 | AT4: 1.4962997e-05 | AU4: 1.5469466e-05 | AV4: 1.5574976e-05 | AW4: 1.5682744e-05 | AX4: 1.5792765e-05 | AY4: 1.5905015e-05 | AZ4: 1.6019564e-05 | BA4: 1.6136521e-05 | BB4: 1.6255961e-05 | BC4: 1.6378047e-05 | BD4: 1.6502859e-05 | BE4: 1.6630486e-05 | BF4: 1.6760962e-05 | BG4: 1.6894312e-05 | BH4: 1.7030628e-05 | BI4: 1.716989e-05 | BJ4: 1.7312207e-05 | BK4: 1.7457606e-05 | BL4: 1.7606171e-05 | BM4: 1.7757978e-05 | BN4: 1.7913134e-05 | BO4: 1.8071653e-05 | BP4: 1.8233636e-05 | BQ4: 1.8399149e-05 | BR4: 1.8568334e-05 | BS4: 1.8741253e-05 | BT4: 1.8917994e-05 | BU4: 1.9098657e-05 | BV4: 1.9283182e-05 | BW4: 1.9471519e-05 | BX4: 1.9663666e-05 | BY4: 1.9859684e-05 | BZ4: 2.0059663e-05 | CA4: 2.0263768e-05 | CB4: 2.0472218e-05 | CC4: 2.0685178e-05 | CD4: 2.0902763e-05 | CE4: 2.1125138e-05 | CF4: 2.1352359e-05 | CG4: 2.158455e-05 | CH4: 2.182185e-05 | CI4: 2.20644e-05 | CJ4: 2.2312385e-05 | CK4: 2.2566061e-05 | CL4: 2.2825635e-05 | CM4: 2.3091433e-05
A5: ... | B5: 0 | C5: 0 | D5: 0 | E5: 0 | F5: 0 | G5: 0 | H5: 0 | I5: 0 | J5: 0 | K5: 0 | L5: 0 | M5: 0 | N5: 0 | O5: 0 | P5: 0 | Q5: 0 | R5: 0 | S5: 0 | T5: 0 | U5: 0 | V5: 0 | W5: 0 | X5: 0 | Y5: 0 | Z5: 0 | AA5: 0 | AB5: 0 | AC5: 0 | AD5: 0 | AE5: 0 | AF5: 7.0121002e-06 | AG5: 7.2210894e-06 | AH5: 7.4202146e-06 | AI5: 7.6288203e-06 | AJ5: 7.8474397e-06 | AK5: 8.0765895e-06 | AL5: 8.3168765e-06 | AM5: 8.5692634e-06 | AN5: 8.8347261e-06 | AO5: 9.1142143e-06 | AP5: 9.4084017e-06 | AQ5: 9.7178946e-06 | AR5: 1.0043174e-05 | AS5: 1.0384788e-05 | AT5: 1.0743309e-05 | AU5: 1.1732151e-05 | AV5: 1.2029102e-05 | AW5: 1.2330363e-05 | AX5: 1.2636011e-05 | AY5: 1.2946105e-05 | AZ5: 1.3260781e-05 | BA5: 1.3580209e-05 | BB5: 1.3904535e-05 | BC5: 1.4233979e-05 | BD5: 1.45687e-05 | BE5: 1.4908865e-05 | BF5: 1.5254594e-05 | BG5: 1.560599e-05 | BH5: 1.5963211e-05 | BI5: 1.6326322e-05 | BJ5: 1.6695498e-05 | BK5: 1.7070852e-05 | BL5: 1.7452545e-05 | BM5: 1.7840733e-05 | BN5: 1.8235602e-05 | BO5: 1.8637253e-05 | BP5: 1.9045874e-05 | BQ5: 1.9461628e-05 | BR5: 1.9884772e-05 | BS5: 2.0315474e-05 | BT5: 2.0753938e-05 | BU5: 2.1200362e-05 | BV5: 2.165481e-05 | BW5: 2.2117347e-05 | BX5: 2.258809e-05 | BY5: 2.3067222e-05 | BZ5: 2.3554949e-05 | CA5: 2.4051561e-05 | CB5: 2.4557389e-05 | CC5: 2.5072742e-05 | CD5: 2.5597856e-05 | CE5: 2.613303e-05 | CF5: 2.6678466e-05 | CG5: 2.7234421e-05 | CH5: 2.7801191e-05 | CI5: 2.8379046e-05 | CJ5: 2.8968324e-05 | CK5: 2.9569416e-05 | CL5: 3.0182697e-05 | CM5: 3.080862e-05
A7: ROW.per_capita_commodity_crop_demand_scenario | B7: 0 | C7: 0 | D7: 0 | E7: 0 | F7: 0 | G7: 0 | H7: 0 | I7: 0 | J7: 0 | K7: 0 | L7: 0 | M7: 0 | N7: 0 | O7: 0 | P7: 0 | Q7: 0 | R7: 0 | S7: 0 | T7: 0 | U7: 0 | V7: 0 | W7: 0 | X7: 0 | Y7: 0 | Z7: 0 | AA7: 0 | AB7: 0 | AC7: 0 | AD7: 0 | AE7: 0 | AF7: 3.6843337e-05 | AG7: 3.6790336e-05 | AH7: 3.6735361e-05 | AI7: 3.6679542e-05 | AJ7: 3.6623172e-05 | AK7: 3.6566333e-05 | AL7: 3.6509049e-05 | AM7: 3.6451466e-05 | AN7: 3.6393772e-05 | AO7: 3.6336058e-05 | AP7: 3.6278481e-05 | AQ7: 3.6221086e-05 | AR7: 3.6163908e-05 | AS7: 3.6106967e-05 | AT7: 3.6050252e-05 | AU7: 3.6181023e-05 | AV7: 3.6805881e-05 | AW7: 3.7432183e-05 | AX7: 3.805984e-05 | AY7: 3.8688784e-05 | AZ7: 3.9318985e-05 | BA7: 3.9950454e-05 | BB7: 4.0583238e-05 | BC7: 4.1217414e-05 | BD7: 4.1853032e-05 | BE7: 4.2490101e-05 | BF7: 4.3128576e-05 | BG7: 4.3768429e-05 | BH7: 4.4409623e-05 | BI7: 4.5052144e-05 | BJ7: 4.5695973e-05 | BK7: 4.6341127e-05 | BL7: 4.6987579e-05 | BM7: 4.7635341e-05 | BN7: 4.8284392e-05 | BO7: 4.8934736e-05 | BP7: 4.9586382e-05 | BQ7: 5.0239352e-05 | BR7: 5.0893685e-05 | BS7: 5.1549386e-05 | BT7: 5.1636306e-05 | BU7: 5.172455e-05 | BV7: 5.1814122e-05 | BW7: 5.1905017e-05 | BX7: 5.1997227e-05 | BY7: 5.2090743e-05 | BZ7: 5.2185572e-05 | CA7: 5.2281706e-05 | CB7: 5.2379129e-05 | CC7: 5.2477845e-05 | CD7: 5.2577842e-05 | CE7: 5.2679113e-05 | CF7: 5.2781652e-05 | CG7: 5.2885445e-05 | CH7: 5.2990488e-05 | CI7: 5.3096775e-05 | CJ7: 5.3204298e-05 | CK7: 5.3313061e-05 | CL7: 5.3423071e-05 | CM7: 5.3534324e-05
A8: … | B8: 0 | C8: 0 | D8: 0 | E8: 0 | F8: 0 | G8: 0 | H8: 0 | I8: 0 | J8: 0 | K8: 0 | L8: 0 | M8: 0 | N8: 0 | O8: 0 | P8: 0 | Q8: 0 | R8: 0 | S8: 0 | T8: 0 | U8: 0 | V8: 0 | W8: 0 | X8: 0 | Y8: 0 | Z8: 0 | AA8: 0 | AB8: 0 | AC8: 0 | AD8: 0 | AE8: 0 | AF8: 5.2769166e-05 | AG8: 5.2693256e-05 | AH8: 5.2614517e-05 | AI8: 5.253457e-05 | AJ8: 5.2453834e-05 | AK8: 5.2372426e-05 | AL8: 5.229038e-05 | AM8: 5.2207906e-05 | AN8: 5.2125274e-05 | AO8: 5.2042613e-05 | AP8: 5.1960147e-05 | AQ8: 5.1877943e-05 | AR8: 5.1796049e-05 | AS8: 5.1714495e-05 | AT8: 5.1633265e-05 | AU8: 5.1820562e-05 | AV8: 5.1885131e-05 | AW8: 5.1950214e-05 | AX8: 5.20157e-05 | AY8: 5.2081508e-05 | AZ8: 5.2147615e-05 | BA8: 5.2214059e-05 | BB8: 5.2280919e-05 | BC8: 5.2348326e-05 | BD8: 5.2416362e-05 | BE8: 5.2485056e-05 | BF8: 5.2554358e-05 | BG8: 5.2624227e-05 | BH8: 5.2694617e-05 | BI8: 5.2765503e-05 | BJ8: 5.2836861e-05 | BK8: 5.2908715e-05 | BL8: 5.2981037e-05 | BM8: 5.3053844e-05 | BN8: 5.3127113e-05 | BO8: 5.3200846e-05 | BP8: 5.3275066e-05 | BQ8: 5.3349808e-05 | BR8: 5.3425155e-05 | BS8: 5.3501125e-05 | BT8: 5.35859e-05 | BU8: 5.3672283e-05 | BV8: 5.376027e-05 | BW8: 5.3849853e-05 | BX8: 5.3941018e-05 | BY8: 5.4033763e-05 | BZ8: 5.4128092e-05 | CA8: 5.4224009e-05 | CB8: 5.4321497e-05 | CC8: 5.4420573e-05 | CD8: 5.4521219e-05 | CE8: 5.4623426e-05 | CF8: 5.4727189e-05 | CG8: 5.4832486e-05 | CH8: 5.4939322e-05 | CI8: 5.5047676e-05 | CJ8: 5.5157543e-05 | CK8: 5.5268921e-05 | CL8: 5.5381827e-05 | CM8: 5.5496248e-05
A9: … | B9: 0 | C9: 0 | D9: 0 | E9: 0 | F9: 0 | G9: 0 | H9: 0 | I9: 0 | J9: 0 | K9: 0 | L9: 0 | M9: 0 | N9: 0 | O9: 0 | P9: 0 | Q9: 0 | R9: 0 | S9: 0 | T9: 0 | U9: 0 | V9: 0 | W9: 0 | X9: 0 | Y9: 0 | Z9: 0 | AA9: 0 | AB9: 0 | AC9: 0 | AD9: 0 | AE9: 0 | AF9: 3.7556434e-05 | AG9: 3.7502407e-05 | AH9: 3.7446368e-05 | AI9: 3.7389469e-05 | AJ9: 3.7332008e-05 | AK9: 3.7274069e-05 | AL9: 3.7215676e-05 | AM9: 3.7156978e-05 | AN9: 3.7098168e-05 | AO9: 3.7039337e-05 | AP9: 3.6980645e-05 | AQ9: 3.6922139e-05 | AR9: 3.6863855e-05 | AS9: 3.6805812e-05 | AT9: 3.6747999e-05 | AU9: 3.6881301e-05 | AV9: 3.6933063e-05 | AW9: 3.6984803e-05 | AX9: 3.7036437e-05 | AY9: 3.7087902e-05 | AZ9: 3.7139177e-05 | BA9: 3.7190286e-05 | BB9: 3.7241284e-05 | BC9: 3.7292262e-05 | BD9: 3.7343281e-05 | BE9: 3.7394359e-05 | BF9: 3.7445462e-05 | BG9: 3.7496556e-05 | BH9: 3.7547609e-05 | BI9: 3.7598598e-05 | BJ9: 3.7649503e-05 | BK9: 3.7700339e-05 | BL9: 3.775108e-05 | BM9: 3.7801728e-05 | BN9: 3.7852263e-05 | BO9: 3.7902674e-05 | BP9: 3.795298e-05 | BQ9: 3.8003198e-05 | BR9: 3.8053394e-05 | BS9: 3.8103575e-05 | BT9: 3.8156453e-05 | BU9: 3.8210418e-05 | BV9: 3.8265476e-05 | BW9: 3.8321624e-05 | BX9: 3.837886e-05 | BY9: 3.8437188e-05 | BZ9: 3.8496608e-05 | CA9: 3.8557128e-05 | CB9: 3.8618734e-05 | CC9: 3.8681443e-05 | CD9: 3.8745238e-05 | CE9: 3.8810115e-05 | CF9: 3.8876073e-05 | CG9: 3.8943094e-05 | CH9: 3.9011184e-05 | CI9: 3.9080324e-05 | CJ9: 3.9150511e-05 | CK9: 3.9221738e-05 | CL9: 3.9294017e-05 | CM9: 3.936733e-05
A10: … | B10: 0 | C10: 0 | D10: 0 | E10: 0 | F10: 0 | G10: 0 | H10: 0 | I10: 0 | J10: 0 | K10: 0 | L10: 0 | M10: 0 | N10: 0 | O10: 0 | P10: 0 | Q10: 0 | R10: 0 | S10: 0 | T10: 0 | U10: 0 | V10: 0 | W10: 0 | X10: 0 | Y10: 0 | Z10: 0 | AA10: 0 | AB10: 0 | AC10: 0 | AD10: 0 | AE10: 0 | AF10: 3.2802455e-05 | AG10: 3.2755267e-05 | AH10: 3.2706321e-05 | AI10: 3.2656625e-05 | AJ10: 3.2606437e-05 | AK10: 3.2555832e-05 | AL10: 3.2504831e-05 | AM10: 3.2453563e-05 | AN10: 3.2402197e-05 | AO10: 3.2350813e-05 | AP10: 3.2299551e-05 | AQ10: 3.2248451e-05 | AR10: 3.2197544e-05 | AS10: 3.2146848e-05 | AT10: 3.2096354e-05 | AU10: 3.2212782e-05 | AV10: 3.2464153e-05 | AW10: 3.2716906e-05 | AX10: 3.2970962e-05 | AY10: 3.3226264e-05 | AZ10: 3.3482789e-05 | BA10: 3.374055e-05 | BB10: 3.3999588e-05 | BC10: 3.4259969e-05 | BD10: 3.4521734e-05 | BE10: 3.4784889e-05 | BF10: 3.5049395e-05 | BG10: 3.5315228e-05 | BH10: 3.5582358e-05 | BI10: 3.5850774e-05 | BJ10: 3.6120462e-05 | BK10: 3.6391437e-05 | BL10: 3.6663678e-05 | BM10: 3.6937198e-05 | BN10: 3.7211979e-05 | BO10: 3.7488031e-05 | BP10: 3.776536e-05 | BQ10: 3.8043985e-05 | BR10: 3.8323934e-05 | BS10: 3.860521e-05 | BT10: 3.867792e-05 | BU10: 3.8751713e-05 | BV10: 3.8826592e-05 | BW10: 3.8902553e-05 | BX10: 3.8979588e-05 | BY10: 3.9057691e-05 | BZ10: 3.9136866e-05 | CA10: 3.9217106e-05 | CB10: 3.9298399e-05 | CC10: 3.9380745e-05 | CD10: 3.9464137e-05 | CE10: 3.9548569e-05 | CF10: 3.9634035e-05 | CG10: 3.9720527e-05 | CH10: 3.9808039e-05 | CI10: 3.9896568e-05 | CJ10: 3.9986108e-05 | CK10: 4.0076663e-05 | CL10: 4.016824e-05 | CM10: 4.0260837e-05
A11: … | B11: 0 | C11: 0 | D11: 0 | E11: 0 | F11: 0 | G11: 0 | H11: 0 | I11: 0 | J11: 0 | K11: 0 | L11: 0 | M11: 0 | N11: 0 | O11: 0 | P11: 0 | Q11: 0 | R11: 0 | S11: 0 | T11: 0 | U11: 0 | V11: 0 | W11: 0 | X11: 0 | Y11: 0 | Z11: 0 | AA11: 0 | AB11: 0 | AC11: 0 | AD11: 0 | AE11: 0 | AF11: 9.8542367e-06 | AG11: 9.9823314e-06 | AH11: 1.0100377e-05 | AI11: 1.0217954e-05 | AJ11: 1.0335036e-05 | AK11: 1.045161e-05 | AL11: 1.0567721e-05 | AM11: 1.0683585e-05 | AN11: 1.0799445e-05 | AO11: 1.0915504e-05 | AP11: 1.1031807e-05 | AQ11: 1.114831e-05 | AR11: 1.126487e-05 | AS11: 1.1381328e-05 | AT11: 1.1497512e-05 | AU11: 1.1803464e-05 | AV11: 1.2071077e-05 | AW11: 1.2339033e-05 | AX11: 1.2607263e-05 | AY11: 1.2875722e-05 | AZ11: 1.3144398e-05 | BA11: 1.34133e-05 | BB11: 1.3682449e-05 | BC11: 1.3951887e-05 | BD11: 1.4221622e-05 | BE11: 1.4491644e-05 | BF11: 1.4761925e-05 | BG11: 1.5032444e-05 | BH11: 1.5303188e-05 | BI11: 1.5574123e-05 | BJ11: 1.5845232e-05 | BK11: 1.6116482e-05 | BL11: 1.6387847e-05 | BM11: 1.6659294e-05 | BN11: 1.6930805e-05 | BO11: 1.720234e-05 | BP11: 1.747389e-05 | BQ11: 1.7745422e-05 | BR11: 1.8016931e-05 | BS11: 1.8288393e-05 | BT11: 1.8537394e-05 | BU11: 1.8786939e-05 | BV11: 1.9037001e-05 | BW11: 1.9287579e-05 | BX11: 1.9538671e-05 | BY11: 1.9790284e-05 | BZ11: 2.0042405e-05 | CA11: 2.0295034e-05 | CB11: 2.0548157e-05 | CC11: 2.0801759e-05 | CD11: 2.1055828e-05 | CE11: 2.1310347e-05 | CF11: 2.1565315e-05 | CG11: 2.1820724e-05 | CH11: 2.2076568e-05 | CI11: 2.2332827e-05 | CJ11: 2.2589489e-05 | CK11: 2.284651e-05 | CL11: 2.3103865e-05 | CM11: 2.3361499e-05
A12: … | B12: 0 | C12: 0 | D12: 0 | E12: 0 | F12: 0 | G12: 0 | H12: 0 | I12: 0 | J12: 0 | K12: 0 | L12: 0 | M12: 0 | N12: 0 | O12: 0 | P12: 0 | Q12: 0 | R12: 0 | S12: 0 | T12: 0 | U12: 0 | V12: 0 | W12: 0 | X12: 0 | Y12: 0 | Z12: 0 | AA12: 0 | AB12: 0 | AC12: 0 | AD12: 0 | AE12: 0 | AF12: 2.1546611e-05 | AG12: 2.1548776e-05 | AH12: 2.1529814e-05 | AI12: 2.1511796e-05 | AJ12: 2.1494295e-05 | AK12: 2.1477259e-05 | AL12: 2.1460781e-05 | AM12: 2.1445238e-05 | AN12: 2.1430974e-05 | AO12: 2.1418246e-05 | AP12: 2.1406989e-05 | AQ12: 2.1396971e-05 | AR12: 2.1387819e-05 | AS12: 2.1379161e-05 | AT12: 2.1370586e-05 | AU12: 2.1564353e-05 | AV12: 2.1793341e-05 | AW12: 2.20229e-05 | AX12: 2.2252916e-05 | AY12: 2.2483317e-05 | AZ12: 2.2714122e-05 | BA12: 2.294537e-05 | BB12: 2.3177169e-05 | BC12: 2.3409715e-05 | BD12: 2.3643118e-05 | BE12: 2.3877389e-05 | BF12: 2.411249e-05 | BG12: 2.4348441e-05 | BH12: 2.4585313e-05 | BI12: 2.4823071e-05 | BJ12: 2.5061723e-05 | BK12: 2.5301223e-05 | BL12: 2.554147e-05 | BM12: 2.5782357e-05 | BN12: 2.6023827e-05 | BO12: 2.6265788e-05 | BP12: 2.650824e-05 | BQ12: 2.6751113e-05 | BR12: 2.6994399e-05 | BS12: 2.7238016e-05 | BT12: 2.7486278e-05 | BU12: 2.7735067e-05 | BV12: 2.7984373e-05 | BW12: 2.8234186e-05 | BX12: 2.8484527e-05 | BY12: 2.8735408e-05 | BZ12: 2.8986784e-05 | CA12: 2.9238689e-05 | CB12: 2.9491106e-05 | CC12: 2.974403e-05 | CD12: 2.9997419e-05 | CE12: 3.0251286e-05 | CF12: 3.0505605e-05 | CG12: 3.0760362e-05 | CH12: 3.1015538e-05 | CI12: 3.1271124e-05 | CJ12: 3.1527085e-05 | CK12: 3.1783371e-05 | CL12: 3.2039952e-05 | CM12: 3.2296748e-05
A14: ROW.Per_capita_VFN_demand_Scenario | B14: 0 | C14: 0 | D14: 0 | E14: 0 | F14: 0 | G14: 0 | H14: 0 | I14: 0 | J14: 0 | K14: 0 | L14: 0 | M14: 0 | N14: 0 | O14: 0 | P14: 0 | Q14: 0 | R14: 0 | S14: 0 | T14: 0 | U14: 0 | V14: 0 | W14: 0 | X14: 0 | Y14: 0 | Z14: 0 | AA14: 0 | AB14: 0 | AC14: 0 | AD14: 0 | AE14: 0 | AF14: 7.2579401e-05 | AG14: 7.271075e-05 | AH14: 7.2835631e-05 | AI14: 7.2966845e-05 | AJ14: 7.310436e-05 | AK14: 7.3248247e-05 | AL14: 7.3398755e-05 | AM14: 7.3555626e-05 | AN14: 7.371863e-05 | AO14: 7.388793e-05 | AP14: 7.4063048e-05 | AQ14: 7.4244147e-05 | AR14: 7.4431632e-05 | AS14: 7.4625872e-05 | AT14: 7.4827372e-05 | AU14: 7.5272799e-05 | AV14: 7.5653422e-05 | AW14: 7.6040194e-05 | AX14: 7.6432191e-05 | AY14: 7.682888e-05 | AZ14: 7.7229801e-05 | BA14: 7.7634911e-05 | BB14: 7.8043932e-05 | BC14: 7.8456345e-05 | BD14: 7.8871802e-05 | BE14: 7.9290254e-05 | BF14: 7.9711491e-05 | BG14: 8.0135789e-05 | BH14: 8.0562988e-05 | BI14: 8.0993198e-05 | BJ14: 8.1426527e-05 | BK14: 8.1862877e-05 | BL14: 8.2302563e-05 | BM14: 8.2745948e-05 | BN14: 8.3193151e-05 | BO14: 8.3644367e-05 | BP14: 8.4099277e-05 | BQ14: 8.4557926e-05 | BR14: 8.5019751e-05 | BS14: 8.8421504e-05 | BT14: 8.8842394e-05 | BU14: 8.9265304e-05 | BV14: 8.968967e-05 | BW14: 9.0115191e-05 | BX14: 9.0541413e-05 | BY14: 9.0968056e-05 | BZ14: 9.1395259e-05 | CA14: 9.1822764e-05 | CB14: 9.2250697e-05 | CC14: 9.2678861e-05 | CD14: 9.3107438e-05 | CE14: 9.3536263e-05 | CF14: 9.3965275e-05 | CG14: 9.4394519e-05 | CH14: 9.4823893e-05 | CI14: 9.5253529e-05 | CJ14: 9.5683466e-05 | CK14: 9.6113971e-05 | CL14: 9.6545001e-05 | CM14: 9.6977e-05
A16: USA.per_capita_animal_product_demand_scenario | B16: 0 | C16: 0 | D16: 0 | E16: 0 | F16: 0 | G16: 0 | H16: 0 | I16: 0 | J16: 0 | K16: 0 | L16: 0 | M16: 0 | N16: 0 | O16: 0 | P16: 0 | Q16: 0 | R16: 0 | S16: 0 | T16: 0 | U16: 0 | V16: 0 | W16: 0 | X16: 0 | Y16: 0 | Z16: 0 | AA16: 0 | AB16: 0 | AC16: 0 | AD16: 0 | AE16: 0 | AF16: 2.6047124e-05 | AG16: 2.5931821e-05 | AH16: 2.5817027e-05 | AI16: 2.5702742e-05 | AJ16: 2.5588963e-05 | AK16: 2.5475688e-05 | AL16: 2.5362914e-05 | AM16: 2.5250639e-05 | AN16: 2.5138861e-05 | AO16: 2.5027578e-05 | AP16: 2.4916788e-05 | AQ16: 2.4806488e-05 | AR16: 2.4696676e-05 | AS16: 2.458735e-05 | AT16: 2.4478509e-05 | AU16: 2.4527271e-05 | AV16: 2.4548594e-05 | AW16: 2.4569925e-05 | AX16: 2.4591263e-05 | AY16: 2.4612609e-05 | AZ16: 2.4633963e-05 | BA16: 2.4655324e-05 | BB16: 2.4676693e-05 | BC16: 2.469807e-05 | BD16: 2.4719454e-05 | BE16: 2.4740846e-05 | BF16: 2.4762246e-05 | BG16: 2.4783653e-05 | BH16: 2.4805068e-05 | BI16: 2.482649e-05 | BJ16: 2.484792e-05 | BK16: 2.4869358e-05 | BL16: 2.4890803e-05 | BM16: 2.4912256e-05 | BN16: 2.4933717e-05 | BO16: 2.4955185e-05 | BP16: 2.4976662e-05 | BQ16: 2.4998145e-05 | BR16: 2.5019637e-05 | BS16: 2.5041136e-05 | BT16: 2.5062642e-05 | BU16: 2.5084157e-05 | BV16: 2.5105679e-05 | BW16: 2.5127209e-05 | BX16: 2.5148746e-05 | BY16: 2.5170292e-05 | BZ16: 2.5191844e-05 | CA16: 2.5213405e-05 | CB16: 2.5234973e-05 | CC16: 2.5256549e-05 | CD16: 2.5278133e-05 | CE16: 2.5299724e-05 | CF16: 2.5321323e-05 | CG16: 2.534293e-05 | CH16: 2.5364545e-05 | CI16: 2.5386167e-05 | CJ16: 2.5407797e-05 | CK16: 2.5429435e-05 | CL16: 2.545108e-05 | CM16: 2.5472733e-05
... A50: USA.Potential VFN yield | B50: 0 | C50: 0 | D50: 0 | E50: 0 | F50: 0 | G50: 0 | H50: 0 | I50: 0 | J50: 0 | K50: 0 | L50: 0 | M50: 0 | N50: 0 | O50: 0 | P50: 0 | Q50: 0 | R50: 0 | S50: 0 | T50: 0 | U50: 0 | V50: 0 | W50: 0 | X50: 0 | Y50: 0 | Z50: 0 | AA50: 0 | AB50: 0 | AC50: 0 | AD50: 0 | AE50: 0 | AF50: 0.00086618671 | AG50: 0.00087332066 | AH50: 0.0008804546 | AI50: 0.00088758854 | AJ50: 0.00089472249 | AK50: 0.00090185643 | AL50: 0.00090899038 | AM50: 0.00091612432 | AN50: 0.00092325827 | AO50: 0.00093039221 | AP50: 0.00093752615 | AQ50: 0.0009446601 | AR50: 0.00095179404 | AS50: 0.00095892799 | AT50: 0.00096606193 | AU50: 0.00097319588 | AV50: 0.00099072165 | AW50: 0.0010082474 | AX50: 0.0010257732 | AY50: 0.001043299 | AZ50: 0.0010608247 | BA50: 0.0010783505 | BB50: 0.0010958763 | BC50: 0.0011134021 | BD50: 0.0011309278 | BE50: 0.0011484536 | BF50: 0.0011659794 | BG50: 0.0011835052 | BH50: 0.0012010309 | BI50: 0.0012185567 | BJ50: 0.0012360825 | BK50: 0.0012536082 | BL50: 0.001271134 | BM50: 0.0012886598 | BN50: 0.0013061856 | BO50: 0.0013237113 | BP50: 0.0013412371 | BQ50: 0.0013587629 | BR50: 0.0013762887 | BS50: 0.0013938144 | BT50: 0.0014113402 | BU50: 0.001428866 | BV50: 0.0014463918 | BW50: 0.0014639175 | BX50: 0.0014814433 | BY50: 0.0014989691 | BZ50: 0.0015164948 | CA50: 0.0015340206 | CB50: 0.0015515464 | CC50: 0.0015690722 | CD50: 0.0015865979 | CE50: 0.0016041237 | CF50: 0.0016216495 | CG50: 0.0016391753 | CH50: 0.001656701 | CI50: 0.0016742268 | CJ50: 0.0016917526 | CK50: 0.0017092784 | CL50: 0.0017268041 | CM50: 0.0017443299
A52: USA.Crop Land Alloc to Cellulosic Energy Crop | B52: ='WAO Scenario Ag'!B23 -> 0 | C52: ='WAO Scenario Ag'!C23 -> 0 | D52: ='WAO Scenario Ag'!D23 -> 0 | E52: ='WAO Scenario Ag'!E23 -> 0 | F52: ='WAO Scenario Ag'!F23 -> 0 | G52: ='WAO Scenario Ag'!G23 -> 0 | H52: ='WAO Scenario Ag'!H23 -> 0 | I52: ='WAO Scenario Ag'!I23 -> 0 | ... CM52: ='WAO Scenario Ag'!CM23 -> 22021019
A54: ROW.Crop Land Alloc to Cellulosic Energy Crop | B54: ='WAO Scenario Ag'!B24 -> 0 | C54: ='WAO Scenario Ag'!C24 -> 0 | D54: ='WAO Scenario Ag'!D24 -> 0 | E54: ='WAO Scenario Ag'!E24 -> 0 | F54: ='WAO Scenario Ag'!F24 -> 0 | G54: ='WAO Scenario Ag'!G24 -> 0 | H54: ='WAO Scenario Ag'!H24 -> 0 | I54: ='WAO Scenario Ag'!I24 -> 0 | ... CM54: ='WAO Scenario Ag'!CM24 -> 61165926

Sheet LUC-2013-01-08-Run3
B1: 1961 | C1: 1962 | D1: 1963 | E1: 1964 | F1: 1965 | G1: 1966 | H1: 1967 | I1: 1968 | J1: 1969 | K1: 1970 | L1: 1971 | M1: 1972 | N1: 1973 | O1: 1974 | P1: 1975 | Q1: 1976 | R1: 1977 | S1: 1978 | T1: 1979 | U1: 1980 | V1: 1981 | W1: 1982 | X1: 1983 | Y1: 1984 | Z1: 1985 | AA1: 1986 | AB1: 1987 | AC1: 1988 | AD1: 1989 | AE1: 1990 | AF1: 1991 | AG1: 1992 | AH1: 1993 | AI1: 1994 | AJ1: 1995 | AK1: 1996 | AL1: 1997 | AM1: 1998 | AN1: 1999 | AO1: 2000 | AP1: 2001 | AQ1: 2002 | AR1: 2003 | AS1: 2004 | AT1: 2005 | AU1: 2006 | AV1: 2007 | AW1: 2008 | AX1: 2009 | AY1: 2010 | AZ1: 2011 | BA1: 2012 | BB1: 2013 | BC1: 2014 | BD1: 2015 | BE1: 2016 | BF1: 2017 | BG1: 2018 | BH1: 2019 | BI1: 2020 | BJ1: 2021 | BK1: 2022 | BL1: 2023 | BM1: 2024 | BN1: 2025 | BO1: 2026 | BP1: 2027 | BQ1: 2028 | BR1: 2029 | BS1: 2030 | BT1: 2031 | BU1: 2032 | BV1: 2033 | BW1: 2034 | BX1: 2035 | BY1: 2036 | BZ1: 2037 | CA1: 2038 | CB1: 2039 | CC1: 2040 | CD1: 2041 | CE1: 2042 | CF1: 2043 | CG1: 2044 | CH1: 2045 | CI1: 2046 | CJ1: 2047 | CK1: 2048 | CL1: 2049 | CM1: 2050
A2: ROW.per_capita_animal_product_demand_scenario | B2: 0 | C2: 0 | D2: 0 | E2: 0 | F2: 0 | G2: 0 | H2: 0 | I2: 0 | J2: 0 | K2: 0 | L2: 0 | M2: 0 | N2: 0 | O2: 0 | P2: 0 | Q2: 0 | R2: 0 | S2: 0 | T2: 0 | U2: 0 | V2: 0 | W2: 0 | X2: 0 | Y2: 0 | Z2: 0 | AA2: 0 | AB2: 0 | AC2: 0 | AD2: 0 | AE2: 0 | AF2: 1.0508416e-05 | AG2: 1.0527619e-05 | AH2: 1.0524145e-05 | AI2: 1.0522463e-05 | AJ2: 1.0522681e-05 | AK2: 1.0524798e-05 | AL2: 1.0528849e-05 | AM2: 1.0535258e-05 | AN2: 1.0544408e-05 | AO2: 1.0556611e-05 | AP2: 1.0571845e-05 | AQ2: 1.058998e-05 | AR2: 1.0610719e-05 | AS2: 1.0633798e-05 | AT2: 1.0658935e-05 | AU2: 1.0686103e-05 | AV2: 1.0706788e-05 | AW2: 1.0728456e-05 | AX2: 1.0751066e-05 | AY2: 1.0774564e-05 | AZ2: 1.079896e-05 | BA2: 1.0824296e-05 | BB2: 1.0850593e-05 | BC2: 1.0877941e-05 | BD2: 1.0906366e-05 | BE2: 1.0935893e-05 | BF2: 1.0966503e-05 | BG2: 1.0998166e-05 | BH2: 1.1030891e-05 | BI2: 1.1064614e-05 | BJ2: 1.1099353e-05 | BK2: 1.1135071e-05 | BL2: 1.1171769e-05 | BM2: 1.1209436e-05 | BN2: 1.1248082e-05 | BO2: 1.1287651e-05 | BP2: 1.1328155e-05 | BQ2: 1.1369577e-05 | BR2: 1.141197e-05 | BS2: 1.1455315e-05 | BT2: 1.1499618e-05 | BU2: 1.1544883e-05 | BV2: 1.1591015e-05 | BW2: 1.1637937e-05 | BX2: 1.1685595e-05 | BY2: 1.1733977e-05 | BZ2: 1.1783073e-05 | CA2: 1.1832927e-05 | CB2: 1.1883595e-05 | CC2: 1.1935118e-05 | CD2: 1.1987489e-05 | CE2: 1.2040728e-05 | CF2: 1.2094807e-05 | CG2: 1.2149717e-05 | CH2: 1.2205477e-05 | CI2: 1.2262068e-05 | CJ2: 1.2319521e-05 | CK2: 1.2377868e-05 | CL2: 1.2437151e-05 | CM2: 1.2497423e-05
A3: … | B3: 0 | C3: 0 | D3: 0 | E3: 0 | F3: 0 | G3: 0 | H3: 0 | I3: 0 | J3: 0 | K3: 0 | L3: 0 | M3: 0 | N3: 0 | O3: 0 | P3: 0 | Q3: 0 | R3: 0 | S3: 0 | T3: 0 | U3: 0 | V3: 0 | W3: 0 | X3: 0 | Y3: 0 | Z3: 0 | AA3: 0 | AB3: 0 | AC3: 0 | AD3: 0 | AE3: 0 | AF3: 7.000043e-05 | AG3: 7.0630961e-05 | AH3: 7.1066274e-05 | AI3: 7.150778e-05 | AJ3: 7.1952945e-05 | AK3: 7.2400862e-05 | AL3: 7.2852846e-05 | AM3: 7.3313274e-05 | AN3: 7.3787111e-05 | AO3: 7.4277958e-05 | AP3: 7.4785862e-05 | AQ3: 7.5308758e-05 | AR3: 7.584261e-05 | AS3: 7.638308e-05 | AT3: 7.6926134e-05 | AU3: 7.747081e-05 | AV3: 7.7835708e-05 | AW3: 7.8201471e-05 | AX3: 7.8567369e-05 | AY3: 7.8932911e-05 | AZ3: 7.9297852e-05 | BA3: 7.9662258e-05 | BB3: 8.0026719e-05 | BC3: 8.0392479e-05 | BD3: 8.0760241e-05 | BE3: 8.1130207e-05 | BF3: 8.150222e-05 | BG3: 8.1876587e-05 | BH3: 8.2253774e-05 | BI3: 8.2633806e-05 | BJ3: 8.3016912e-05 | BK3: 8.3402934e-05 | BL3: 8.3791548e-05 | BM3: 8.4182323e-05 | BN3: 8.457512e-05 | BO3: 8.4969478e-05 | BP3: 8.5365604e-05 | BQ3: 8.5763088e-05 | BR3: 8.6162015e-05 | BS3: 8.6562047e-05 | BT3: 8.6909832e-05 | BU3: 8.7260258e-05 | BV3: 8.761298e-05 | BW3: 8.796821e-05 | BX3: 8.8325924e-05 | BY3: 8.8686259e-05 | BZ3: 8.9048882e-05 | CA3: 8.9414054e-05 | CB3: 8.9781752e-05 | CC3: 9.0152e-05 | CD3: 9.0524661e-05 | CE3: 9.0899781e-05 | CF3: 9.1277331e-05 | CG3: 9.1657233e-05 | CH3: 9.2039603e-05 | CI3: 9.2424321e-05 | CJ3: 9.2811363e-05 | CK3: 9.3200498e-05 | CL3: 9.359191e-05 | CM3: 9.3985309e-05
A4: ... | B4: 0 | C4: 0 | D4: 0 | E4: 0 | F4: 0 | G4: 0 | H4: 0 | I4: 0 | J4: 0 | K4: 0 | L4: 0 | M4: 0 | N4: 0 | O4: 0 | P4: 0 | Q4: 0 | R4: 0 | S4: 0 | T4: 0 | U4: 0 | V4: 0 | W4: 0 | X4: 0 | Y4: 0 | Z4: 0 | AA4: 0 | AB4: 0 | AC4: 0 | AD4: 0 | AE4: 0 | AF4: 1.3228987e-05 | AG4: 1.3351004e-05 | AH4: 1.3448211e-05 | AI4: 1.3548882e-05 | AJ4: 1.365327e-05 | AK4: 1.3761501e-05 | AL4: 1.3873701e-05 | AM4: 1.3990475e-05 | AN4: 1.4112379e-05 | AO4: 1.4239928e-05 | AP4: 1.4373259e-05 | AQ4: 1.4512397e-05 | AR4: 1.4657165e-05 | AS4: 1.4807427e-05 | AT4: 1.4962997e-05 | AU4: 1.512402e-05 | AV4: 1.5129679e-05 | AW4: 1.5136668e-05 | AX4: 1.5144948e-05 | AY4: 1.5154462e-05 | AZ4: 1.5165243e-05 | BA4: 1.5177363e-05 | BB4: 1.5190865e-05 | BC4: 1.5205886e-05 | BD4: 1.5222476e-05 | BE4: 1.524069e-05 | BF4: 1.5260525e-05 | BG4: 1.528197e-05 | BH4: 1.5305073e-05 | BI4: 1.532978e-05 | BJ4: 1.5356154e-05 | BK4: 1.5384179e-05 | BL4: 1.541389e-05 | BM4: 1.5445307e-05 | BN4: 1.5478483e-05 | BO4: 1.5513378e-05 | BP4: 1.5550048e-05 | BQ4: 1.55885e-05 | BR4: 1.562883e-05 | BS4: 1.5671044e-05 | BT4: 1.5715176e-05 | BU4: 1.5761274e-05 | BV4: 1.5809239e-05 | BW4: 1.5859003e-05 | BX4: 1.5910525e-05 | BY4: 1.5963826e-05 | BZ4: 1.6018932e-05 | CA4: 1.6075946e-05 | CB4: 1.6134996e-05 | CC4: 1.6196177e-05 | CD4: 1.6259531e-05 | CE4: 1.6325138e-05 | CF4: 1.6393003e-05 | CG4: 1.6463171e-05 | CH4: 1.6535713e-05 | CI4: 1.6610676e-05 | CJ4: 1.6688154e-05 | CK4: 1.6768272e-05 | CL4: 1.6851146e-05 | CM4: 1.6936941e-05
A5: ... | B5: 0 | C5: 0 | D5: 0 | E5: 0 | F5: 0 | G5: 0 | H5: 0 | I5: 0 | J5: 0 | K5: 0 | L5: 0 | M5: 0 | N5: 0 | O5: 0 | P5: 0 | Q5: 0 | R5: 0 | S5: 0 | T5: 0 | U5: 0 | V5: 0 | W5: 0 | X5: 0 | Y5: 0 | Z5: 0 | AA5: 0 | AB5: 0 | AC5: 0 | AD5: 0 | AE5: 0 | AF5: 7.0121002e-06 | AG5: 7.2210894e-06 | AH5: 7.4202146e-06 | AI5: 7.6288203e-06 | AJ5: 7.8474397e-06 | AK5: 8.0765895e-06 | AL5: 8.3168765e-06 | AM5: 8.5692634e-06 | AN5: 8.8347261e-06 | AO5: 9.1142143e-06 | AP5: 9.4084017e-06 | AQ5: 9.7178946e-06 | AR5: 1.0043174e-05 | AS5: 1.0384788e-05 | AT5: 1.0743309e-05 | AU5: 1.1119589e-05 | AV5: 1.1213797e-05 | AW5: 1.1310063e-05 | AX5: 1.1408395e-05 | AY5: 1.1508781e-05 | AZ5: 1.161128e-05 | BA5: 1.1715979e-05 | BB5: 1.1822948e-05 | BC5: 1.1932326e-05 | BD5: 1.2044192e-05 | BE5: 1.2158625e-05 | BF5: 1.2275664e-05 | BG5: 1.2395333e-05 | BH5: 1.2517707e-05 | BI5: 1.2642778e-05 | BJ5: 1.2770631e-05 | BK5: 1.2901294e-05 | BL5: 1.3034831e-05 | BM5: 1.31713e-05 | BN5: 1.3310783e-05 | BO5: 1.3453288e-05 | BP5: 1.3598903e-05 | BQ5: 1.374768e-05 | BR5: 1.3899751e-05 | BS5: 1.405517e-05 | BT5: 1.4214019e-05 | BU5: 1.4376384e-05 | BV5: 1.4542238e-05 | BW5: 1.4711574e-05 | BX5: 1.488441e-05 | BY5: 1.5060818e-05 | BZ5: 1.5240875e-05 | CA5: 1.5424723e-05 | CB5: 1.5612527e-05 | CC5: 1.5804431e-05 | CD5: 1.6000528e-05 | CE5: 1.6200948e-05 | CF5: 1.6405763e-05 | CG5: 1.6615072e-05 | CH5: 1.6829008e-05 | CI5: 1.704767e-05 | CJ5: 1.7271214e-05 | CK5: 1.749981e-05 | CL5: 1.7733636e-05 | CM5: 1.7972898e-05
A7: ROW.per_capita_commodity_crop_demand_scenario | B7: 0 | C7: 0 | D7: 0 | E7: 0 | F7: 0 | G7: 0 | H7: 0 | I7: 0 | J7: 0 | K7: 0 | L7: 0 | M7: 0 | N7: 0 | O7: 0 | P7: 0 | Q7: 0 | R7: 0 | S7: 0 | T7: 0 | U7: 0 | V7: 0 | W7: 0 | X7: 0 | Y7: 0 | Z7: 0 | AA7: 0 | AB7: 0 | AC7: 0 | AD7: 0 | AE7: 0 | AF7: 3.6843337e-05 | AG7: 3.6790336e-05 | AH7: 3.6735361e-05 | AI7: 3.6679542e-05 | AJ7: 3.6623172e-05 | AK7: 3.6566333e-05 | AL7: 3.6509049e-05 | AM7: 3.6451466e-05 | AN7: 3.6393772e-05 | AO7: 3.6336058e-05 | AP7: 3.6278481e-05 | AQ7: 3.6221086e-05 | AR7: 3.6163908e-05 | AS7: 3.6106967e-05 | AT7: 3.6050252e-05 | AU7: 3.5993816e-05 | AV7: 3.6240761e-05 | AW7: 3.6488319e-05 | AX7: 3.6736402e-05 | AY7: 3.6984942e-05 | AZ7: 3.7233916e-05 | BA7: 3.7483341e-05 | BB7: 3.7733265e-05 | BC7: 3.7983772e-05 | BD7: 3.8234915e-05 | BE7: 3.8486709e-05 | BF7: 3.8739113e-05 | BG7: 3.8992096e-05 | BH7: 3.9245624e-05 | BI7: 3.9499679e-05 | BJ7: 3.975424e-05 | BK7: 4.0009324e-05 | BL7: 4.0264903e-05 | BM7: 4.052098e-05 | BN7: 4.0777533e-05 | BO7: 4.103456e-05 | BP7: 4.1292071e-05 | BQ7: 4.1550085e-05 | BR7: 4.1808652e-05 | BS7: 4.2067778e-05 | BT7: 4.2057327e-05 | BU7: 4.204757e-05 | BV7: 4.2038516e-05 | BW7: 4.2030165e-05 | BX7: 4.2022518e-05 | BY7: 4.2015579e-05 | BZ7: 4.200935e-05 | CA7: 4.2003839e-05 | CB7: 4.1999036e-05 | CC7: 4.1994954e-05 | CD7: 4.1991584e-05 | CE7: 4.1988923e-05 | CF7: 4.1986974e-05 | CG7: 4.1985725e-05 | CH7: 4.1985181e-05 | CI7: 4.1985334e-05 | CJ7: 4.198618e-05 | CK7: 4.1987716e-05 | CL7: 4.1989957e-05 | CM7: 4.1992888e-05
A8: … | B8: 0 | C8: 0 | D8: 0 | E8: 0 | F8: 0 | G8: 0 | H8: 0 | I8: 0 | J8: 0 | K8: 0 | L8: 0 | M8: 0 | N8: 0 | O8: 0 | P8: 0 | Q8: 0 | R8: 0 | S8: 0 | T8: 0 | U8: 0 | V8: 0 | W8: 0 | X8: 0 | Y8: 0 | Z8: 0 | AA8: 0 | AB8: 0 | AC8: 0 | AD8: 0 | AE8: 0 | AF8: 5.2769166e-05 | AG8: 5.2693256e-05 | AH8: 5.2614517e-05 | AI8: 5.253457e-05 | AJ8: 5.2453834e-05 | AK8: 5.2372426e-05 | AL8: 5.229038e-05 | AM8: 5.2207906e-05 | AN8: 5.2125274e-05 | AO8: 5.2042613e-05 | AP8: 5.1960147e-05 | AQ8: 5.1877943e-05 | AR8: 5.1796049e-05 | AS8: 5.1714495e-05 | AT8: 5.1633265e-05 | AU8: 5.1552433e-05 | AV8: 5.1426673e-05 | AW8: 5.130194e-05 | AX8: 5.1178111e-05 | AY8: 5.1055095e-05 | AZ8: 5.0932864e-05 | BA8: 5.0811445e-05 | BB8: 5.069091e-05 | BC8: 5.0571373e-05 | BD8: 5.0452905e-05 | BE8: 5.0335522e-05 | BF8: 5.0219168e-05 | BG8: 5.0103801e-05 | BH8: 4.9989378e-05 | BI8: 4.9875874e-05 | BJ8: 4.9763265e-05 | BK8: 4.9651571e-05 | BL8: 4.9540761e-05 | BM8: 4.9430839e-05 | BN8: 4.9321783e-05 | BO8: 4.9213588e-05 | BP8: 4.9106274e-05 | BQ8: 4.8999864e-05 | BR8: 4.8894421e-05 | BS8: 4.8789948e-05 | BT8: 4.8777827e-05 | BU8: 4.8766511e-05 | BV8: 4.8756011e-05 | BW8: 4.8746326e-05 | BX8: 4.8737456e-05 | BY8: 4.8729408e-05 | BZ8: 4.8722184e-05 | CA8: 4.8715793e-05 | CB8: 4.8710222e-05 | CC8: 4.8705488e-05 | CD8: 4.8701579e-05 | CE8: 4.8698493e-05 | CF8: 4.8696233e-05 | CG8: 4.8694784e-05 | CH8: 4.8694153e-05 | CI8: 4.8694331e-05 | CJ8: 4.8695312e-05 | CK8: 4.8697093e-05 | CL8: 4.8699693e-05 | CM8: 4.8703092e-05
A9: … | B9: 0 | C9: 0 | D9: 0 | E9: 0 | F9: 0 | G9: 0 | H9: 0 | I9: 0 | J9: 0 | K9: 0 | L9: 0 | M9: 0 | N9: 0 | O9: 0 | P9: 0 | Q9: 0 | R9: 0 | S9: 0 | T9: 0 | U9: 0 | V9: 0 | W9: 0 | X9: 0 | Y9: 0 | Z9: 0 | AA9: 0 | AB9: 0 | AC9: 0 | AD9: 0 | AE9: 0 | AF9: 3.7556434e-05 | AG9: 3.7502407e-05 | AH9: 3.7446368e-05 | AI9: 3.7389469e-05 | AJ9: 3.7332008e-05 | AK9: 3.7274069e-05 | AL9: 3.7215676e-05 | AM9: 3.7156978e-05 | AN9: 3.7098168e-05 | AO9: 3.7039337e-05 | AP9: 3.6980645e-05 | AQ9: 3.6922139e-05 | AR9: 3.6863855e-05 | AS9: 3.6805812e-05 | AT9: 3.6747999e-05 | AU9: 3.669047e-05 | AV9: 3.6554387e-05 | AW9: 3.641905e-05 | AX9: 3.628437e-05 | AY9: 3.6150285e-05 | AZ9: 3.6016773e-05 | BA9: 3.5883857e-05 | BB9: 3.5751585e-05 | BC9: 3.562004e-05 | BD9: 3.5489271e-05 | BE9: 3.5359289e-05 | BF9: 3.5230055e-05 | BG9: 3.5101538e-05 | BH9: 3.4973709e-05 | BI9: 3.484655e-05 | BJ9: 3.4720044e-05 | BK9: 3.4594207e-05 | BL9: 3.4469014e-05 | BM9: 3.4344472e-05 | BN9: 3.4220562e-05 | BO9: 3.4097284e-05 | BP9: 3.3974651e-05 | BQ9: 3.385268e-05 | BR9: 3.3731412e-05 | BS9: 3.3610853e-05 | BT9: 3.3602503e-05 | BU9: 3.3594708e-05 | BV9: 3.3587474e-05 | BW9: 3.3580802e-05 | BX9: 3.3574692e-05 | BY9: 3.3569148e-05 | BZ9: 3.3564171e-05 | CA9: 3.3559769e-05 | CB9: 3.3555931e-05 | CC9: 3.355267e-05 | CD9: 3.3549977e-05 | CE9: 3.3547851e-05 | CF9: 3.3546294e-05 | CG9: 3.3545296e-05 | CH9: 3.3544861e-05 | CI9: 3.3544983e-05 | CJ9: 3.3545659e-05 | CK9: 3.3546886e-05 | CL9: 3.3548677e-05 | CM9: 3.3551019e-05
A10: … | B10: 0 | C10: 0 | D10: 0 | E10: 0 | F10: 0 | G10: 0 | H10: 0 | I10: 0 | J10: 0 | K10: 0 | L10: 0 | M10: 0 | N10: 0 | O10: 0 | P10: 0 | Q10: 0 | R10: 0 | S10: 0 | T10: 0 | U10: 0 | V10: 0 | W10: 0 | X10: 0 | Y10: 0 | Z10: 0 | AA10: 0 | AB10: 0 | AC10: 0 | AD10: 0 | AE10: 0 | AF10: 3.2802455e-05 | AG10: 3.2755267e-05 | AH10: 3.2706321e-05 | AI10: 3.2656625e-05 | AJ10: 3.2606437e-05 | AK10: 3.2555832e-05 | AL10: 3.2504831e-05 | AM10: 3.2453563e-05 | AN10: 3.2402197e-05 | AO10: 3.2350813e-05 | AP10: 3.2299551e-05 | AQ10: 3.2248451e-05 | AR10: 3.2197544e-05 | AS10: 3.2146848e-05 | AT10: 3.2096354e-05 | AU10: 3.2046107e-05 | AV10: 3.2141497e-05 | AW10: 3.2237472e-05 | AX10: 3.2333953e-05 | AY10: 3.2430883e-05 | AZ10: 3.2528241e-05 | BA10: 3.2626044e-05 | BB10: 3.2724335e-05 | BC10: 3.2823187e-05 | BD10: 3.2922647e-05 | BE10: 3.3022726e-05 | BF10: 3.3123389e-05 | BG10: 3.3224607e-05 | BH10: 3.3326354e-05 | BI10: 3.3428612e-05 | BJ10: 3.3531365e-05 | BK10: 3.3634627e-05 | BL10: 3.3738375e-05 | BM10: 3.3842612e-05 | BN10: 3.394732e-05 | BO10: 3.4052497e-05 | BP10: 3.4158155e-05 | BQ10: 3.4264307e-05 | BR10: 3.4370998e-05 | BS10: 3.447823e-05 | BT10: 3.4469665e-05 | BU10: 3.4461668e-05 | BV10: 3.4454248e-05 | BW10: 3.4447403e-05 | BX10: 3.4441136e-05 | BY10: 3.4435448e-05 | BZ10: 3.4430343e-05 | CA10: 3.4425827e-05 | CB10: 3.442189e-05 | CC10: 3.4418545e-05 | CD10: 3.4415782e-05 | CE10: 3.4413602e-05 | CF10: 3.4412005e-05 | CG10: 3.4410981e-05 | CH10: 3.4410535e-05 | CI10: 3.441066e-05 | CJ10: 3.4411354e-05 | CK10: 3.4412612e-05 | CL10: 3.441445e-05 | CM10: 3.4416852e-05
A11: … | B11: 0 | C11: 0 | D11: 0 | E11: 0 | F11: 0 | G11: 0 | H11: 0 | I11: 0 | J11: 0 | K11: 0 | L11: 0 | M11: 0 | N11: 0 | O11: 0 | P11: 0 | Q11: 0 | R11: 0 | S11: 0 | T11: 0 | U11: 0 | V11: 0 | W11: 0 | X11: 0 | Y11: 0 | Z11: 0 | AA11: 0 | AB11: 0 | AC11: 0 | AD11: 0 | AE11: 0 | AF11: 9.8542367e-06 | AG11: 9.9823314e-06 | AH11: 1.0100377e-05 | AI11: 1.0217954e-05 | AJ11: 1.0335036e-05 | AK11: 1.045161e-05 | AL11: 1.0567721e-05 | AM11: 1.0683585e-05 | AN11: 1.0799445e-05 | AO11: 1.0915504e-05 | AP11: 1.1031807e-05 | AQ11: 1.114831e-05 | AR11: 1.126487e-05 | AS11: 1.1381328e-05 | AT11: 1.1497512e-05 | AU11: 1.1613397e-05 | AV11: 1.1713799e-05 | AW11: 1.181447e-05 | AX11: 1.1915346e-05 | AY11: 1.2016381e-05 | AZ11: 1.2117558e-05 | BA11: 1.2218891e-05 | BB11: 1.2320406e-05 | BC11: 1.2422163e-05 | BD11: 1.2524187e-05 | BE11: 1.2626484e-05 | BF11: 1.2729031e-05 | BG11: 1.2831825e-05 | BH11: 1.2934868e-05 | BI11: 1.3038142e-05 | BJ11: 1.3141646e-05 | BK11: 1.3245362e-05 | BL11: 1.3349273e-05 | BM11: 1.3453362e-05 | BN11: 1.3557618e-05 | BO11: 1.3662013e-05 | BP11: 1.3766548e-05 | BQ11: 1.3871201e-05 | BR11: 1.3975979e-05 | BS11: 1.4080865e-05 | BT11: 1.4176706e-05 | BU11: 1.4272898e-05 | BV11: 1.4369405e-05 | BW11: 1.4466221e-05 | BX11: 1.4563333e-05 | BY11: 1.4660743e-05 | BZ11: 1.475844e-05 | CA11: 1.4856433e-05 | CB11: 1.4954724e-05 | CC11: 1.5053311e-05 | CD11: 1.5152187e-05 | CE11: 1.5251348e-05 | CF11: 1.5350789e-05 | CG11: 1.5450503e-05 | CH11: 1.5550494e-05 | CI11: 1.5650749e-05 | CJ11: 1.5751267e-05 | CK11: 1.5852033e-05 | CL11: 1.5953047e-05 | CM11: 1.605429e-05
A12: … | B12: 0 | C12: 0 | D12: 0 | E12: 0 | F12: 0 | G12: 0 | H12: 0 | I12: 0 | J12: 0 | K12: 0 | L12: 0 | M12: 0 | N12: 0 | O12: 0 | P12: 0 | Q12: 0 | R12: 0 | S12: 0 | T12: 0 | U12: 0 | V12: 0 | W12: 0 | X12: 0 | Y12: 0 | Z12: 0 | AA12: 0 | AB12: 0 | AC12: 0 | AD12: 0 | AE12: 0 | AF12: 2.1546611e-05 | AG12: 2.1548776e-05 | AH12: 2.1529814e-05 | AI12: 2.1511796e-05 | AJ12: 2.1494295e-05 | AK12: 2.1477259e-05 | AL12: 2.1460781e-05 | AM12: 2.1445238e-05 | AN12: 2.1430974e-05 | AO12: 2.1418246e-05 | AP12: 2.1406989e-05 | AQ12: 2.1396971e-05 | AR12: 2.1387819e-05 | AS12: 2.1379161e-05 | AT12: 2.1370586e-05 | AU12: 2.136208e-05 | AV12: 2.143122e-05 | AW12: 2.1500622e-05 | AX12: 2.1570179e-05 | AY12: 2.1639822e-05 | AZ12: 2.1709568e-05 | BA12: 2.1779463e-05 | BB12: 2.1849627e-05 | BC12: 2.1920278e-05 | BD12: 2.1991551e-05 | BE12: 2.2063476e-05 | BF12: 2.2136023e-05 | BG12: 2.2209233e-05 | BH12: 2.2283197e-05 | BI12: 2.2357891e-05 | BJ12: 2.2433347e-05 | BK12: 2.2509532e-05 | BL12: 2.258636e-05 | BM12: 2.266374e-05 | BN12: 2.2741629e-05 | BO12: 2.2819946e-05 | BP12: 2.2898701e-05 | BQ12: 2.2977839e-05 | BR12: 2.3057374e-05 | BS12: 2.3137229e-05 | BT12: 2.3220885e-05 | BU12: 2.3304857e-05 | BV12: 2.3389124e-05 | BW12: 2.3473653e-05 | BX12: 2.3558451e-05 | BY12: 2.3643525e-05 | BZ12: 2.372884e-05 | CA12: 2.3814449e-05 | CB12: 2.3900369e-05 | CC12: 2.3986619e-05 | CD12: 2.4073167e-05 | CE12: 2.4160049e-05 | CF12: 2.4247234e-05 | CG12: 2.433471e-05 | CH12: 2.4422475e-05 | CI12: 2.4510534e-05 | CJ12: 2.4598869e-05 | CK12: 2.4687475e-05 | CL12: 2.477636e-05 | CM12: 2.4865496e-05
A14: ROW.Per_capita_VFN_demand_Scenario | B14: 0 | C14: 0 | D14: 0 | E14: 0 | F14: 0 | G14: 0 | H14: 0 | I14: 0 | J14: 0 | K14: 0 | L14: 0 | M14: 0 | N14: 0 | O14: 0 | P14: 0 | Q14: 0 | R14: 0 | S14: 0 | T14: 0 | U14: 0 | V14: 0 | W14: 0 | X14: 0 | Y14: 0 | Z14: 0 | AA14: 0 | AB14: 0 | AC14: 0 | AD14: 0 | AE14: 0 | AF14: 7.2579401e-05 | AG14: 7.271075e-05 | AH14: 7.2835631e-05 | AI14: 7.2966845e-05 | AJ14: 7.310436e-05 | AK14: 7.3248247e-05 | AL14: 7.3398755e-05 | AM14: 7.3555626e-05 | AN14: 7.371863e-05 | AO14: 7.388793e-05 | AP14: 7.4063048e-05 | AQ14: 7.4244147e-05 | AR14: 7.4431632e-05 | AS14: 7.4625872e-05 | AT14: 7.4827372e-05 | AU14: 7.5036048e-05 | AV14: 7.519613e-05 | AW14: 7.5362227e-05 | AX14: 7.5533423e-05 | AY14: 7.5709183e-05 | AZ14: 7.5889042e-05 | BA14: 7.6072967e-05 | BB14: 7.626069e-05 | BC14: 7.6451712e-05 | BD14: 7.6645709e-05 | BE14: 7.6842654e-05 | BF14: 7.7042342e-05 | BG14: 7.7245071e-05 | BH14: 7.7450697e-05 | BI14: 7.7659336e-05 | BJ14: 7.7871119e-05 | BK14: 7.8085963e-05 | BL14: 7.8304194e-05 | BM14: 7.85262e-05 | BN14: 7.8752113e-05 | BO14: 7.898214e-05 | BP14: 7.9215968e-05 | BQ14: 7.9453663e-05 | BR14: 7.9694686e-05 | BS14: 8.093914e-05 | BT14: 8.1144581e-05 | BU14: 8.1352255e-05 | BV14: 8.156159e-05 | BW14: 8.1772239e-05 | BX14: 8.1983733e-05 | BY14: 8.2195785e-05 | BZ14: 8.240854e-05 | CA14: 8.262177e-05 | CB14: 8.2835636e-05 | CC14: 8.3049975e-05 | CD14: 8.3264965e-05 | CE14: 8.3480476e-05 | CF14: 8.3696427e-05 | CG14: 8.3912862e-05 | CH14: 8.4129688e-05 | CI14: 8.434705e-05 | CJ14: 8.4565e-05 | CK14: 8.4783853e-05 | CL14: 8.5003601e-05 | CM14: 8.5224739e-05
A16: USA.per_capita_animal_product_demand_scenario | B16: 0 | C16: 0 | D16: 0 | E16: 0 | F16: 0 | G16: 0 | H16: 0 | I16: 0 | J16: 0 | K16: 0 | L16: 0 | M16: 0 | N16: 0 | O16: 0 | P16: 0 | Q16: 0 | R16: 0 | S16: 0 | T16: 0 | U16: 0 | V16: 0 | W16: 0 | X16: 0 | Y16: 0 | Z16: 0 | AA16: 0 | AB16: 0 | AC16: 0 | AD16: 0 | AE16: 0 | AF16: 2.6047124e-05 | AG16: 2.5931821e-05 | AH16: 2.5817027e-05 | AI16: 2.5702742e-05 | AJ16: 2.5588963e-05 | AK16: 2.5475688e-05 | AL16: 2.5362914e-05 | AM16: 2.5250639e-05 | AN16: 2.5138861e-05 | AO16: 2.5027578e-05 | AP16: 2.4916788e-05 | AQ16: 2.4806488e-05 | AR16: 2.4696676e-05 | AS16: 2.458735e-05 | AT16: 2.4478509e-05 | AU16: 2.4370149e-05 | AV16: 2.4378852e-05 | AW16: 2.4387559e-05 | AX16: 2.4396268e-05 | AY16: 2.4404981e-05 | AZ16: 2.4413697e-05 | BA16: 2.4422416e-05 | BB16: 2.4431138e-05 | BC16: 2.4439863e-05 | BD16: 2.4448591e-05 | BE16: 2.4457323e-05 | BF16: 2.4466057e-05 | BG16: 2.4474795e-05 | BH16: 2.4483535e-05 | BI16: 2.4492279e-05 | BJ16: 2.4501026e-05 | BK16: 2.4509776e-05 | BL16: 2.451853e-05 | BM16: 2.4527286e-05 | BN16: 2.4536045e-05 | BO16: 2.4544808e-05 | BP16: 2.4553574e-05 | BQ16: 2.4562343e-05 | BR16: 2.4571115e-05 | BS16: 2.457989e-05 | BT16: 2.4588668e-05 | BU16: 2.4597449e-05 | BV16: 2.4606234e-05 | BW16: 2.4615022e-05 | BX16: 2.4623812e-05 | BY16: 2.4632606e-05 | BZ16: 2.4641404e-05 | CA16: 2.4650204e-05 | CB16: 2.4659007e-05 | CC16: 2.4667814e-05 | CD16: 2.4676623e-05 | CE16: 2.4685436e-05 | CF16: 2.4694252e-05 | CG16: 2.4703071e-05 | CH16: 2.4711893e-05 | CI16: 2.4720719e-05 | CJ16: 2.4729547e-05 | CK16: 2.4738379e-05 | CL16: 2.4747214e-05 | CM16: 2.4756052e-05
... A50: USA.Potential VFN yield | B50: 0 | C50: 0 | D50: 0 | E50: 0 | F50: 0 | G50: 0 | H50: 0 | I50: 0 | J50: 0 | K50: 0 | L50: 0 | M50: 0 | N50: 0 | O50: 0 | P50: 0 | Q50: 0 | R50: 0 | S50: 0 | T50: 0 | U50: 0 | V50: 0 | W50: 0 | X50: 0 | Y50: 0 | Z50: 0 | AA50: 0 | AB50: 0 | AC50: 0 | AD50: 0 | AE50: 0 | AF50: 0.00086618671 | AG50: 0.00087332066 | AH50: 0.0008804546 | AI50: 0.00088758854 | AJ50: 0.00089472249 | AK50: 0.00090185643 | AL50: 0.00090899038 | AM50: 0.00091612432 | AN50: 0.00092325827 | AO50: 0.00093039221 | AP50: 0.00093752615 | AQ50: 0.0009446601 | AR50: 0.00095179404 | AS50: 0.00095892799 | AT50: 0.00096606193 | AU50: 0.00097319588 | AV50: 0.00099072165 | AW50: 0.0010082474 | AX50: 0.0010257732 | AY50: 0.001043299 | AZ50: 0.0010608247 | BA50: 0.0010783505 | BB50: 0.0010958763 | BC50: 0.0011134021 | BD50: 0.0011309278 | BE50: 0.0011484536 | BF50: 0.0011659794 | BG50: 0.0011835052 | BH50: 0.0012010309 | BI50: 0.0012185567 | BJ50: 0.0012360825 | BK50: 0.0012536082 | BL50: 0.001271134 | BM50: 0.0012886598 | BN50: 0.0013061856 | BO50: 0.0013237113 | BP50: 0.0013412371 | BQ50: 0.0013587629 | BR50: 0.0013762887 | BS50: 0.0013938144 | BT50: 0.0014113402 | BU50: 0.001428866 | BV50: 0.0014463918 | BW50: 0.0014639175 | BX50: 0.0014814433 | BY50: 0.0014989691 | BZ50: 0.0015164948 | CA50: 0.0015340206 | CB50: 0.0015515464 | CC50: 0.0015690722 | CD50: 0.0015865979 | CE50: 0.0016041237 | CF50: 0.0016216495 | CG50: 0.0016391753 | CH50: 0.001656701 | CI50: 0.0016742268 | CJ50: 0.0016917526 | CK50: 0.0017092784 | CL50: 0.0017268041 | CM50: 0.0017443299
A52: USA.Crop Land Alloc to Cellulosic Energy Crop | B52: ='25% by 2050 Ag'!B27 -> 0 | C52: ='25% by 2050 Ag'!C27 -> 0 | D52: ='25% by 2050 Ag'!D27 -> 0 | E52: ='25% by 2050 Ag'!E27 -> 0 | F52: ='25% by 2050 Ag'!F27 -> 0 | G52: ='25% by 2050 Ag'!G27 -> 0 | H52: ='25% by 2050 Ag'!H27 -> 0 | I52: ='25% by 2050 Ag'!I27 -> 0 | ... CM52: ='25% by 2050 Ag'!CM27 -> 84257355
A54: ROW.Crop Land Alloc to Cellulosic Energy Crop | B54: ='25% by 2050 Ag'!B28 -> 0 | C54: ='25% by 2050 Ag'!C28 -> 0 | D54: ='25% by 2050 Ag'!D28 -> 0 | E54: ='25% by 2050 Ag'!E28 -> 0 | F54: ='25% by 2050 Ag'!F28 -> 0 | G54: ='25% by 2050 Ag'!G28 -> 0 | H54: ='25% by 2050 Ag'!H28 -> 0 | I54: ='25% by 2050 Ag'!I28 -> 0 | ... CM54: ='25% by 2050 Ag'!CM28 -> 6.0773426e+08

Sheet LUC-2013-01-08-Run4
B1: 1961 | C1: 1962 | D1: 1963 | E1: 1964 | F1: 1965 | G1: 1966 | H1: 1967 | I1: 1968 | J1: 1969 | K1: 1970 | L1: 1971 | M1: 1972 | N1: 1973 | O1: 1974 | P1: 1975 | Q1: 1976 | R1: 1977 | S1: 1978 | T1: 1979 | U1: 1980 | V1: 1981 | W1: 1982 | X1: 1983 | Y1: 1984 | Z1: 1985 | AA1: 1986 | AB1: 1987 | AC1: 1988 | AD1: 1989 | AE1: 1990 | AF1: 1991 | AG1: 1992 | AH1: 1993 | AI1: 1994 | AJ1: 1995 | AK1: 1996 | AL1: 1997 | AM1: 1998 | AN1: 1999 | AO1: 2000 | AP1: 2001 | AQ1: 2002 | AR1: 2003 | AS1: 2004 | AT1: 2005 | AU1: 2006 | AV1: 2007 | AW1: 2008 | AX1: 2009 | AY1: 2010 | AZ1: 2011 | BA1: 2012 | BB1: 2013 | BC1: 2014 | BD1: 2015 | BE1: 2016 | BF1: 2017 | BG1: 2018 | BH1: 2019 | BI1: 2020 | BJ1: 2021 | BK1: 2022 | BL1: 2023 | BM1: 2024 | BN1: 2025 | BO1: 2026 | BP1: 2027 | BQ1: 2028 | BR1: 2029 | BS1: 2030 | BT1: 2031 | BU1: 2032 | BV1: 2033 | BW1: 2034 | BX1: 2035 | BY1: 2036 | BZ1: 2037 | CA1: 2038 | CB1: 2039 | CC1: 2040 | CD1: 2041 | CE1: 2042 | CF1: 2043 | CG1: 2044 | CH1: 2045 | CI1: 2046 | CJ1: 2047 | CK1: 2048 | CL1: 2049 | CM1: 2050
A2: ROW.per_capita_animal_product_demand_scenario | B2: 0 | C2: 0 | D2: 0 | E2: 0 | F2: 0 | G2: 0 | H2: 0 | I2: 0 | J2: 0 | K2: 0 | L2: 0 | M2: 0 | N2: 0 | O2: 0 | P2: 0 | Q2: 0 | R2: 0 | S2: 0 | T2: 0 | U2: 0 | V2: 0 | W2: 0 | X2: 0 | Y2: 0 | Z2: 0 | AA2: 0 | AB2: 0 | AC2: 0 | AD2: 0 | AE2: 0 | AF2: 1.0508416e-05 | AG2: 1.0527619e-05 | AH2: 1.0524145e-05 | AI2: 1.0522463e-05 | AJ2: 1.0522681e-05 | AK2: 1.0524798e-05 | AL2: 1.0528849e-05 | AM2: 1.0535258e-05 | AN2: 1.0544408e-05 | AO2: 1.0556611e-05 | AP2: 1.0571845e-05 | AQ2: 1.058998e-05 | AR2: 1.0610719e-05 | AS2: 1.0633798e-05 | AT2: 1.0658935e-05 | AU2: 1.0847333e-05 | AV2: 1.0964836e-05 | AW2: 1.1083992e-05 | AX2: 1.120477e-05 | AY2: 1.1327126e-05 | AZ2: 1.1451083e-05 | BA2: 1.1576694e-05 | BB2: 1.170399e-05 | BC2: 1.1833063e-05 | BD2: 1.1963939e-05 | BE2: 1.2096649e-05 | BF2: 1.2231179e-05 | BG2: 1.2367491e-05 | BH2: 1.2505587e-05 | BI2: 1.2645391e-05 | BJ2: 1.2786913e-05 | BK2: 1.2930112e-05 | BL2: 1.3074987e-05 | BM2: 1.3221532e-05 | BN2: 1.3369756e-05 | BO2: 1.35196e-05 | BP2: 1.3671072e-05 | BQ2: 1.3824161e-05 | BR2: 1.3978933e-05 | BS2: 1.4135376e-05 | BT2: 1.429351e-05 | BU2: 1.4453327e-05 | BV2: 1.4614729e-05 | BW2: 1.4777609e-05 | BX2: 1.49419e-05 | BY2: 1.5107582e-05 | BZ2: 1.5274651e-05 | CA2: 1.5443153e-05 | CB2: 1.5613158e-05 | CC2: 1.5784721e-05 | CD2: 1.5957834e-05 | CE2: 1.6132525e-05 | CF2: 1.6308757e-05 | CG2: 1.6486516e-05 | CH2: 1.6665823e-05 | CI2: 1.6846654e-05 | CJ2: 1.7029046e-05 | CK2: 1.7213054e-05 | CL2: 1.7398717e-05 | CM2: 1.7586115e-05
A3: … | B3: 0 | C3: 0 | D3: 0 | E3: 0 | F3: 0 | G3: 0 | H3: 0 | I3: 0 | J3: 0 | K3: 0 | L3: 0 | M3: 0 | N3: 0 | O3: 0 | P3: 0 | Q3: 0 | R3: 0 | S3: 0 | T3: 0 | U3: 0 | V3: 0 | W3: 0 | X3: 0 | Y3: 0 | Z3: 0 | AA3: 0 | AB3: 0 | AC3: 0 | AD3: 0 | AE3: 0 | AF3: 7.000043e-05 | AG3: 7.0630961e-05 | AH3: 7.1066274e-05 | AI3: 7.150778e-05 | AJ3: 7.1952945e-05 | AK3: 7.2400862e-05 | AL3: 7.2852846e-05 | AM3: 7.3313274e-05 | AN3: 7.3787111e-05 | AO3: 7.4277958e-05 | AP3: 7.4785862e-05 | AQ3: 7.5308758e-05 | AR3: 7.584261e-05 | AS3: 7.638308e-05 | AT3: 7.6926134e-05 | AU3: 7.8564814e-05 | AV3: 7.9759633e-05 | AW3: 8.0954262e-05 | AX3: 8.2147892e-05 | AY3: 8.3339977e-05 | AZ3: 8.4530221e-05 | BA3: 8.5718612e-05 | BB3: 8.690567e-05 | BC3: 8.8092573e-05 | BD3: 8.9279967e-05 | BE3: 9.0467983e-05 | BF3: 9.1656452e-05 | BG3: 9.2845627e-05 | BH3: 9.4035979e-05 | BI3: 9.5227511e-05 | BJ3: 9.6420416e-05 | BK3: 9.7614504e-05 | BL3: 9.8809372e-05 | BM3: 0.00010000446 | BN3: 0.00010119957 | BO3: 0.00010239415 | BP3: 0.00010358838 | BQ3: 0.00010478176 | BR3: 0.00010597432 | BS3: 0.00010716565 | BT3: 0.00010822525 | BU3: 0.00010928723 | BV3: 0.00011035132 | BW3: 0.00011141784 | BX3: 0.00011248686 | BY3: 0.00011355858 | BZ3: 0.00011463261 | CA3: 0.0001157092 | CB3: 0.00011678824 | CC3: 0.0001178697 | CD3: 0.00011895337 | CE3: 0.00012003931 | CF3: 0.00012112748 | CG3: 0.00012221779 | CH3: 0.00012331033 | CI3: 0.00012440495 | CJ3: 0.00012550153 | CK3: 0.00012659968 | CL3: 0.00012769947 | CM3: 0.00012880035
A4: ... | B4: 0 | C4: 0 | D4: 0 | E4: 0 | F4: 0 | G4: 0 | H4: 0 | I4: 0 | J4: 0 | K4: 0 | L4: 0 | M4: 0 | N4: 0 | O4: 0 | P4: 0 | Q4: 0 | R4: 0 | S4: 0 | T4: 0 | U4: 0 | V4: 0 | W4: 0 | X4: 0 | Y4: 0 | Z4: 0 | AA4: 0 | AB4: 0 | AC4: 0 | AD4: 0 | AE4: 0 | AF4: 1.3228987e-05 | AG4: 1.3351004e-05 | AH4: 1.3448211e-05 | AI4: 1.3548882e-05 | AJ4: 1.365327e-05 | AK4: 1.3761501e-05 | AL4: 1.3873701e-05 | AM4: 1.3990475e-05 | AN4: 1.4112379e-05 | AO4: 1.4239928e-05 | AP4: 1.4373259e-05 | AQ4: 1.4512397e-05 | AR4: 1.4657165e-05 | AS4: 1.4807427e-05 | AT4: 1.4962997e-05 | AU4: 1.5469466e-05 | AV4: 1.5574976e-05 | AW4: 1.5682744e-05 | AX4: 1.5792765e-05 | AY4: 1.5905015e-05 | AZ4: 1.6019564e-05 | BA4: 1.6136521e-05 | BB4: 1.6255961e-05 | BC4: 1.6378047e-05 | BD4: 1.6502859e-05 | BE4: 1.6630486e-05 | BF4: 1.6760962e-05 | BG4: 1.6894312e-05 | BH4: 1.7030628e-05 | BI4: 1.716989e-05 | BJ4: 1.7312207e-05 | BK4: 1.7457606e-05 | BL4: 1.7606171e-05 | BM4: 1.7757978e-05 | BN4: 1.7913134e-05 | BO4: 1.8071653e-05 | BP4: 1.8233636e-05 | BQ4: 1.8399149e-05 | BR4: 1.8568334e-05 | BS4: 1.8741253e-05 | BT4: 1.8917994e-05 | BU4: 1.9098657e-05 | BV4: 1.9283182e-05 | BW4: 1.9471519e-05 | BX4: 1.9663666e-05 | BY4: 1.9859684e-05 | BZ4: 2.0059663e-05 | CA4: 2.0263768e-05 | CB4: 2.0472218e-05 | CC4: 2.0685178e-05 | CD4: 2.0902763e-05 | CE4: 2.1125138e-05 | CF4: 2.1352359e-05 | CG4: 2.158455e-05 | CH4: 2.182185e-05 | CI4: 2.20644e-05 | CJ4: 2.2312385e-05 | CK4: 2.2566061e-05 | CL4: 2.2825635e-05 | CM4: 2.3091433e-05
A5: ... | B5: 0 | C5: 0 | D5: 0 | E5: 0 | F5: 0 | G5: 0 | H5: 0 | I5: 0 | J5: 0 | K5: 0 | L5: 0 | M5: 0 | N5: 0 | O5: 0 | P5: 0 | Q5: 0 | R5: 0 | S5: 0 | T5: 0 | U5: 0 | V5: 0 | W5: 0 | X5: 0 | Y5: 0 | Z5: 0 | AA5: 0 | AB5: 0 | AC5: 0 | AD5: 0 | AE5: 0 | AF5: 7.0121002e-06 | AG5: 7.2210894e-06 | AH5: 7.4202146e-06 | AI5: 7.6288203e-06 | AJ5: 7.8474397e-06 | AK5: 8.0765895e-06 | AL5: 8.3168765e-06 | AM5: 8.5692634e-06 | AN5: 8.8347261e-06 | AO5: 9.1142143e-06 | AP5: 9.4084017e-06 | AQ5: 9.7178946e-06 | AR5: 1.0043174e-05 | AS5: 1.0384788e-05 | AT5: 1.0743309e-05 | AU5: 1.1732151e-05 | AV5: 1.2029102e-05 | AW5: 1.2330363e-05 | AX5: 1.2636011e-05 | AY5: 1.2946105e-05 | AZ5: 1.3260781e-05 | BA5: 1.3580209e-05 | BB5: 1.3904535e-05 | BC5: 1.4233979e-05 | BD5: 1.45687e-05 | BE5: 1.4908865e-05 | BF5: 1.5254594e-05 | BG5: 1.560599e-05 | BH5: 1.5963211e-05 | BI5: 1.6326322e-05 | BJ5: 1.6695498e-05 | BK5: 1.7070852e-05 | BL5: 1.7452545e-05 | BM5: 1.7840733e-05 | BN5: 1.8235602e-05 | BO5: 1.8637253e-05 | BP5: 1.9045874e-05 | BQ5: 1.9461628e-05 | BR5: 1.9884772e-05 | BS5: 2.0315474e-05 | BT5: 2.0753938e-05 | BU5: 2.1200362e-05 | BV5: 2.165481e-05 | BW5: 2.2117347e-05 | BX5: 2.258809e-05 | BY5: 2.3067222e-05 | BZ5: 2.3554949e-05 | CA5: 2.4051561e-05 | CB5: 2.4557389e-05 | CC5: 2.5072742e-05 | CD5: 2.5597856e-05 | CE5: 2.613303e-05 | CF5: 2.6678466e-05 | CG5: 2.7234421e-05 | CH5: 2.7801191e-05 | CI5: 2.8379046e-05 | CJ5: 2.8968324e-05 | CK5: 2.9569416e-05 | CL5: 3.0182697e-05 | CM5: 3.080862e-05
A7: ROW.per_capita_commodity_crop_demand_scenario | B7: 0 | C7: 0 | D7: 0 | E7: 0 | F7: 0 | G7: 0 | H7: 0 | I7: 0 | J7: 0 | K7: 0 | L7: 0 | M7: 0 | N7: 0 | O7: 0 | P7: 0 | Q7: 0 | R7: 0 | S7: 0 | T7: 0 | U7: 0 | V7: 0 | W7: 0 | X7: 0 | Y7: 0 | Z7: 0 | AA7: 0 | AB7: 0 | AC7: 0 | AD7: 0 | AE7: 0 | AF7: 3.6843337e-05 | AG7: 3.6790336e-05 | AH7: 3.6735361e-05 | AI7: 3.6679542e-05 | AJ7: 3.6623172e-05 | AK7: 3.6566333e-05 | AL7: 3.6509049e-05 | AM7: 3.6451466e-05 | AN7: 3.6393772e-05 | AO7: 3.6336058e-05 | AP7: 3.6278481e-05 | AQ7: 3.6221086e-05 | AR7: 3.6163908e-05 | AS7: 3.6106967e-05 | AT7: 3.6050252e-05 | AU7: 3.6181023e-05 | AV7: 3.6805881e-05 | AW7: 3.7432183e-05 | AX7: 3.805984e-05 | AY7: 3.8688784e-05 | AZ7: 3.9318985e-05 | BA7: 3.9950454e-05 | BB7: 4.0583238e-05 | BC7: 4.1217414e-05 | BD7: 4.1853032e-05 | BE7: 4.2490101e-05 | BF7: 4.3128576e-05 | BG7: 4.3768429e-05 | BH7: 4.4409623e-05 | BI7: 4.5052144e-05 | BJ7: 4.5695973e-05 | BK7: 4.6341127e-05 | BL7: 4.6987579e-05 | BM7: 4.7635341e-05 | BN7: 4.8284392e-05 | BO7: 4.8934736e-05 | BP7: 4.9586382e-05 | BQ7: 5.0239352e-05 | BR7: 5.0893685e-05 | BS7: 5.1549386e-05 | BT7: 5.1636306e-05 | BU7: 5.172455e-05 | BV7: 5.1814122e-05 | BW7: 5.1905017e-05 | BX7: 5.1997227e-05 | BY7: 5.2090743e-05 | BZ7: 5.2185572e-05 | CA7: 5.2281706e-05 | CB7: 5.2379129e-05 | CC7: 5.2477845e-05 | CD7: 5.2577842e-05 | CE7: 5.2679113e-05 | CF7: 5.2781652e-05 | CG7: 5.2885445e-05 | CH7: 5.2990488e-05 | CI7: 5.3096775e-05 | CJ7: 5.3204298e-05 | CK7: 5.3313061e-05 | CL7: 5.3423071e-05 | CM7: 5.3534324e-05
A8: … | B8: 0 | C8: 0 | D8: 0 | E8: 0 | F8: 0 | G8: 0 | H8: 0 | I8: 0 | J8: 0 | K8: 0 | L8: 0 | M8: 0 | N8: 0 | O8: 0 | P8: 0 | Q8: 0 | R8: 0 | S8: 0 | T8: 0 | U8: 0 | V8: 0 | W8: 0 | X8: 0 | Y8: 0 | Z8: 0 | AA8: 0 | AB8: 0 | AC8: 0 | AD8: 0 | AE8: 0 | AF8: 5.2769166e-05 | AG8: 5.2693256e-05 | AH8: 5.2614517e-05 | AI8: 5.253457e-05 | AJ8: 5.2453834e-05 | AK8: 5.2372426e-05 | AL8: 5.229038e-05 | AM8: 5.2207906e-05 | AN8: 5.2125274e-05 | AO8: 5.2042613e-05 | AP8: 5.1960147e-05 | AQ8: 5.1877943e-05 | AR8: 5.1796049e-05 | AS8: 5.1714495e-05 | AT8: 5.1633265e-05 | AU8: 5.1820562e-05 | AV8: 5.1885131e-05 | AW8: 5.1950214e-05 | AX8: 5.20157e-05 | AY8: 5.2081508e-05 | AZ8: 5.2147615e-05 | BA8: 5.2214059e-05 | BB8: 5.2280919e-05 | BC8: 5.2348326e-05 | BD8: 5.2416362e-05 | BE8: 5.2485056e-05 | BF8: 5.2554358e-05 | BG8: 5.2624227e-05 | BH8: 5.2694617e-05 | BI8: 5.2765503e-05 | BJ8: 5.2836861e-05 | BK8: 5.2908715e-05 | BL8: 5.2981037e-05 | BM8: 5.3053844e-05 | BN8: 5.3127113e-05 | BO8: 5.3200846e-05 | BP8: 5.3275066e-05 | BQ8: 5.3349808e-05 | BR8: 5.3425155e-05 | BS8: 5.3501125e-05 | BT8: 5.35859e-05 | BU8: 5.3672283e-05 | BV8: 5.376027e-05 | BW8: 5.3849853e-05 | BX8: 5.3941018e-05 | BY8: 5.4033763e-05 | BZ8: 5.4128092e-05 | CA8: 5.4224009e-05 | CB8: 5.4321497e-05 | CC8: 5.4420573e-05 | CD8: 5.4521219e-05 | CE8: 5.4623426e-05 | CF8: 5.4727189e-05 | CG8: 5.4832486e-05 | CH8: 5.4939322e-05 | CI8: 5.5047676e-05 | CJ8: 5.5157543e-05 | CK8: 5.5268921e-05 | CL8: 5.5381827e-05 | CM8: 5.5496248e-05
A9: … | B9: 0 | C9: 0 | D9: 0 | E9: 0 | F9: 0 | G9: 0 | H9: 0 | I9: 0 | J9: 0 | K9: 0 | L9: 0 | M9: 0 | N9: 0 | O9: 0 | P9: 0 | Q9: 0 | R9: 0 | S9: 0 | T9: 0 | U9: 0 | V9: 0 | W9: 0 | X9: 0 | Y9: 0 | Z9: 0 | AA9: 0 | AB9: 0 | AC9: 0 | AD9: 0 | AE9: 0 | AF9: 3.7556434e-05 | AG9: 3.7502407e-05 | AH9: 3.7446368e-05 | AI9: 3.7389469e-05 | AJ9: 3.7332008e-05 | AK9: 3.7274069e-05 | AL9: 3.7215676e-05 | AM9: 3.7156978e-05 | AN9: 3.7098168e-05 | AO9: 3.7039337e-05 | AP9: 3.6980645e-05 | AQ9: 3.6922139e-05 | AR9: 3.6863855e-05 | AS9: 3.6805812e-05 | AT9: 3.6747999e-05 | AU9: 3.6881301e-05 | AV9: 3.6933063e-05 | AW9: 3.6984803e-05 | AX9: 3.7036437e-05 | AY9: 3.7087902e-05 | AZ9: 3.7139177e-05 | BA9: 3.7190286e-05 | BB9: 3.7241284e-05 | BC9: 3.7292262e-05 | BD9: 3.7343281e-05 | BE9: 3.7394359e-05 | BF9: 3.7445462e-05 | BG9: 3.7496556e-05 | BH9: 3.7547609e-05 | BI9: 3.7598598e-05 | BJ9: 3.7649503e-05 | BK9: 3.7700339e-05 | BL9: 3.775108e-05 | BM9: 3.7801728e-05 | BN9: 3.7852263e-05 | BO9: 3.7902674e-05 | BP9: 3.795298e-05 | BQ9: 3.8003198e-05 | BR9: 3.8053394e-05 | BS9: 3.8103575e-05 | BT9: 3.8156453e-05 | BU9: 3.8210418e-05 | BV9: 3.8265476e-05 | BW9: 3.8321624e-05 | BX9: 3.837886e-05 | BY9: 3.8437188e-05 | BZ9: 3.8496608e-05 | CA9: 3.8557128e-05 | CB9: 3.8618734e-05 | CC9: 3.8681443e-05 | CD9: 3.8745238e-05 | CE9: 3.8810115e-05 | CF9: 3.8876073e-05 | CG9: 3.8943094e-05 | CH9: 3.9011184e-05 | CI9: 3.9080324e-05 | CJ9: 3.9150511e-05 | CK9: 3.9221738e-05 | CL9: 3.9294017e-05 | CM9: 3.936733e-05
A10: … | B10: 0 | C10: 0 | D10: 0 | E10: 0 | F10: 0 | G10: 0 | H10: 0 | I10: 0 | J10: 0 | K10: 0 | L10: 0 | M10: 0 | N10: 0 | O10: 0 | P10: 0 | Q10: 0 | R10: 0 | S10: 0 | T10: 0 | U10: 0 | V10: 0 | W10: 0 | X10: 0 | Y10: 0 | Z10: 0 | AA10: 0 | AB10: 0 | AC10: 0 | AD10: 0 | AE10: 0 | AF10: 3.2802455e-05 | AG10: 3.2755267e-05 | AH10: 3.2706321e-05 | AI10: 3.2656625e-05 | AJ10: 3.2606437e-05 | AK10: 3.2555832e-05 | AL10: 3.2504831e-05 | AM10: 3.2453563e-05 | AN10: 3.2402197e-05 | AO10: 3.2350813e-05 | AP10: 3.2299551e-05 | AQ10: 3.2248451e-05 | AR10: 3.2197544e-05 | AS10: 3.2146848e-05 | AT10: 3.2096354e-05 | AU10: 3.2212782e-05 | AV10: 3.2464153e-05 | AW10: 3.2716906e-05 | AX10: 3.2970962e-05 | AY10: 3.3226264e-05 | AZ10: 3.3482789e-05 | BA10: 3.374055e-05 | BB10: 3.3999588e-05 | BC10: 3.4259969e-05 | BD10: 3.4521734e-05 | BE10: 3.4784889e-05 | BF10: 3.5049395e-05 | BG10: 3.5315228e-05 | BH10: 3.5582358e-05 | BI10: 3.5850774e-05 | BJ10: 3.6120462e-05 | BK10: 3.6391437e-05 | BL10: 3.6663678e-05 | BM10: 3.6937198e-05 | BN10: 3.7211979e-05 | BO10: 3.7488031e-05 | BP10: 3.776536e-05 | BQ10: 3.8043985e-05 | BR10: 3.8323934e-05 | BS10: 3.860521e-05 | BT10: 3.867792e-05 | BU10: 3.8751713e-05 | BV10: 3.8826592e-05 | BW10: 3.8902553e-05 | BX10: 3.8979588e-05 | BY10: 3.9057691e-05 | BZ10: 3.9136866e-05 | CA10: 3.9217106e-05 | CB10: 3.9298399e-05 | CC10: 3.9380745e-05 | CD10: 3.9464137e-05 | CE10: 3.9548569e-05 | CF10: 3.9634035e-05 | CG10: 3.9720527e-05 | CH10: 3.9808039e-05 | CI10: 3.9896568e-05 | CJ10: 3.9986108e-05 | CK10: 4.0076663e-05 | CL10: 4.016824e-05 | CM10: 4.0260837e-05
A11: … | B11: 0 | C11: 0 | D11: 0 | E11: 0 | F11: 0 | G11: 0 | H11: 0 | I11: 0 | J11: 0 | K11: 0 | L11: 0 | M11: 0 | N11: 0 | O11: 0 | P11: 0 | Q11: 0 | R11: 0 | S11: 0 | T11: 0 | U11: 0 | V11: 0 | W11: 0 | X11: 0 | Y11: 0 | Z11: 0 | AA11: 0 | AB11: 0 | AC11: 0 | AD11: 0 | AE11: 0 | AF11: 9.8542367e-06 | AG11: 9.9823314e-06 | AH11: 1.0100377e-05 | AI11: 1.0217954e-05 | AJ11: 1.0335036e-05 | AK11: 1.045161e-05 | AL11: 1.0567721e-05 | AM11: 1.0683585e-05 | AN11: 1.0799445e-05 | AO11: 1.0915504e-05 | AP11: 1.1031807e-05 | AQ11: 1.114831e-05 | AR11: 1.126487e-05 | AS11: 1.1381328e-05 | AT11: 1.1497512e-05 | AU11: 1.1803464e-05 | AV11: 1.2071077e-05 | AW11: 1.2339033e-05 | AX11: 1.2607263e-05 | AY11: 1.2875722e-05 | AZ11: 1.3144398e-05 | BA11: 1.34133e-05 | BB11: 1.3682449e-05 | BC11: 1.3951887e-05 | BD11: 1.4221622e-05 | BE11: 1.4491644e-05 | BF11: 1.4761925e-05 | BG11: 1.5032444e-05 | BH11: 1.5303188e-05 | BI11: 1.5574123e-05 | BJ11: 1.5845232e-05 | BK11: 1.6116482e-05 | BL11: 1.6387847e-05 | BM11: 1.6659294e-05 | BN11: 1.6930805e-05 | BO11: 1.720234e-05 | BP11: 1.747389e-05 | BQ11: 1.7745422e-05 | BR11: 1.8016931e-05 | BS11: 1.8288393e-05 | BT11: 1.8537394e-05 | BU11: 1.8786939e-05 | BV11: 1.9037001e-05 | BW11: 1.9287579e-05 | BX11: 1.9538671e-05 | BY11: 1.9790284e-05 | BZ11: 2.0042405e-05 | CA11: 2.0295034e-05 | CB11: 2.0548157e-05 | CC11: 2.0801759e-05 | CD11: 2.1055828e-05 | CE11: 2.1310347e-05 | CF11: 2.1565315e-05 | CG11: 2.1820724e-05 | CH11: 2.2076568e-05 | CI11: 2.2332827e-05 | CJ11: 2.2589489e-05 | CK11: 2.284651e-05 | CL11: 2.3103865e-05 | CM11: 2.3361499e-05
A12: … | B12: 0 | C12: 0 | D12: 0 | E12: 0 | F12: 0 | G12: 0 | H12: 0 | I12: 0 | J12: 0 | K12: 0 | L12: 0 | M12: 0 | N12: 0 | O12: 0 | P12: 0 | Q12: 0 | R12: 0 | S12: 0 | T12: 0 | U12: 0 | V12: 0 | W12: 0 | X12: 0 | Y12: 0 | Z12: 0 | AA12: 0 | AB12: 0 | AC12: 0 | AD12: 0 | AE12: 0 | AF12: 2.1546611e-05 | AG12: 2.1548776e-05 | AH12: 2.1529814e-05 | AI12: 2.1511796e-05 | AJ12: 2.1494295e-05 | AK12: 2.1477259e-05 | AL12: 2.1460781e-05 | AM12: 2.1445238e-05 | AN12: 2.1430974e-05 | AO12: 2.1418246e-05 | AP12: 2.1406989e-05 | AQ12: 2.1396971e-05 | AR12: 2.1387819e-05 | AS12: 2.1379161e-05 | AT12: 2.1370586e-05 | AU12: 2.1564353e-05 | AV12: 2.1793341e-05 | AW12: 2.20229e-05 | AX12: 2.2252916e-05 | AY12: 2.2483317e-05 | AZ12: 2.2714122e-05 | BA12: 2.294537e-05 | BB12: 2.3177169e-05 | BC12: 2.3409715e-05 | BD12: 2.3643118e-05 | BE12: 2.3877389e-05 | BF12: 2.411249e-05 | BG12: 2.4348441e-05 | BH12: 2.4585313e-05 | BI12: 2.4823071e-05 | BJ12: 2.5061723e-05 | BK12: 2.5301223e-05 | BL12: 2.554147e-05 | BM12: 2.5782357e-05 | BN12: 2.6023827e-05 | BO12: 2.6265788e-05 | BP12: 2.650824e-05 | BQ12: 2.6751113e-05 | BR12: 2.6994399e-05 | BS12: 2.7238016e-05 | BT12: 2.7486278e-05 | BU12: 2.7735067e-05 | BV12: 2.7984373e-05 | BW12: 2.8234186e-05 | BX12: 2.8484527e-05 | BY12: 2.8735408e-05 | BZ12: 2.8986784e-05 | CA12: 2.9238689e-05 | CB12: 2.9491106e-05 | CC12: 2.974403e-05 | CD12: 2.9997419e-05 | CE12: 3.0251286e-05 | CF12: 3.0505605e-05 | CG12: 3.0760362e-05 | CH12: 3.1015538e-05 | CI12: 3.1271124e-05 | CJ12: 3.1527085e-05 | CK12: 3.1783371e-05 | CL12: 3.2039952e-05 | CM12: 3.2296748e-05
A14: ROW.Per_capita_VFN_demand_Scenario | B14: 0 | C14: 0 | D14: 0 | E14: 0 | F14: 0 | G14: 0 | H14: 0 | I14: 0 | J14: 0 | K14: 0 | L14: 0 | M14: 0 | N14: 0 | O14: 0 | P14: 0 | Q14: 0 | R14: 0 | S14: 0 | T14: 0 | U14: 0 | V14: 0 | W14: 0 | X14: 0 | Y14: 0 | Z14: 0 | AA14: 0 | AB14: 0 | AC14: 0 | AD14: 0 | AE14: 0 | AF14: 7.2579401e-05 | AG14: 7.271075e-05 | AH14: 7.2835631e-05 | AI14: 7.2966845e-05 | AJ14: 7.310436e-05 | AK14: 7.3248247e-05 | AL14: 7.3398755e-05 | AM14: 7.3555626e-05 | AN14: 7.371863e-05 | AO14: 7.388793e-05 | AP14: 7.4063048e-05 | AQ14: 7.4244147e-05 | AR14: 7.4431632e-05 | AS14: 7.4625872e-05 | AT14: 7.4827372e-05 | AU14: 7.5272799e-05 | AV14: 7.5653422e-05 | AW14: 7.6040194e-05 | AX14: 7.6432191e-05 | AY14: 7.682888e-05 | AZ14: 7.7229801e-05 | BA14: 7.7634911e-05 | BB14: 7.8043932e-05 | BC14: 7.8456345e-05 | BD14: 7.8871802e-05 | BE14: 7.9290254e-05 | BF14: 7.9711491e-05 | BG14: 8.0135789e-05 | BH14: 8.0562988e-05 | BI14: 8.0993198e-05 | BJ14: 8.1426527e-05 | BK14: 8.1862877e-05 | BL14: 8.2302563e-05 | BM14: 8.2745948e-05 | BN14: 8.3193151e-05 | BO14: 8.3644367e-05 | BP14: 8.4099277e-05 | BQ14: 8.4557926e-05 | BR14: 8.5019751e-05 | BS14: 8.8421504e-05 | BT14: 8.8842394e-05 | BU14: 8.9265304e-05 | BV14: 8.968967e-05 | BW14: 9.0115191e-05 | BX14: 9.0541413e-05 | BY14: 9.0968056e-05 | BZ14: 9.1395259e-05 | CA14: 9.1822764e-05 | CB14: 9.2250697e-05 | CC14: 9.2678861e-05 | CD14: 9.3107438e-05 | CE14: 9.3536263e-05 | CF14: 9.3965275e-05 | CG14: 9.4394519e-05 | CH14: 9.4823893e-05 | CI14: 9.5253529e-05 | CJ14: 9.5683466e-05 | CK14: 9.6113971e-05 | CL14: 9.6545001e-05 | CM14: 9.6977e-05
A16: USA.per_capita_animal_product_demand_scenario | B16: 0 | C16: 0 | D16: 0 | E16: 0 | F16: 0 | G16: 0 | H16: 0 | I16: 0 | J16: 0 | K16: 0 | L16: 0 | M16: 0 | N16: 0 | O16: 0 | P16: 0 | Q16: 0 | R16: 0 | S16: 0 | T16: 0 | U16: 0 | V16: 0 | W16: 0 | X16: 0 | Y16: 0 | Z16: 0 | AA16: 0 | AB16: 0 | AC16: 0 | AD16: 0 | AE16: 0 | AF16: 2.6047124e-05 | AG16: 2.5931821e-05 | AH16: 2.5817027e-05 | AI16: 2.5702742e-05 | AJ16: 2.5588963e-05 | AK16: 2.5475688e-05 | AL16: 2.5362914e-05 | AM16: 2.5250639e-05 | AN16: 2.5138861e-05 | AO16: 2.5027578e-05 | AP16: 2.4916788e-05 | AQ16: 2.4806488e-05 | AR16: 2.4696676e-05 | AS16: 2.458735e-05 | AT16: 2.4478509e-05 | AU16: 2.4527271e-05 | AV16: 2.4548594e-05 | AW16: 2.4569925e-05 | AX16: 2.4591263e-05 | AY16: 2.4612609e-05 | AZ16: 2.4633963e-05 | BA16: 2.4655324e-05 | BB16: 2.4676693e-05 | BC16: 2.469807e-05 | BD16: 2.4719454e-05 | BE16: 2.4740846e-05 | BF16: 2.4762246e-05 | BG16: 2.4783653e-05 | BH16: 2.4805068e-05 | BI16: 2.482649e-05 | BJ16: 2.484792e-05 | BK16: 2.4869358e-05 | BL16: 2.4890803e-05 | BM16: 2.4912256e-05 | BN16: 2.4933717e-05 | BO16: 2.4955185e-05 | BP16: 2.4976662e-05 | BQ16: 2.4998145e-05 | BR16: 2.5019637e-05 | BS16: 2.5041136e-05 | BT16: 2.5062642e-05 | BU16: 2.5084157e-05 | BV16: 2.5105679e-05 | BW16: 2.5127209e-05 | BX16: 2.5148746e-05 | BY16: 2.5170292e-05 | BZ16: 2.5191844e-05 | CA16: 2.5213405e-05 | CB16: 2.5234973e-05 | CC16: 2.5256549e-05 | CD16: 2.5278133e-05 | CE16: 2.5299724e-05 | CF16: 2.5321323e-05 | CG16: 2.534293e-05 | CH16: 2.5364545e-05 | CI16: 2.5386167e-05 | CJ16: 2.5407797e-05 | CK16: 2.5429435e-05 | CL16: 2.545108e-05 | CM16: 2.5472733e-05
... A50: USA.Potential VFN yield | B50: 0 | C50: 0 | D50: 0 | E50: 0 | F50: 0 | G50: 0 | H50: 0 | I50: 0 | J50: 0 | K50: 0 | L50: 0 | M50: 0 | N50: 0 | O50: 0 | P50: 0 | Q50: 0 | R50: 0 | S50: 0 | T50: 0 | U50: 0 | V50: 0 | W50: 0 | X50: 0 | Y50: 0 | Z50: 0 | AA50: 0 | AB50: 0 | AC50: 0 | AD50: 0 | AE50: 0 | AF50: 0.00086618671 | AG50: 0.00087332066 | AH50: 0.0008804546 | AI50: 0.00088758854 | AJ50: 0.00089472249 | AK50: 0.00090185643 | AL50: 0.00090899038 | AM50: 0.00091612432 | AN50: 0.00092325827 | AO50: 0.00093039221 | AP50: 0.00093752615 | AQ50: 0.0009446601 | AR50: 0.00095179404 | AS50: 0.00095892799 | AT50: 0.00096606193 | AU50: 0.00097319588 | AV50: 0.00099072165 | AW50: 0.0010082474 | AX50: 0.0010257732 | AY50: 0.001043299 | AZ50: 0.0010608247 | BA50: 0.0010783505 | BB50: 0.0010958763 | BC50: 0.0011134021 | BD50: 0.0011309278 | BE50: 0.0011484536 | BF50: 0.0011659794 | BG50: 0.0011835052 | BH50: 0.0012010309 | BI50: 0.0012185567 | BJ50: 0.0012360825 | BK50: 0.0012536082 | BL50: 0.001271134 | BM50: 0.0012886598 | BN50: 0.0013061856 | BO50: 0.0013237113 | BP50: 0.0013412371 | BQ50: 0.0013587629 | BR50: 0.0013762887 | BS50: 0.0013938144 | BT50: 0.0014113402 | BU50: 0.001428866 | BV50: 0.0014463918 | BW50: 0.0014639175 | BX50: 0.0014814433 | BY50: 0.0014989691 | BZ50: 0.0015164948 | CA50: 0.0015340206 | CB50: 0.0015515464 | CC50: 0.0015690722 | CD50: 0.0015865979 | CE50: 0.0016041237 | CF50: 0.0016216495 | CG50: 0.0016391753 | CH50: 0.001656701 | CI50: 0.0016742268 | CJ50: 0.0016917526 | CK50: 0.0017092784 | CL50: 0.0017268041 | CM50: 0.0017443299
A52: USA.Crop Land Alloc to Cellulosic Energy Crop | B52: ='25% by 2050 Ag'!B27 -> 0 | C52: ='25% by 2050 Ag'!C27 -> 0 | D52: ='25% by 2050 Ag'!D27 -> 0 | E52: ='25% by 2050 Ag'!E27 -> 0 | F52: ='25% by 2050 Ag'!F27 -> 0 | G52: ='25% by 2050 Ag'!G27 -> 0 | H52: ='25% by 2050 Ag'!H27 -> 0 | I52: ='25% by 2050 Ag'!I27 -> 0 | ... CM52: ='25% by 2050 Ag'!CM27 -> 84257355
A54: ROW.Crop Land Alloc to Cellulosic Energy Crop | B54: ='25% by 2050 Ag'!B28 -> 0 | C54: ='25% by 2050 Ag'!C28 -> 0 | D54: ='25% by 2050 Ag'!D28 -> 0 | E54: ='25% by 2050 Ag'!E28 -> 0 | F54: ='25% by 2050 Ag'!F28 -> 0 | G54: ='25% by 2050 Ag'!G28 -> 0 | H54: ='25% by 2050 Ag'!H28 -> 0 | I54: ='25% by 2050 Ag'!I28 -> 0 | ... CM54: ='25% by 2050 Ag'!CM28 -> 6.0773426e+08

Sheet Sheet2

Sheet RUN SPECS
A1: Run Configurations:
A2: Run # | B2: Input Sheet | C2: Tab | D2: Input | F2: Other Configurations
A3: 1 | B3: WAO Tables.xls | C3: Demand STELLA Base | D3: ROW.per_capita_animal_product_demand_scenario | G3: From | H3: 1991
D4: ROW.per_capita_commodity_crop_demand_scenario | G4: To | H4: 2050
D5: ROW.Per_capita_VFN_demand_Scenario
D6: USA.per_capita_animal_product_demand_scenario | G6: Land Initializations | I6: (1992 values, consistent with 19 region initialization, input data from Jordan)
D7: USA.per_capita_commodity_crop_demand_scenario | H7: Region | I7: Crop | J7: Pasture | K7: Available | L7: Abandoned
D8: USA.Per_capita_VFN_demand_Scenario | H8: USA | I8: 160408800 | J8: 265020200 | K8: 297107000 | L8: 19190000
C9: Yield STELLA | D9: ROW.potential commodity crop yield
D10: ROW.potential fiber yield
D11: ROW.Potential VFN yield | H11: EU27 | I11: 122366500 | J11: 76008500 | K11: 141287410 | L11: 414800000
D12: USA.potential commodity crop yield | H12: BRAZIL | I12: 56409850 | J12: 190299150 | K12: 569059800 | L12: 0
D13: USA.potential fiber yield | H13: CAN | I13: 45542000 | J13: 22272000 | K13: 310134000 | L13: 0
D14: USA.Potential VFN yield | H14: JAPAN | I14: 4929300 | J14: 685700 | K14: 24935200 | L14: 0
B15: WAO Scenario.csv | C15: WAO Scenario | D15: US.Crop Land Alloc to Cellulosic Energy Crop | H15: CHIHKG | I15: 126164900 | J15: 406219100 | K15: 161112580 | L15: 0
D16: ROW.Crop Land Alloc to Cellulosic Energy Crop | H16: INDIA | I16: 161635150 | J16: 19402850 | K16: 64374300 | L16: 0
H17: C_C_Amer | I17: 39321840 | J17: 95692860 | K17: 100559700 | L17: 0
A18: 2 | B18: WAO Tables.xls | C18: Demand STELLA High | D18: ROW.per_capita_animal_product_demand_scenario | H18: S_o_Amer | I18: 50341950 | J18: 260757050 | K18: 368967800 | L18: 0
D19: ROW.per_capita_commodity_crop_demand_scenario | H19: E_Asia | I19: 5635 | J19: 122621 | K19: 26673200 | L19: 0
D20: ROW.Per_capita_VFN_demand_Scenario | H20: Mala_Indo | I20: 35948500 | J20: 13077500 | K20: 136936800 | L20: 0
D21: USA.per_capita_animal_product_demand_scenario | H21: R_SE_Asia | I21: 49894450 | J21: 6538750 | K21: 105480500 | L21: 0
D22: USA.per_capita_commodity_crop_demand_scenario | H22: R_S_Asia | I22: 40480900 | J22: 40171100 | K22: 15270700 | L22: 0
D23: USA.Per_capita_VFN_demand_Scenario | H23: Russia | I23: 124818100 | J23: 93976900 | K23: 809045500 | L23: 0
C24: Yield STELLA | D24: ROW.potential commodity crop yield | H24: Oth_CEE_CIS | I24: 177782575 | J24: 266365625 | K24: 69822600 | L24: 0
D25: ROW.potential fiber yield | H25: R_Europe | I25: 1262100 | J25: 3608900 | K25: 10341040 | L25: 0
D26: ROW.Potential VFN yield | H26: MEAS_NAfr | I26: 61498865 | J26: 279712835 | K26: 22774380 | L26: 0
D27: USA.potential commodity crop yield | H27: S_S_AFR | I27: 173909900 | J27: 833409100 | K27: 732758790 | L27: 0
D28: USA.potential fiber yield | H28: Oceania | I28: 48397800 | J28: 435740000 | K28: 198523130 | L28: 0
D29: USA.Potential VFN yield | H29: TOTAL ROW | I29: =SUM(I11:I28) -> 1320710315 | J29: =SUM(J11:J28) -> 3044060541 | K29: =SUM(K11:K28) -> 3868057430 | L29: =SUM(L11:L28) -> 414800000
B30: WAO Scenario.csv | C30: WAO Scenario | D30: US.Crop Land Alloc to Cellulosic Energy Crop
D31: ROW.Crop Land Alloc to Cellulosic Energy Crop
A33: 3 | B33: WAO Tables.xls | C33: Demand STELLA Base | D33: ROW.per_capita_animal_product_demand_scenario | G33: Other notes:
D34: ROW.per_capita_commodity_crop_demand_scenario | G34: Meat crosswalk: Used a blended cosswalk, that reflects a weighted average of Danny's 6 different crosswalks
D35: ROW.Per_capita_VFN_demand_Scenario | G35: VFN yield factor: Introduced a calibration factor for VFN to increase VFN yield relative to input data values. Effect is to enable calibration of VFN land against input data
D36: USA.per_capita_animal_product_demand_scenario | G36: Forage, pasture yield: Instead of time series input (very noisy, very low values after "real" data ends), simply used initial potential crop land forage yield for base value
D37: USA.per_capita_commodity_crop_demand_scenario | G37: potential pasture land yield factor: set at 0.01 for both US and ROW. Captures idea that pasture lands are less than forage yields
D38: USA.Per_capita_VFN_demand_Scenario | G38: forage demand kludgita: set to value of 17 in US, 3 in ROW. This may actually reflect problem with estimation of forage yield.
C39: Yield STELLA | D39: ROW.potential commodity crop yield | G39: commodity product kludgita: set to value of 0.1 for cereal grain NEC, both in US and ROW. Number applies to meat crosswalk values, used to enable calibration of cereal grain nec against harvested data
D40: ROW.potential fiber yield
D41: ROW.Potential VFN yield | G41: calibration period: 1991-2005
D42: USA.potential commodity crop yield
D43: USA.potential fiber yield
D44: USA.Potential VFN yield
B45: 25% by 2050.csv | C45: 25% by 2050 | D45: US.Crop Land Alloc to Cellulosic Energy Crop
D46: ROW.Crop Land Alloc to Cellulosic Energy Crop
A48: 3 | B48: WAO Tables.xls | C48: Demand STELLA High | D48: ROW.per_capita_animal_product_demand_scenario
D49: ROW.per_capita_commodity_crop_demand_scenario
D50: ROW.Per_capita_VFN_demand_Scenario
D51: USA.per_capita_animal_product_demand_scenario
D52: USA.per_capita_commodity_crop_demand_scenario
D53: USA.Per_capita_VFN_demand_Scenario
C54: Yield STELLA | D54: ROW.potential commodity crop yield
D55: ROW.potential fiber yield
D56: ROW.Potential VFN yield
D57: USA.potential commodity crop yield
D58: USA.potential fiber yield
D59: USA.Potential VFN yield
B60: 25% by 2050.csv | C60: 25% by 2050 | D60: US.Crop Land Alloc to Cellulosic Energy Crop
D61: ROW.Crop Land Alloc to Cellulosic Energy Crop

Sheet WAO Scenario Ag
B1: 1961 | C1: 1962 | D1: 1963 | E1: 1964 | F1: 1965 | G1: 1966 | H1: 1967 | I1: 1968 | J1: 1969 | K1: 1970 | L1: 1971 | M1: 1972 | N1: 1973 | O1: 1974 | P1: 1975 | Q1: 1976 | R1: 1977 | S1: 1978 | T1: 1979 | U1: 1980 | V1: 1981 | W1: 1982 | X1: 1983 | Y1: 1984 | Z1: 1985 | AA1: 1986 | AB1: 1987 | AC1: 1988 | AD1: 1989 | AE1: 1990 | AF1: 1991 | AG1: 1992 | AH1: 1993 | AI1: 1994 | AJ1: 1995 | AK1: 1996 | AL1: 1997 | AM1: 1998 | AN1: 1999 | AO1: 2000 | AP1: 2001 | AQ1: 2002 | AR1: 2003 | AS1: 2004 | AT1: 2005 | AU1: 2006 | AV1: 2007 | AW1: 2008 | AX1: 2009 | AY1: 2010 | AZ1: 2011 | BA1: 2012 | BB1: 2013 | BC1: 2014 | BD1: 2015 | BE1: 2016 | BF1: 2017 | BG1: 2018 | BH1: 2019 | BI1: 2020 | BJ1: 2021 | BK1: 2022 | BL1: 2023 | BM1: 2024 | BN1: 2025 | BO1: 2026 | BP1: 2027 | BQ1: 2028 | BR1: 2029 | BS1: 2030 | BT1: 2031 | BU1: 2032 | BV1: 2033 | BW1: 2034 | BX1: 2035 | BY1: 2036 | BZ1: 2037 | CA1: 2038 | CB1: 2039 | CC1: 2040 | CD1: 2041 | CE1: 2042 | CF1: 2043 | CG1: 2044 | CH1: 2045 | CI1: 2046 | CJ1: 2047 | CK1: 2048 | CL1: 2049 | CM1: 2050
A2: US Cereal | B2: 0 | C2: 0 | D2: 0 | E2: 0 | F2: 0 | G2: 0 | H2: 0 | I2: 0 | J2: 0 | K2: 0 | L2: 0 | M2: 0 | N2: 0 | O2: 0 | P2: 0 | Q2: 0 | R2: 0 | S2: 0 | T2: 0 | U2: 0 | V2: 0 | W2: 0 | X2: 0 | Y2: 0 | Z2: 0 | AA2: 0 | AB2: 0 | AC2: 0 | AD2: 0 | AE2: 0 | AF2: 362052.24 | AG2: 713197.17 | AH2: 1053920.4 | AI2: 1384679 | AJ2: 1705904 | AK2: 2018001.5 | AL2: 2321355.3 | AM2: 2616327.6 | AN2: 2903261.1 | AO2: 3182480 | AP2: 3426203.3 | AQ2: 4099611.7 | AR2: 5302568.9 | AS2: 6337478.9 | AT2: 7196282 | AU2: 8890469.8 | AV2: 11817404 | AW2: 16628892 | AX2: 17981467 | AY2: 19322308 | AZ2: 20651567 | BA2: 21969394 | BB2: 23275936 | BC2: 24571337 | BD2: 25855738 | BE2: 27129280 | BF2: 28392099 | BG2: 29644331 | BH2: 30886108 | BI2: 30757708 | BJ2: 30630371 | BK2: 30504084 | BL2: 30378834 | BM2: 30254608 | BN2: 30131394 | BO2: 30009180 | BP2: 29887953 | BQ2: 29767701 | BR2: 29648413 | BS2: 29530078 | BT2: 29412683 | BU2: 29296219 | BV2: 29180672 | BW2: 29066034 | BX2: 28952293 | BY2: 28839438 | BZ2: 28727460 | CA2: 28616348 | CB2: 28506093 | CC2: 28396684 | CD2: 28288111 | CE2: 28180365 | CF2: 28073437 | CG2: 27967318 | CH2: 27861998 | CI2: 27757468 | CJ2: 27653719 | CK2: 27550743 | CL2: 27448531 | CM2: 27347075
A3: US Oil | B3: 0 | C3: 0 | D3: 0 | E3: 0 | F3: 0 | G3: 0 | H3: 0 | I3: 0 | J3: 0 | K3: 0 | L3: 0 | M3: 0 | N3: 0 | O3: 0 | P3: 0 | Q3: 0 | R3: 0 | S3: 0 | T3: 0 | U3: 0 | V3: 0 | W3: 0 | X3: 0 | Y3: 0 | Z3: 0 | AA3: 0 | AB3: 0 | AC3: 0 | AD3: 0 | AE3: 0 | AF3: 0 | AG3: 0 | AH3: 0 | AI3: 0 | AJ3: 0 | AK3: 0 | AL3: 0 | AM3: 0 | AN3: 0 | AO3: 0 | AP3: 68980.364 | AQ3: 83401.554 | AR3: 111702.67 | AS3: 216760.93 | AT3: 697208.05 | AU3: 1901550.9 | AV3: 3681291.6 | AW3: 4557838.1 | AX3: 4777637.3 | AY3: 4993103.8 | AZ3: 5204364.3 | BA3: 5411541 | BB3: 5614750.9 | BC3: 5814107.1 | BD3: 6009718 | BE3: 6201688.3 | BF3: 6390118.7 | BG3: 6575106.1 | BH3: 6756738.7 | BI3: 6696118 | BJ3: 6636575.3 | BK3: 6578082.3 | BL3: 6520611.3 | BM3: 6464135.8 | BN3: 6408630.2 | BO3: 6354069.7 | BP3: 6300430.4 | BQ3: 6247689.1 | BR3: 6195823.5 | BS3: 6144811.9 | BT3: 6094633.5 | BU3: 6045267.9 | BV3: 5996695.6 | BW3: 5948897.6 | BX3: 5901855.6 | BY3: 5855551.7 | BZ3: 5809968.7 | CA3: 5765089.9 | CB3: 5720899.2 | CC3: 5677380.7 | CD3: 5634519.4 | CE3: 5592300.3 | CF3: 5550709.3 | CG3: 5509732.3 | CH3: 5469355.9 | CI3: 5429566.9 | CJ3: 5390352.7 | CK3: 5351700.9 | CL3: 5313599.4 | CM3: 5276036.6
A4: ROW Oth Cereal | B4: 0 | C4: 0 | D4: 0 | E4: 0 | F4: 0 | G4: 0 | H4: 0 | I4: 0 | J4: 0 | K4: 0 | L4: 0 | M4: 0 | N4: 0 | O4: 0 | P4: 0 | Q4: 0 | R4: 0 | S4: 0 | T4: 0 | U4: 0 | V4: 0 | W4: 0 | X4: 0 | Y4: 0 | Z4: 0 | AA4: 0 | AB4: 0 | AC4: 0 | AD4: 0 | AE4: 0 | AF4: 270161.25 | AG4: 534967.18 | AH4: 794575.47 | AI4: 1049137.7 | AJ4: 1298799.4 | AK4: 1543701 | AL4: 1783977.1 | AM4: 2019757.7 | AN4: 2251167.8 | AO4: 2478327.6 | AP4: 2621817 | AQ4: 2913751.5 | AR4: 3281340.7 | AS4: 3066287.3 | AT4: 3453257.3 | AU4: 4019022.8 | AV4: 4818734.9 | AW4: 6331225.3 | AX4: 7184411.7 | AY4: 8025387.4 | AZ4: 8854412.6 | BA4: 9671740.2 | BB4: 10477616 | BC4: 11272279 | BD4: 12055962 | BE4: 12828891 | BF4: 13591285 | BG4: 14343359 | BH4: 15085319 | BI4: 14984577 | BJ4: 14885173 | BK4: 14787078 | BL4: 14690268 | BM4: 14594718 | BN4: 14500402 | BO4: 14407298 | BP4: 14315381 | BQ4: 14224630 | BR4: 14135022 | BS4: 14046536 | BT4: 13959151 | BU4: 13872847 | BV4: 13787603 | BW4: 13703401 | BX4: 13620220 | BY4: 13538044 | BZ4: 13456853 | CA4: 13376630 | CB4: 13297358 | CC4: 13219020 | CD4: 13141599 | CE4: 13065081 | CF4: 12989448 | CG4: 12914685 | CH4: 12840779 | CI4: 12767713 | CJ4: 12695474 | CK4: 12624048 | CL4: 12553422 | CM4: 12483581
A5: ROW maize | B5: 0 | C5: 0 | D5: 0 | E5: 0 | F5: 0 | G5: 0 | H5: 0 | I5: 0 | J5: 0 | K5: 0 | L5: 0 | M5: 0 | N5: 0 | O5: 0 | P5: 0 | Q5: 0 | R5: 0 | S5: 0 | T5: 0 | U5: 0 | V5: 0 | W5: 0 | X5: 0 | Y5: 0 | Z5: 0 | AA5: 0 | AB5: 0 | AC5: 0 | AD5: 0 | AE5: 0 | AF5: 194049.07 | AG5: 381255.24 | AH5: 561974.2 | AI5: 736537.39 | AJ5: 905254.08 | AK5: 1068413.2 | AL5: 1226284.8 | AM5: 1379121.8 | AN5: 1527161.4 | AO5: 1670625.9 | AP5: 1756440.2 | AQ5: 1940254.1 | AR5: 2172174.9 | AS5: 2018151.3 | AT5: 2260086.9 | AU5: 2615940.6 | AV5: 3132063.5 | AW5: 4109463.3 | AX5: 4656909.8 | AY5: 5195066.8 | AZ5: 5724168.7 | BA5: 6244442.1 | BB5: 6756106.2 | BC5: 7259373 | BD5: 7754447.4 | BE5: 8241527.9 | BF5: 8720806.6 | BG5: 9192469.4 | BH5: 9656695.6 | BI5: 9581171.9 | BJ5: 9506820.2 | BK5: 9433613.7 | BL5: 9361526 | BM5: 9290531.6 | BN5: 9220605.9 | BO5: 9151725 | BP5: 9083865.6 | BQ5: 9017005.1 | BR5: 8951121.6 | BS5: 8886194 | BT5: 8822201.4 | BU5: 8759124 | BV5: 8696942.1 | BW5: 8635636.8 | BX5: 8575189.9 | BY5: 8515583.2 | BZ5: 8456799.5 | CA5: 8398821.8 | CB5: 8341633.6 | CC5: 8285219 | CD5: 8229562.3 | CE5: 8174648.4 | CF5: 8120462.5 | CG5: 8066990.2 | CH5: 8014217.5 | CI5: 7962130.8 | CJ5: 7910716.8 | CK5: 7859962.4 | CL5: 7809855.3 | CM5: 7760382.9
A6: ROW wheat | B6: 0 | C6: 0 | D6: 0 | E6: 0 | F6: 0 | G6: 0 | H6: 0 | I6: 0 | J6: 0 | K6: 0 | L6: 0 | M6: 0 | N6: 0 | O6: 0 | P6: 0 | Q6: 0 | R6: 0 | S6: 0 | T6: 0 | U6: 0 | V6: 0 | W6: 0 | X6: 0 | Y6: 0 | Z6: 0 | AA6: 0 | AB6: 0 | AC6: 0 | AD6: 0 | AE6: 0 | AF6: 340168.03 | AG6: 669268.57 | AH6: 987833.09 | AI6: 1296359.6 | AJ6: 1595315.2 | AK6: 1885138.4 | AL6: 2166241.3 | AM6: 2439011.8 | AN6: 2703814.9 | AO6: 2960994.6 | AP6: 3116337.3 | AQ6: 3445952.3 | AR6: 3861646 | AS6: 3591256.1 | AT6: 4025513.1 | AU6: 4663547.3 | AV6: 5585113.7 | AW6: 7329892.3 | AX6: 8308439.7 | AY6: 9270861.9 | AZ6: 10217554 | BA6: 11148899 | BB6: 12065267 | BC6: 12967016 | BD6: 13854494 | BE6: 14728035 | BF6: 15587967 | BG6: 16434605 | BH6: 17268253 | BI6: 17136804 | BJ6: 17007342 | BK6: 16879820 | BL6: 16754197 | BM6: 16630430 | BN6: 16508478 | BO6: 16388302 | BP6: 16269863 | BQ6: 16153123 | BR6: 16038047 | BS6: 15924598 | BT6: 15812744 | BU6: 15702450 | BV6: 15593683 | BW6: 15486414 | BX6: 15380610 | BY6: 15276241 | BZ6: 15173280 | CA6: 15071697 | CB6: 14971466 | CC6: 14872559 | CD6: 14774950 | CE6: 14678614 | CF6: 14583526 | CG6: 14489662 | CH6: 14396998 | CI6: 14305512 | CJ6: 14215182 | CK6: 14125985 | CL6: 14037901 | CM6: 13950908
A7: ROW Sugar | B7: 0 | C7: 0 | D7: 0 | E7: 0 | F7: 0 | G7: 0 | H7: 0 | I7: 0 | J7: 0 | K7: 0 | L7: 0 | M7: 0 | N7: 0 | O7: 0 | P7: 0 | Q7: 0 | R7: 0 | S7: 0 | T7: 0 | U7: 0 | V7: 0 | W7: 0 | X7: 0 | Y7: 0 | Z7: 0 | AA7: 0 | AB7: 0 | AC7: 0 | AD7: 0 | AE7: 0 | AF7: 25254.418 | AG7: 50156.793 | AH7: 74714.436 | AI7: 98934.455 | AJ7: 122823.77 | AK7: 146389.1 | AL7: 169636.99 | AM7: 192573.83 | AN7: 215205.8 | AO7: 237538.95 | AP7: 254811.95 | AQ7: 295993.59 | AR7: 362040.29 | AS7: 394983.13 | AT7: 449369.33 | AU7: 546283.93 | AV7: 697057.23 | AW7: 953706.97 | AX7: 1040252.2 | AY7: 1124810.4 | AZ7: 1207449.3 | BA7: 1288233.5 | BB7: 1367224.6 | BC7: 1444481.8 | BD7: 1520061.5 | BE7: 1594017.8 | BF7: 1666402.4 | BG7: 1737264.9 | BH7: 1806652.8 | BI7: 1788048.9 | BJ7: 1769824.1 | BK7: 1751967.1 | BL7: 1734466.9 | BM7: 1717312.9 | BN7: 1700494.8 | BO7: 1684002.9 | BP7: 1667827.9 | BQ7: 1651960.6 | BR7: 1636392.4 | BS7: 1621114.8 | BT7: 1606119.9 | BU7: 1591399.9 | BV7: 1576947.2 | BW7: 1562754.7 | BX7: 1548815.4 | BY7: 1535122.5 | BZ7: 1521669.6 | CA7: 1508450.5 | CB7: 1495459 | CC7: 1482689.5 | CD7: 1470136.1 | CE7: 1457793.6 | CF7: 1445656.5 | CG7: 1433719.9 | CH7: 1421978.8 | CI7: 1410428.4 | CJ7: 1399064.2 | CK7: 1387881.6 | CL7: 1376876.4 | CM7: 1366044.3
A8: ROW Cassava | B8: 0 | C8: 0 | D8: 0 | E8: 0 | F8: 0 | G8: 0 | H8: 0 | I8: 0 | J8: 0 | K8: 0 | L8: 0 | M8: 0 | N8: 0 | O8: 0 | P8: 0 | Q8: 0 | R8: 0 | S8: 0 | T8: 0 | U8: 0 | V8: 0 | W8: 0 | X8: 0 | Y8: 0 | Z8: 0 | AA8: 0 | AB8: 0 | AC8: 0 | AD8: 0 | AE8: 0 | AF8: 3416.4413 | AG8: 6832.8825 | AH8: 10249.324 | AI8: 13665.765 | AJ8: 17082.206 | AK8: 20498.648 | AL8: 23915.089 | AM8: 27331.53 | AN8: 30747.971 | AO8: 34164.413 | AP8: 36890.677 | AQ8: 43133.845 | AR8: 53102.303 | AS8: 58309.241 | AT8: 66764.667 | AU8: 81682.375 | AV8: 105480.61 | AW8: 146033.35 | AX8: 161156.82 | AY8: 176280.28 | AZ8: 191403.75 | BA8: 206527.21 | BB8: 221650.68 | BC8: 236774.14 | BD8: 251897.6 | BE8: 267021.07 | BF8: 282144.53 | BG8: 297268 | BH8: 312391.46 | BI8: 312391.46 | BJ8: 312391.46 | BK8: 312391.46 | BL8: 312391.46 | BM8: 312391.46 | BN8: 312391.46 | BO8: 312391.46 | BP8: 312391.46 | BQ8: 312391.46 | BR8: 312391.46 | BS8: 312391.46 | BT8: 312391.46 | BU8: 312391.46 | BV8: 312391.46 | BW8: 312391.46 | BX8: 312391.46 | BY8: 312391.46 | BZ8: 312391.46 | CA8: 312391.46 | CB8: 312391.46 | CC8: 312391.46 | CD8: 312391.46 | CE8: 312391.46 | CF8: 312391.46 | CG8: 312391.46 | CH8: 312391.46 | CI8: 312391.46 | CJ8: 312391.46 | CK8: 312391.46 | CL8: 312391.46 | CM8: 312391.46
A9: ROW Oil | B9: 0 | C9: 0 | D9: 0 | E9: 0 | F9: 0 | G9: 0 | H9: 0 | I9: 0 | J9: 0 | K9: 0 | L9: 0 | M9: 0 | N9: 0 | O9: 0 | P9: 0 | Q9: 0 | R9: 0 | S9: 0 | T9: 0 | U9: 0 | V9: 0 | W9: 0 | X9: 0 | Y9: 0 | Z9: 0 | AA9: 0 | AB9: 0 | AC9: 0 | AD9: 0 | AE9: 0 | AF9: 213230.1 | AG9: 420704.18 | AH9: 622652.19 | AI9: 819292.03 | AJ9: 1010830.3 | AK9: 1197462.9 | AL9: 1379376 | AM9: 1556746.3 | AN9: 1729741.9 | AO9: 1898522.8 | AP9: 2350762 | AQ9: 3026354.6 | AR9: 3996955.4 | AS9: 5002175.2 | AT9: 7690715.8 | AU9: 12604336 | AV9: 16922282 | AW9: 25257774 | AX9: 29340684 | AY9: 33343110 | AZ9: 37267410 | BA9: 41115847 | BB9: 44890601 | BC9: 48593769 | BD9: 52227366 | BE9: 55793337 | BF9: 59293550 | BG9: 62729808 | BH9: 66103840 | BI9: 65510763 | BJ9: 64928234 | BK9: 64355973 | BL9: 63793712 | BM9: 63241190 | BN9: 62698157 | BO9: 62164370 | BP9: 61639596 | BQ9: 61123607 | BR9: 60616185 | BS9: 60117119 | BT9: 59626203 | BU9: 59143240 | BV9: 58668038 | BW9: 58200412 | BX9: 57740181 | BY9: 57287172 | BZ9: 56841216 | CA9: 56402149 | CB9: 55969813 | CC9: 55544055 | CD9: 55124726 | CE9: 54711680 | CF9: 54304778 | CG9: 53903884 | CH9: 53508866 | CI9: 53119595 | CJ9: 52735947 | CK9: 52357801 | CL9: 51985039 | CM9: 51617547
A11: Adjusted
B12: 1961 | C12: 1962 | D12: 1963 | E12: 1964 | F12: 1965 | G12: 1966 | H12: 1967 | I12: 1968 | J12: 1969 | K12: 1970 | L12: 1971 | M12: 1972 | N12: 1973 | O12: 1974 | P12: 1975 | Q12: 1976 | R12: 1977 | S12: 1978 | T12: 1979 | U12: 1980 | V12: 1981 | W12: 1982 | X12: 1983 | Y12: 1984 | Z12: 1985 | AA12: 1986 | AB12: 1987 | AC12: 1988 | AD12: 1989 | AE12: 1990 | AF12: 1991 | AG12: 1992 | AH12: 1993 | AI12: 1994 | AJ12: 1995 | AK12: 1996 | AL12: 1997 | AM12: 1998 | AN12: 1999 | AO12: 2000 | AP12: 2001 | AQ12: 2002 | AR12: 2003 | AS12: 2004 | AT12: 2005 | AU12: 2006 | AV12: 2007 | AW12: 2008 | AX12: 2009 | AY12: 2010 | AZ12: 2011 | BA12: 2012 | BB12: 2013 | BC12: 2014 | BD12: 2015 | BE12: 2016 | BF12: 2017 | BG12: 2018 | BH12: 2019 | BI12: 2020 | BJ12: 2021 | BK12: 2022 | BL12: 2023 | BM12: 2024 | BN12: 2025 | BO12: 2026 | BP12: 2027 | BQ12: 2028 | BR12: 2029 | BS12: 2030 | BT12: 2031 | BU12: 2032 | BV12: 2033 | BW12: 2034 | BX12: 2035 | BY12: 2036 | BZ12: 2037 | CA12: 2038 | CB12: 2039 | CC12: 2040 | CD12: 2041 | CE12: 2042 | CF12: 2043 | CG12: 2044 | CH12: 2045 | CI12: 2046 | CJ12: 2047 | CK12: 2048 | CL12: 2049 | CM12: 2050
A13: US Cereal | B13: =B2*0.73 -> 0 | C13: =C2*0.73 -> 0 | D13: =D2*0.73 -> 0 | E13: =E2*0.73 -> 0 | F13: =F2*0.73 -> 0 | G13: =G2*0.73 -> 0 | H13: =H2*0.73 -> 0 | I13: =I2*0.73 -> 0 | ... CM13: =CM2*0.73 -> 19963365
A14: US Oil | B14: =B3*0.39 -> 0 | C14: =C3*0.39 -> 0 | D14: =D3*0.39 -> 0 | E14: =E3*0.39 -> 0 | F14: =F3*0.39 -> 0 | G14: =G3*0.39 -> 0 | H14: =H3*0.39 -> 0 | I14: =I3*0.39 -> 0 | ... CM14: =CM3*0.39 -> 2057654.3
A15: ROW Oth | B15: =B4*0.77 -> 0 | C15: =C4*0.77 -> 0 | D15: =D4*0.77 -> 0 | E15: =E4*0.77 -> 0 | F15: =F4*0.77 -> 0 | G15: =G4*0.77 -> 0 | H15: =H4*0.77 -> 0 | I15: =I4*0.77 -> 0 | ... CM15: =CM4*0.77 -> 9612357.3
A16: ROW maize | B16: =B5*0.73 -> 0 | C16: =C5*0.73 -> 0 | D16: =D5*0.73 -> 0 | E16: =E5*0.73 -> 0 | F16: =F5*0.73 -> 0 | G16: =G5*0.73 -> 0 | H16: =H5*0.73 -> 0 | I16: =I5*0.73 -> 0 | ... CM16: =CM5*0.73 -> 5665079.5
A17: ROW wheat | B17: =B6*0.77 -> 0 | C17: =C6*0.77 -> 0 | D17: =D6*0.77 -> 0 | E17: =E6*0.77 -> 0 | F17: =F6*0.77 -> 0 | G17: =G6*0.77 -> 0 | H17: =H6*0.77 -> 0 | I17: =I6*0.77 -> 0 | ... CM17: =CM6*0.77 -> 10742199
A18: ROW Sugar | B18: =B7*0.98 -> 0 | C18: =C7*0.98 -> 0 | D18: =D7*0.98 -> 0 | E18: =E7*0.98 -> 0 | F18: =F7*0.98 -> 0 | G18: =G7*0.98 -> 0 | H18: =H7*0.98 -> 0 | I18: =I7*0.98 -> 0 | ... CM18: =CM7*0.98 -> 1338723.4
A19: ROW Cassava | B19: =B8*0.82 -> 0 | C19: =C8*0.82 -> 0 | D19: =D8*0.82 -> 0 | E19: =E8*0.82 -> 0 | F19: =F8*0.82 -> 0 | G19: =G8*0.82 -> 0 | H19: =H8*0.82 -> 0 | I19: =I8*0.82 -> 0 | ... CM19: =CM8*0.82 -> 256160.99
A20: ROW Oil | B20: =B9*0.65 -> 0 | C20: =C9*0.65 -> 0 | D20: =D9*0.65 -> 0 | E20: =E9*0.65 -> 0 | F20: =F9*0.65 -> 0 | G20: =G9*0.65 -> 0 | H20: =H9*0.65 -> 0 | I20: =I9*0.65 -> 0 | ... CM20: =CM9*0.65 -> 33551406
B22: 1961 | C22: 1962 | D22: 1963 | E22: 1964 | F22: 1965 | G22: 1966 | H22: 1967 | I22: 1968 | J22: 1969 | K22: 1970 | L22: 1971 | M22: 1972 | N22: 1973 | O22: 1974 | P22: 1975 | Q22: 1976 | R22: 1977 | S22: 1978 | T22: 1979 | U22: 1980 | V22: 1981 | W22: 1982 | X22: 1983 | Y22: 1984 | Z22: 1985 | AA22: 1986 | AB22: 1987 | AC22: 1988 | AD22: 1989 | AE22: 1990 | AF22: 1991 | AG22: 1992 | AH22: 1993 | AI22: 1994 | AJ22: 1995 | AK22: 1996 | AL22: 1997 | AM22: 1998 | AN22: 1999 | AO22: 2000 | AP22: 2001 | AQ22: 2002 | AR22: 2003 | AS22: 2004 | AT22: 2005 | AU22: 2006 | AV22: 2007 | AW22: 2008 | AX22: 2009 | AY22: 2010 | AZ22: 2011 | BA22: 2012 | BB22: 2013 | BC22: 2014 | BD22: 2015 | BE22: 2016 | BF22: 2017 | BG22: 2018 | BH22: 2019 | BI22: 2020 | BJ22: 2021 | BK22: 2022 | BL22: 2023 | BM22: 2024 | BN22: 2025 | BO22: 2026 | BP22: 2027 | BQ22: 2028 | BR22: 2029 | BS22: 2030 | BT22: 2031 | BU22: 2032 | BV22: 2033 | BW22: 2034 | BX22: 2035 | BY22: 2036 | BZ22: 2037 | CA22: 2038 | CB22: 2039 | CC22: 2040 | CD22: 2041 | CE22: 2042 | CF22: 2043 | CG22: 2044 | CH22: 2045 | CI22: 2046 | CJ22: 2047 | CK22: 2048 | CL22: 2049 | CM22: 2050
A23: US.Crop Land Alloc to Cellulosic Energy crop | B23: =SUM(B13:B14) -> 0 | C23: =SUM(C13:C14) -> 0 | D23: =SUM(D13:D14) -> 0 | E23: =SUM(E13:E14) -> 0 | F23: =SUM(F13:F14) -> 0 | G23: =SUM(G13:G14) -> 0 | H23: =SUM(H13:H14) -> 0 | I23: =SUM(I13:I14) -> 0 | ... CM23: =SUM(CM13:CM14) -> 22021019
A24: ROW.Crop Land Alloc to Cellulosic Energy Crop | B24: =SUM(B15:B20) -> 0 | C24: =SUM(C15:C20) -> 0 | D24: =SUM(D15:D20) -> 0 | E24: =SUM(E15:E20) -> 0 | F24: =SUM(F15:F20) -> 0 | G24: =SUM(G15:G20) -> 0 | H24: =SUM(H15:H20) -> 0 | I24: =SUM(I15:I20) -> 0 | ... CM24: =SUM(CM15:CM20) -> 61165926

Sheet 25% by 2050 Ag
B1: 1961 | C1: 1962 | D1: 1963 | E1: 1964 | F1: 1965 | G1: 1966 | H1: 1967 | I1: 1968 | J1: 1969 | K1: 1970 | L1: 1971 | M1: 1972 | N1: 1973 | O1: 1974 | P1: 1975 | Q1: 1976 | R1: 1977 | S1: 1978 | T1: 1979 | U1: 1980 | V1: 1981 | W1: 1982 | X1: 1983 | Y1: 1984 | Z1: 1985 | AA1: 1986 | AB1: 1987 | AC1: 1988 | AD1: 1989 | AE1: 1990 | AF1: 1991 | AG1: 1992 | AH1: 1993 | AI1: 1994 | AJ1: 1995 | AK1: 1996 | AL1: 1997 | AM1: 1998 | AN1: 1999 | AO1: 2000 | AP1: 2001 | AQ1: 2002 | AR1: 2003 | AS1: 2004 | AT1: 2005 | AU1: 2006 | AV1: 2007 | AW1: 2008 | AX1: 2009 | AY1: 2010 | AZ1: 2011 | BA1: 2012 | BB1: 2013 | BC1: 2014 | BD1: 2015 | BE1: 2016 | BF1: 2017 | BG1: 2018 | BH1: 2019 | BI1: 2020 | BJ1: 2021 | BK1: 2022 | BL1: 2023 | BM1: 2024 | BN1: 2025 | BO1: 2026 | BP1: 2027 | BQ1: 2028 | BR1: 2029 | BS1: 2030 | BT1: 2031 | BU1: 2032 | BV1: 2033 | BW1: 2034 | BX1: 2035 | BY1: 2036 | BZ1: 2037 | CA1: 2038 | CB1: 2039 | CC1: 2040 | CD1: 2041 | CE1: 2042 | CF1: 2043 | CG1: 2044 | CH1: 2045 | CI1: 2046 | CJ1: 2047 | CK1: 2048 | CL1: 2049 | CM1: 2050
A2: US maize | B2: 0 | C2: 0 | D2: 0 | E2: 0 | F2: 0 | G2: 0 | H2: 0 | I2: 0 | J2: 0 | K2: 0 | L2: 0 | M2: 0 | N2: 0 | O2: 0 | P2: 0 | Q2: 0 | R2: 0 | S2: 0 | T2: 0 | U2: 0 | V2: 0 | W2: 0 | X2: 0 | Y2: 0 | Z2: 0 | AA2: 0 | AB2: 0 | AC2: 0 | AD2: 0 | AE2: 0 | AF2: 362052.24 | AG2: 713197.17 | AH2: 1053920.4 | AI2: 1384679 | AJ2: 1705904 | AK2: 2018001.5 | AL2: 2321355.3 | AM2: 2616327.6 | AN2: 2903261.1 | AO2: 3182480 | AP2: 3426203.3 | AQ2: 4099611.7 | AR2: 5302568.9 | AS2: 6337478.9 | AT2: 7196282 | AU2: 8890469.8 | AV2: 11817404 | AW2: 16749587 | AX2: 17981467 | AY2: 19322308 | AZ2: 20651567 | BA2: 21969394 | BB2: 23275936 | BC2: 24571337 | BD2: 25855738 | BE2: 27129280 | BF2: 28392099 | BG2: 29644331 | BH2: 30886108 | BI2: 30757708 | BJ2: 30630371 | BK2: 30504084 | BL2: 30378834 | BM2: 30254608 | BN2: 30131394 | BO2: 30009180 | BP2: 29887953 | BQ2: 29767701 | BR2: 29648413 | BS2: 29530078 | BT2: 29412683 | BU2: 29296219 | BV2: 29180672 | BW2: 29066034 | BX2: 28952293 | BY2: 28839438 | BZ2: 28727460 | CA2: 28616348 | CB2: 28506093 | CC2: 28396684 | CD2: 28288111 | CE2: 28180365 | CF2: 28073437 | CG2: 27967318 | CH2: 27861998 | CI2: 27757468 | CJ2: 27653719 | CK2: 27550743 | CL2: 27448531 | CM2: 27347075
A3: US Cellulosic | B3: 0 | C3: 0 | D3: 0 | E3: 0 | F3: 0 | G3: 0 | H3: 0 | I3: 0 | J3: 0 | K3: 0 | L3: 0 | M3: 0 | N3: 0 | O3: 0 | P3: 0 | Q3: 0 | R3: 0 | S3: 0 | T3: 0 | U3: 0 | V3: 0 | W3: 0 | X3: 0 | Y3: 0 | Z3: 0 | AA3: 0 | AB3: 0 | AC3: 0 | AD3: 0 | AE3: 0 | AF3: 0 | AG3: 0 | AH3: 0 | AI3: 0 | AJ3: 0 | AK3: 0 | AL3: 0 | AM3: 0 | AN3: 0 | AO3: 0 | AP3: 0 | AQ3: 0 | AR3: 0 | AS3: 0 | AT3: 0 | AU3: 0 | AV3: 0 | AW3: 0 | AX3: 0 | AY3: 0 | AZ3: 0 | BA3: 0 | BB3: 0 | BC3: 0 | BD3: 0 | BE3: 0 | BF3: 0 | BG3: 0 | BH3: 0 | BI3: 1889155.9 | BJ3: 3740902.9 | BK3: 5555796.3 | BL3: 7334384.6 | BM3: 9077208.6 | BN3: 10784802 | BO3: 12457692 | BP3: 14096399 | BQ3: 15701434 | BR3: 17273305 | BS3: 18812511 | BT3: 20319543 | BU3: 21794890 | BV3: 23239029 | BW3: 24652436 | BX3: 26035576 | BY3: 27388910 | BZ3: 28712893 | CA3: 30007974 | CB3: 31274596 | CC3: 32513193 | CD3: 33724199 | CE3: 34908036 | CF3: 36065126 | CG3: 37195881 | CH3: 38300709 | CI3: 39380013 | CJ3: 40434190 | CK3: 41463632 | CL3: 42468725 | CM3: 43449851
A4: ROW Oth cer | B4: 0 | C4: 0 | D4: 0 | E4: 0 | F4: 0 | G4: 0 | H4: 0 | I4: 0 | J4: 0 | K4: 0 | L4: 0 | M4: 0 | N4: 0 | O4: 0 | P4: 0 | Q4: 0 | R4: 0 | S4: 0 | T4: 0 | U4: 0 | V4: 0 | W4: 0 | X4: 0 | Y4: 0 | Z4: 0 | AA4: 0 | AB4: 0 | AC4: 0 | AD4: 0 | AE4: 0 | AF4: 270161.25 | AG4: 534967.18 | AH4: 794575.47 | AI4: 1049137.7 | AJ4: 1298799.4 | AK4: 1543701 | AL4: 1783977.1 | AM4: 2019757.7 | AN4: 2251167.8 | AO4: 2478327.6 | AP4: 2621817 | AQ4: 2913751.5 | AR4: 3281340.7 | AS4: 3066287.3 | AT4: 3453257.3 | AU4: 4019022.8 | AV4: 4818734.9 | AW4: 5172925.8 | AX4: 7184411.7 | AY4: 8025387.4 | AZ4: 8854412.6 | BA4: 9671740.2 | BB4: 10477616 | BC4: 11272279 | BD4: 12055962 | BE4: 12828891 | BF4: 13591285 | BG4: 14343359 | BH4: 15085319 | BI4: 14984577 | BJ4: 14885173 | BK4: 14787078 | BL4: 14690268 | BM4: 14594718 | BN4: 14500402 | BO4: 14407298 | BP4: 14315381 | BQ4: 14224630 | BR4: 14135022 | BS4: 14046536 | BT4: 13959151 | BU4: 13872847 | BV4: 13787603 | BW4: 13703401 | BX4: 13620220 | BY4: 13538044 | BZ4: 13456853 | CA4: 13376630 | CB4: 13297358 | CC4: 13219020 | CD4: 13141599 | CE4: 13065081 | CF4: 12989448 | CG4: 12914685 | CH4: 12840779 | CI4: 12767713 | CJ4: 12695474 | CK4: 12624048 | CL4: 12553422 | CM4: 12483581
A5: ROW maize | B5: 0 | C5: 0 | D5: 0 | E5: 0 | F5: 0 | G5: 0 | H5: 0 | I5: 0 | J5: 0 | K5: 0 | L5: 0 | M5: 0 | N5: 0 | O5: 0 | P5: 0 | Q5: 0 | R5: 0 | S5: 0 | T5: 0 | U5: 0 | V5: 0 | W5: 0 | X5: 0 | Y5: 0 | Z5: 0 | AA5: 0 | AB5: 0 | AC5: 0 | AD5: 0 | AE5: 0 | AF5: 194049.07 | AG5: 381255.24 | AH5: 561974.2 | AI5: 736537.39 | AJ5: 905254.08 | AK5: 1068413.2 | AL5: 1226284.8 | AM5: 1379121.8 | AN5: 1527161.4 | AO5: 1670625.9 | AP5: 1756440.2 | AQ5: 1940254.1 | AR5: 2172174.9 | AS5: 2018151.3 | AT5: 2260086.9 | AU5: 2615940.6 | AV5: 3132063.5 | AW5: 3357635.8 | AX5: 4656909.8 | AY5: 5195066.8 | AZ5: 5724168.7 | BA5: 6244442.1 | BB5: 6756106.2 | BC5: 7259373 | BD5: 7754447.4 | BE5: 8241527.9 | BF5: 8720806.6 | BG5: 9192469.4 | BH5: 9656695.6 | BI5: 9581171.9 | BJ5: 9506820.2 | BK5: 9433613.7 | BL5: 9361526 | BM5: 9290531.6 | BN5: 9220605.9 | BO5: 9151725 | BP5: 9083865.6 | BQ5: 9017005.1 | BR5: 8951121.6 | BS5: 8886194 | BT5: 8822201.4 | BU5: 8759124 | BV5: 8696942.1 | BW5: 8635636.8 | BX5: 8575189.9 | BY5: 8515583.2 | BZ5: 8456799.5 | CA5: 8398821.8 | CB5: 8341633.6 | CC5: 8285219 | CD5: 8229562.3 | CE5: 8174648.4 | CF5: 8120462.5 | CG5: 8066990.2 | CH5: 8014217.5 | CI5: 7962130.8 | CJ5: 7910716.8 | CK5: 7859962.4 | CL5: 7809855.3 | CM5: 7760382.9
A6: ROW wheat | B6: 0 | C6: 0 | D6: 0 | E6: 0 | F6: 0 | G6: 0 | H6: 0 | I6: 0 | J6: 0 | K6: 0 | L6: 0 | M6: 0 | N6: 0 | O6: 0 | P6: 0 | Q6: 0 | R6: 0 | S6: 0 | T6: 0 | U6: 0 | V6: 0 | W6: 0 | X6: 0 | Y6: 0 | Z6: 0 | AA6: 0 | AB6: 0 | AC6: 0 | AD6: 0 | AE6: 0 | AF6: 340168.03 | AG6: 669268.57 | AH6: 987833.09 | AI6: 1296359.6 | AJ6: 1595315.2 | AK6: 1885138.4 | AL6: 2166241.3 | AM6: 2439011.8 | AN6: 2703814.9 | AO6: 2960994.6 | AP6: 3116337.3 | AQ6: 3445952.3 | AR6: 3861646 | AS6: 3591256.1 | AT6: 4025513.1 | AU6: 4663547.3 | AV6: 5585113.7 | AW6: 5988886.4 | AX6: 8308439.7 | AY6: 9270861.9 | AZ6: 10217554 | BA6: 11148899 | BB6: 12065267 | BC6: 12967016 | BD6: 13854494 | BE6: 14728035 | BF6: 15587967 | BG6: 16434605 | BH6: 17268253 | BI6: 17136804 | BJ6: 17007342 | BK6: 16879820 | BL6: 16754197 | BM6: 16630430 | BN6: 16508478 | BO6: 16388302 | BP6: 16269863 | BQ6: 16153123 | BR6: 16038047 | BS6: 15924598 | BT6: 15812744 | BU6: 15702450 | BV6: 15593683 | BW6: 15486414 | BX6: 15380610 | BY6: 15276241 | BZ6: 15173280 | CA6: 15071697 | CB6: 14971466 | CC6: 14872559 | CD6: 14774950 | CE6: 14678614 | CF6: 14583526 | CG6: 14489662 | CH6: 14396998 | CI6: 14305512 | CJ6: 14215182 | CK6: 14125985 | CL6: 14037901 | CM6: 13950908
A7: ROW sugar | B7: 0 | C7: 0 | D7: 0 | E7: 0 | F7: 0 | G7: 0 | H7: 0 | I7: 0 | J7: 0 | K7: 0 | L7: 0 | M7: 0 | N7: 0 | O7: 0 | P7: 0 | Q7: 0 | R7: 0 | S7: 0 | T7: 0 | U7: 0 | V7: 0 | W7: 0 | X7: 0 | Y7: 0 | Z7: 0 | AA7: 0 | AB7: 0 | AC7: 0 | AD7: 0 | AE7: 0 | AF7: 25254.418 | AG7: 50156.793 | AH7: 74714.436 | AI7: 98934.455 | AJ7: 122823.77 | AK7: 146389.1 | AL7: 169636.99 | AM7: 192573.83 | AN7: 215205.8 | AO7: 237538.95 | AP7: 254811.95 | AQ7: 295993.59 | AR7: 362040.29 | AS7: 394983.13 | AT7: 449369.33 | AU7: 546283.93 | AV7: 697057.23 | AW7: 904890.38 | AX7: 1040252.2 | AY7: 1124810.4 | AZ7: 1207449.3 | BA7: 1288233.5 | BB7: 1367224.6 | BC7: 1444481.8 | BD7: 1520061.5 | BE7: 1594017.8 | BF7: 1666402.4 | BG7: 1737264.9 | BH7: 1806652.8 | BI7: 1788048.9 | BJ7: 1769824.1 | BK7: 1751967.1 | BL7: 1734466.9 | BM7: 1717312.9 | BN7: 1700494.8 | BO7: 1684002.9 | BP7: 1667827.9 | BQ7: 1651960.6 | BR7: 1636392.4 | BS7: 1621114.8 | BT7: 1606119.9 | BU7: 1591399.9 | BV7: 1576947.2 | BW7: 1562754.7 | BX7: 1548815.4 | BY7: 1535122.5 | BZ7: 1521669.6 | CA7: 1508450.5 | CB7: 1495459 | CC7: 1482689.5 | CD7: 1470136.1 | CE7: 1457793.6 | CF7: 1445656.5 | CG7: 1433719.9 | CH7: 1421978.8 | CI7: 1410428.4 | CJ7: 1399064.2 | CK7: 1387881.6 | CL7: 1376876.4 | CM7: 1366044.3
A8: ROW cassava | B8: 0 | C8: 0 | D8: 0 | E8: 0 | F8: 0 | G8: 0 | H8: 0 | I8: 0 | J8: 0 | K8: 0 | L8: 0 | M8: 0 | N8: 0 | O8: 0 | P8: 0 | Q8: 0 | R8: 0 | S8: 0 | T8: 0 | U8: 0 | V8: 0 | W8: 0 | X8: 0 | Y8: 0 | Z8: 0 | AA8: 0 | AB8: 0 | AC8: 0 | AD8: 0 | AE8: 0 | AF8: 0 | AG8: 0 | AH8: 0 | AI8: 0 | AJ8: 0 | AK8: 0 | AL8: 0 | AM8: 0 | AN8: 0 | AO8: 0 | AP8: 0 | AQ8: 0 | AR8: 0 | AS8: 0 | AT8: 0 | AU8: 0 | AV8: 0 | AW8: 0 | AX8: 0 | AY8: 0 | AZ8: 0 | BA8: 0 | BB8: 0 | BC8: 0 | BD8: 0 | BE8: 0 | BF8: 0 | BG8: 0 | BH8: 0 | BI8: 5232247.3 | BJ8: 7009730.8 | BK8: 8751503.6 | BL8: 10458099 | BM8: 12130042 | BN8: 13767852 | BO8: 15372042 | BP8: 16943115 | BQ8: 18481571 | BR8: 19987902 | BS8: 21462593 | BT8: 22906123 | BU8: 24318963 | BV8: 25701582 | BW8: 27054437 | BX8: 28377984 | BY8: 29672671 | BZ8: 30938937 | CA8: 32177221 | CB8: 33387951 | CC8: 34571552 | CD8: 35728442 | CE8: 36859034 | CF8: 37963736 | CG8: 39042950 | CH8: 40097071 | CI8: 41126491 | CJ8: 42131596 | CK8: 43112767 | CL8: 44070378 | CM8: 45004800
A9: US Cellulosic | B9: 0 | C9: 0 | D9: 0 | E9: 0 | F9: 0 | G9: 0 | H9: 0 | I9: 0 | J9: 0 | K9: 0 | L9: 0 | M9: 0 | N9: 0 | O9: 0 | P9: 0 | Q9: 0 | R9: 0 | S9: 0 | T9: 0 | U9: 0 | V9: 0 | W9: 0 | X9: 0 | Y9: 0 | Z9: 0 | AA9: 0 | AB9: 0 | AC9: 0 | AD9: 0 | AE9: 0 | AF9: 3416.4413 | AG9: 6832.8825 | AH9: 10249.324 | AI9: 13665.765 | AJ9: 17082.206 | AK9: 20498.648 | AL9: 23915.089 | AM9: 27331.53 | AN9: 30747.971 | AO9: 34164.413 | AP9: 36890.677 | AQ9: 43133.845 | AR9: 53102.303 | AS9: 58309.241 | AT9: 66764.667 | AU9: 81682.375 | AV9: 105480.61 | AW9: 138558.47 | AX9: 161156.82 | AY9: 176280.28 | AZ9: 191403.75 | BA9: 206527.21 | BB9: 221650.68 | BC9: 236774.14 | BD9: 251897.6 | BE9: 267021.07 | BF9: 282144.53 | BG9: 297268 | BH9: 312391.46 | BI9: 312391.46 | BJ9: 312391.46 | BK9: 312391.46 | BL9: 312391.46 | BM9: 312391.46 | BN9: 312391.46 | BO9: 312391.46 | BP9: 312391.46 | BQ9: 312391.46 | BR9: 312391.46 | BS9: 312391.46 | BT9: 312391.46 | BU9: 312391.46 | BV9: 312391.46 | BW9: 312391.46 | BX9: 312391.46 | BY9: 312391.46 | BZ9: 312391.46 | CA9: 312391.46 | CB9: 312391.46 | CC9: 312391.46 | CD9: 312391.46 | CE9: 312391.46 | CF9: 312391.46 | CG9: 312391.46 | CH9: 312391.46 | CI9: 312391.46 | CJ9: 312391.46 | CK9: 312391.46 | CL9: 312391.46 | CM9: 312391.46
A10: US Oil | B10: 0 | C10: 0 | D10: 0 | E10: 0 | F10: 0 | G10: 0 | H10: 0 | I10: 0 | J10: 0 | K10: 0 | L10: 0 | M10: 0 | N10: 0 | O10: 0 | P10: 0 | Q10: 0 | R10: 0 | S10: 0 | T10: 0 | U10: 0 | V10: 0 | W10: 0 | X10: 0 | Y10: 0 | Z10: 0 | AA10: 0 | AB10: 0 | AC10: 0 | AD10: 0 | AE10: 0 | AF10: 0 | AG10: 0 | AH10: 0 | AI10: 0 | AJ10: 0 | AK10: 0 | AL10: 0 | AM10: 0 | AN10: 0 | AO10: 0 | AP10: 68980.364 | AQ10: 83401.554 | AR10: 111702.67 | AS10: 216760.93 | AT10: 697208.05 | AU10: 1901550.9 | AV10: 3681291.6 | AW10: 4557838.1 | AX10: 4777637.3 | AY10: 4993103.8 | AZ10: 5204364.3 | BA10: 5411541 | BB10: 5614750.9 | BC10: 5814107.1 | BD10: 6009718 | BE10: 6201688.3 | BF10: 6390118.7 | BG10: 6575106.1 | BH10: 6756738.7 | BI10: 8668243.4 | BJ10: 10545753 | BK10: 12390168 | BL10: 14202354 | BM10: 15983149 | BN10: 17733361 | BO10: 19453773 | BP10: 21145138 | BQ10: 22808186 | BR10: 24443622 | BS10: 26052128 | BT10: 27634364 | BU10: 29190969 | BV10: 30722559 | BW10: 32229734 | BX10: 33713072 | BY10: 35173135 | BZ10: 36610466 | CA10: 38025592 | CB10: 39419023 | CC10: 40791255 | CD10: 42142767 | CE10: 43474026 | CF10: 44785483 | CG10: 46077577 | CH10: 47350734 | CI10: 48605366 | CJ10: 49841876 | CK10: 51060652 | CL10: 52262075 | CM10: 53446511
A11: ROW oil | B11: 0 | C11: 0 | D11: 0 | E11: 0 | F11: 0 | G11: 0 | H11: 0 | I11: 0 | J11: 0 | K11: 0 | L11: 0 | M11: 0 | N11: 0 | O11: 0 | P11: 0 | Q11: 0 | R11: 0 | S11: 0 | T11: 0 | U11: 0 | V11: 0 | W11: 0 | X11: 0 | Y11: 0 | Z11: 0 | AA11: 0 | AB11: 0 | AC11: 0 | AD11: 0 | AE11: 0 | AF11: 213230.1 | AG11: 420704.18 | AH11: 622652.19 | AI11: 819292.03 | AJ11: 1010830.3 | AK11: 1197462.9 | AL11: 1379376 | AM11: 1556746.3 | AN11: 1729741.9 | AO11: 1898522.8 | AP11: 2350762 | AQ11: 3026354.6 | AR11: 3996955.4 | AS11: 5002175.2 | AT11: 7690715.8 | AU11: 12604336 | AV11: 16922282 | AW11: 25257774 | AX11: 29340684 | AY11: 33343110 | AZ11: 37267410 | BA11: 41115847 | BB11: 44890601 | BC11: 48593769 | BD11: 52227366 | BE11: 55793337 | BF11: 59293550 | BG11: 62729808 | BH11: 66103840 | BI11: 97608664 | BJ11: 1.285532e+08 | BK11: 1.5895226e+08 | BL11: 1.8882014e+08 | BM11: 2.1817065e+08 | BN11: 2.4701711e+08 | BO11: 2.7537239e+08 | BP11: 3.0324894e+08 | BQ11: 3.3065878e+08 | BR11: 3.5761353e+08 | BS11: 3.8412443e+08 | BT11: 4.1020235e+08 | BU11: 4.3585782e+08 | BV11: 4.6110102e+08 | BW11: 4.8594181e+08 | BX11: 5.1038973e+08 | BY11: 5.3445403e+08 | BZ11: 5.5814367e+08 | CA11: 5.8146733e+08 | CB11: 6.0443342e+08 | CC11: 6.2705012e+08 | CD11: 6.4932533e+08 | CE11: 6.7126672e+08 | CF11: 6.9288175e+08 | CG11: 7.1417764e+08 | CH11: 7.3516141e+08 | CI11: 7.5583987e+08 | CJ11: 7.7621963e+08 | CK11: 7.9630713e+08 | CL11: 8.161086e+08 | CM11: 8.3563011e+08
A13: Adjusted
B14: 1961 | C14: 1962 | D14: 1963 | E14: 1964 | F14: 1965 | G14: 1966 | H14: 1967 | I14: 1968 | J14: 1969 | K14: 1970 | L14: 1971 | M14: 1972 | N14: 1973 | O14: 1974 | P14: 1975 | Q14: 1976 | R14: 1977 | S14: 1978 | T14: 1979 | U14: 1980 | V14: 1981 | W14: 1982 | X14: 1983 | Y14: 1984 | Z14: 1985 | AA14: 1986 | AB14: 1987 | AC14: 1988 | AD14: 1989 | AE14: 1990 | AF14: 1991 | AG14: 1992 | AH14: 1993 | AI14: 1994 | AJ14: 1995 | AK14: 1996 | AL14: 1997 | AM14: 1998 | AN14: 1999 | AO14: 2000 | AP14: 2001 | AQ14: 2002 | AR14: 2003 | AS14: 2004 | AT14: 2005 | AU14: 2006 | AV14: 2007 | AW14: 2008 | AX14: 2009 | AY14: 2010 | AZ14: 2011 | BA14: 2012 | BB14: 2013 | BC14: 2014 | BD14: 2015 | BE14: 2016 | BF14: 2017 | BG14: 2018 | BH14: 2019 | BI14: 2020 | BJ14: 2021 | BK14: 2022 | BL14: 2023 | BM14: 2024 | BN14: 2025 | BO14: 2026 | BP14: 2027 | BQ14: 2028 | BR14: 2029 | BS14: 2030 | BT14: 2031 | BU14: 2032 | BV14: 2033 | BW14: 2034 | BX14: 2035 | BY14: 2036 | BZ14: 2037 | CA14: 2038 | CB14: 2039 | CC14: 2040 | CD14: 2041 | CE14: 2042 | CF14: 2043 | CG14: 2044 | CH14: 2045 | CI14: 2046 | CJ14: 2047 | CK14: 2048 | CL14: 2049 | CM14: 2050
A15: US maize | B15: =B2*0.73 -> 0 | C15: =C2*0.73 -> 0 | D15: =D2*0.73 -> 0 | E15: =E2*0.73 -> 0 | F15: =F2*0.73 -> 0 | G15: =G2*0.73 -> 0 | H15: =H2*0.73 -> 0 | I15: =I2*0.73 -> 0 | ... CM15: =CM2*0.73 -> 19963365
A16: US Cellulosic | B16: =B3 -> 0 | C16: =C3 -> 0 | D16: =D3 -> 0 | E16: =E3 -> 0 | F16: =F3 -> 0 | G16: =G3 -> 0 | H16: =H3 -> 0 | I16: =I3 -> 0 | ... CM16: =CM3 -> 43449851
A17: ROW Oth | B17: =B4*0.77 -> 0 | C17: =C4*0.77 -> 0 | D17: =D4*0.77 -> 0 | E17: =E4*0.77 -> 0 | F17: =F4*0.77 -> 0 | G17: =G4*0.77 -> 0 | H17: =H4*0.77 -> 0 | I17: =I4*0.77 -> 0 | ... CM17: =CM4*0.77 -> 9612357.3
A18: ROW maize | B18: =B5*0.73 -> 0 | C18: =C5*0.73 -> 0 | D18: =D5*0.73 -> 0 | E18: =E5*0.73 -> 0 | F18: =F5*0.73 -> 0 | G18: =G5*0.73 -> 0 | H18: =H5*0.73 -> 0 | I18: =I5*0.73 -> 0 | ... CM18: =CM5*0.73 -> 5665079.5
A19: ROW wheat | B19: =B6*0.77 -> 0 | C19: =C6*0.77 -> 0 | D19: =D6*0.77 -> 0 | E19: =E6*0.77 -> 0 | F19: =F6*0.77 -> 0 | G19: =G6*0.77 -> 0 | H19: =H6*0.77 -> 0 | I19: =I6*0.77 -> 0 | ... CM19: =CM6*0.77 -> 10742199
A20: ROW sugar | B20: =B7*0.98 -> 0 | C20: =C7*0.98 -> 0 | D20: =D7*0.98 -> 0 | E20: =E7*0.98 -> 0 | F20: =F7*0.98 -> 0 | G20: =G7*0.98 -> 0 | H20: =H7*0.98 -> 0 | I20: =I7*0.98 -> 0 | ... CM20: =CM7*0.98 -> 1338723.4
A21: ROW cassava | B21: =B8*0.82 -> 0 | C21: =C8*0.82 -> 0 | D21: =D8*0.82 -> 0 | E21: =E8*0.82 -> 0 | F21: =F8*0.82 -> 0 | G21: =G8*0.82 -> 0 | H21: =H8*0.82 -> 0 | I21: =I8*0.82 -> 0 | ... CM21: =CM8*0.82 -> 36903936
A22: ROW Cellulosic | B22: =B9 -> 0 | C22: =C9 -> 0 | D22: =D9 -> 0 | E22: =E9 -> 0 | F22: =F9 -> 0 | G22: =G9 -> 0 | H22: =H9 -> 0 | I22: =I9 -> 0 | ... CM22: =CM9 -> 312391.46
A23: US Oil | B23: =B10*0.39 -> 0 | C23: =C10*0.39 -> 0 | D23: =D10*0.39 -> 0 | E23: =E10*0.39 -> 0 | F23: =F10*0.39 -> 0 | G23: =G10*0.39 -> 0 | H23: =H10*0.39 -> 0 | I23: =I10*0.39 -> 0 | ... CM23: =CM10*0.39 -> 20844139
A24: ROW oil | B24: =B11*0.65 -> 0 | C24: =C11*0.65 -> 0 | D24: =D11*0.65 -> 0 | E24: =E11*0.65 -> 0 | F24: =F11*0.65 -> 0 | G24: =G11*0.65 -> 0 | H24: =H11*0.65 -> 0 | I24: =I11*0.65 -> 0 | ... CM24: =CM11*0.65 -> 5.4315957e+08
B26: 1961 | C26: 1962 | D26: 1963 | E26: 1964 | F26: 1965 | G26: 1966 | H26: 1967 | I26: 1968 | J26: 1969 | K26: 1970 | L26: 1971 | M26: 1972 | N26: 1973 | O26: 1974 | P26: 1975 | Q26: 1976 | R26: 1977 | S26: 1978 | T26: 1979 | U26: 1980 | V26: 1981 | W26: 1982 | X26: 1983 | Y26: 1984 | Z26: 1985 | AA26: 1986 | AB26: 1987 | AC26: 1988 | AD26: 1989 | AE26: 1990 | AF26: 1991 | AG26: 1992 | AH26: 1993 | AI26: 1994 | AJ26: 1995 | AK26: 1996 | AL26: 1997 | AM26: 1998 | AN26: 1999 | AO26: 2000 | AP26: 2001 | AQ26: 2002 | AR26: 2003 | AS26: 2004 | AT26: 2005 | AU26: 2006 | AV26: 2007 | AW26: 2008 | AX26: 2009 | AY26: 2010 | AZ26: 2011 | BA26: 2012 | BB26: 2013 | BC26: 2014 | BD26: 2015 | BE26: 2016 | BF26: 2017 | BG26: 2018 | BH26: 2019 | BI26: 2020 | BJ26: 2021 | BK26: 2022 | BL26: 2023 | BM26: 2024 | BN26: 2025 | BO26: 2026 | BP26: 2027 | BQ26: 2028 | BR26: 2029 | BS26: 2030 | BT26: 2031 | BU26: 2032 | BV26: 2033 | BW26: 2034 | BX26: 2035 | BY26: 2036 | BZ26: 2037 | CA26: 2038 | CB26: 2039 | CC26: 2040 | CD26: 2041 | CE26: 2042 | CF26: 2043 | CG26: 2044 | CH26: 2045 | CI26: 2046 | CJ26: 2047 | CK26: 2048 | CL26: 2049 | CM26: 2050
A27: US.Crop Land Alloc to Cellulosic Energy Crop | B27: =SUM(B15,B16,B23) -> 0 | C27: =SUM(C15,C16,C23) -> 0 | D27: =SUM(D15,D16,D23) -> 0 | E27: =SUM(E15,E16,E23) -> 0 | F27: =SUM(F15,F16,F23) -> 0 | G27: =SUM(G15,G16,G23) -> 0 | H27: =SUM(H15,H16,H23) -> 0 | I27: =SUM(I15,I16,I23) -> 0 | ... CM27: =SUM(CM15,CM16,CM23) -> 84257355
A28: ROW.Crop Land Alloc to Cellulosic Energy Crop | B28: =SUM(B17:B22,B24) -> 0 | C28: =SUM(C17:C22,C24) -> 0 | D28: =SUM(D17:D22,D24) -> 0 | E28: =SUM(E17:E22,E24) -> 0 | F28: =SUM(F17:F22,F24) -> 0 | G28: =SUM(G17:G22,G24) -> 0 | H28: =SUM(H17:H22,H24) -> 0 | I28: =SUM(I17:I22,I24) -> 0 | ... CM28: =SUM(CM17:CM22,CM24) -> 6.0773426e+08

Sheet Land Init
C1: Cropland | D1: Pasture | E1: Forest and Grassland | F1: Abandoned
A2: USA | B2: million ha | C2: ='RUN SPECS'!I8/1000000 -> 160.4088 | D2: ='RUN SPECS'!J8/1000000 -> 265.0202 | E2: ='RUN SPECS'!K8/1000000 -> 297.107 | F2: ='RUN SPECS'!L8/1000000 -> 19.19
A3: ROW | B3: million ha | C3: ='RUN SPECS'!I29/1000000 -> 1320.7103 | D3: ='RUN SPECS'!J29/1000000 -> 3044.0605 | E3: ='RUN SPECS'!K29/1000000 -> 3868.0574 | F3: ='RUN SPECS'!L29/1000000 -> 414.8
A4: World | B4: million ha | C4: =SUM(C2:C3) -> 1481.1191 | D4: =SUM(D2:D3) -> 3309.0807 | E4: =SUM(E2:E3) -> 4165.1644 | F4: =SUM(F2:F3) -> 433.99

Sheet Sce 1 Table
A1: Location | B1: Commodity Type | C1: Units | D1: 1991 | E1: 1992 | F1: 1993 | G1: 1994 | H1: 1995 | I1: 1996 | J1: 1997 | K1: 1998 | L1: 1999 | M1: 2000 | N1: 2001 | O1: 2002 | P1: 2003 | Q1: 2004 | R1: 2005 | S1: 2006 | T1: 2007 | U1: 2008 | V1: 2009 | W1: 2010 | X1: 2011 | Y1: 2012 | Z1: 2013 | AA1: 2014 | AB1: 2015 | AC1: 2016 | AD1: 2017 | AE1: 2018 | AF1: 2019 | AG1: 2020 | AH1: 2021 | AI1: 2022 | AJ1: 2023 | AK1: 2024 | AL1: 2025 | AM1: 2026 | AN1: 2027 | AO1: 2028 | AP1: 2029 | AQ1: 2030 | AR1: 2031 | AS1: 2032 | AT1: 2033 | AU1: 2034 | AV1: 2035 | AW1: 2036 | AX1: 2037 | AY1: 2038 | AZ1: 2039 | BA1: 2040 | BB1: 2041 | BC1: 2042 | BD1: 2043 | BE1: 2044 | BF1: 2045 | BG1: 2046 | BH1: 2047 | BI1: 2048 | BJ1: 2049 | BK1: 2050 | BM1: Location | BN1: Commodity Type | BO1: 1991 | BP1: 2000 | BQ1: 2010 | BR1: 2020 | BS1: 2030 | BT1: 2040 | BU1: 2050 | BV1: 2005 Estimate | BW1: 2050 Estimate | BX1: 2050 Change
A2: ROW | B2: cow/sheep/goat like meat | C2: Gg/capita/year | D2: ='LUC-2013-01-08-Run1'!AF170 -> 1.4576021e-05 | E2: ='LUC-2013-01-08-Run1'!AG170 -> 1.4744344e-05 | F2: ='LUC-2013-01-08-Run1'!AH170 -> 1.4914611e-05 | G2: ='LUC-2013-01-08-Run1'!AI170 -> 1.5086844e-05 | H2: ='LUC-2013-01-08-Run1'!AJ170 -> 1.5261067e-05 | I2: ='LUC-2013-01-08-Run1'!AK170 -> 1.5437301e-05 | J2: ='LUC-2013-01-08-Run1'!AL170 -> 1.561557e-05 | K2: ='LUC-2013-01-08-Run1'!AM170 -> 1.5795898e-05 | ... BK2: ='LUC-2013-01-08-Run1'!CM170 -> 2.2301157e-05 | BM2: ROW | BN2: cow/sheep/goat like meat | BO2: =D2*1000000 -> 14.576021 | BP2: =M2*1000000 -> 16.162826 | BQ2: =W2*1000000 -> 17.718472 | BR2: =AG2*1000000 -> 18.767289 | BS2: =AQ2*1000000 -> 19.87819 | BT2: =BA2*1000000 -> 21.054848 | BU2: =BK2*1000000 -> 22.301157 | BV2: =SUM(M2:M5)*1000000 -> 158.45234 | BW2: =SUM(BU2:BU5) -> 229.7221 | BX2: =(BK2-R2)/R2 -> 0.30279991
A3: ROW | B3: diary | C3: Gg/capita/year | D3: ='LUC-2013-01-08-Run1'!AF171 -> 9.4e-05 | E3: ='LUC-2013-01-08-Run1'!AG171 -> 9.5133333e-05 | F3: ='LUC-2013-01-08-Run1'!AH171 -> 9.6266667e-05 | G3: ='LUC-2013-01-08-Run1'!AI171 -> 9.74e-05 | H3: ='LUC-2013-01-08-Run1'!AJ171 -> 9.8533333e-05 | I3: ='LUC-2013-01-08-Run1'!AK171 -> 9.9666667e-05 | J3: ='LUC-2013-01-08-Run1'!AL171 -> 0.0001008 | K3: ='LUC-2013-01-08-Run1'!AM171 -> 0.00010193333 | ... BK3: ='LUC-2013-01-08-Run1'!CM171 -> 0.000139 | BN3: diary | BO3: =D3*1000000 -> 94 | BP3: =M3*1000000 -> 104.2 | BQ3: =W3*1000000 -> 113.83333 | BR3: =AG3*1000000 -> 120.91667 | BS3: =AQ3*1000000 -> 128 | BT3: =BA3*1000000 -> 133.5 | BU3: =BK3*1000000 -> 139 | BX3: =(BK3-R3)/R3 -> 0.2651699
A4: ROW | B4: pig like meat | C4: Gg/capita/year | D4: ='LUC-2013-01-08-Run1'!AF172 -> 2.2657361e-05 | E4: ='LUC-2013-01-08-Run1'!AG172 -> 2.2817081e-05 | F4: ='LUC-2013-01-08-Run1'!AH172 -> 2.2977926e-05 | G4: ='LUC-2013-01-08-Run1'!AI172 -> 2.3139905e-05 | H4: ='LUC-2013-01-08-Run1'!AJ172 -> 2.3303027e-05 | I4: ='LUC-2013-01-08-Run1'!AK172 -> 2.3467298e-05 | J4: ='LUC-2013-01-08-Run1'!AL172 -> 2.3632727e-05 | K4: ='LUC-2013-01-08-Run1'!AM172 -> 2.3799322e-05 | ... BK4: ='LUC-2013-01-08-Run1'!CM172 -> 3.574654e-05 | BN4: pig like meat | BO4: =D4*1000000 -> 22.657361 | BP4: =M4*1000000 -> 24.136044 | BQ4: =W4*1000000 -> 25.990386 | BR4: =AG4*1000000 -> 28.146088 | BS4: =AQ4*1000000 -> 30.48059 | BT4: =BA4*1000000 -> 33.00872 | BU4: =BK4*1000000 -> 35.74654 | BX4: =(BK4-R4)/R4 -> 0.42992798
A5: ROW | B5: poultry like meat | C5: Gg/capita/year | D5: ='LUC-2013-01-08-Run1'!AF173 -> 9.13309e-06 | E5: ='LUC-2013-01-08-Run1'!AG173 -> 9.5734696e-06 | F5: ='LUC-2013-01-08-Run1'!AH173 -> 1.0035083e-05 | G5: ='LUC-2013-01-08-Run1'!AI173 -> 1.0518955e-05 | H5: ='LUC-2013-01-08-Run1'!AJ173 -> 1.1026159e-05 | I5: ='LUC-2013-01-08-Run1'!AK173 -> 1.1557818e-05 | J5: ='LUC-2013-01-08-Run1'!AL173 -> 1.2115114e-05 | K5: ='LUC-2013-01-08-Run1'!AM173 -> 1.2699281e-05 | ... BK5: ='LUC-2013-01-08-Run1'!CM173 -> 3.2674407e-05 | BN5: poultry like meat | BO5: =D5*1000000 -> 9.13309 | BP5: =M5*1000000 -> 13.953475 | BQ5: =W5*1000000 -> 19.490811 | BR5: =AG5*1000000 -> 22.178101 | BS5: =AQ5*1000000 -> 25.235901 | BT5: =BA5*1000000 -> 28.715294 | BU5: =BK5*1000000 -> 32.674407 | BX5: =(BK5-R5)/R5 -> 0.85040682
A6: ROW | B6: maize | C6: Gg/capita/year | D6: ='LUC-2013-01-08-Run1'!AF175 -> 2.9940565e-05 | E6: ='LUC-2013-01-08-Run1'!AG175 -> 3.0063398e-05 | F6: ='LUC-2013-01-08-Run1'!AH175 -> 3.0186231e-05 | G6: ='LUC-2013-01-08-Run1'!AI175 -> 3.0309064e-05 | H6: ='LUC-2013-01-08-Run1'!AJ175 -> 3.0431897e-05 | I6: ='LUC-2013-01-08-Run1'!AK175 -> 3.055473e-05 | J6: ='LUC-2013-01-08-Run1'!AL175 -> 3.0677563e-05 | K6: ='LUC-2013-01-08-Run1'!AM175 -> 3.0800396e-05 | ... BK6: ='LUC-2013-01-08-Run1'!CM175 -> 3.8376535e-05 | BN6: maize | BO6: =D6*1000000 -> 29.940565 | BP6: =M6*1000000 -> 31.046062 | BQ6: =W6*1000000 -> 32.793751 | BR6: =AG6*1000000 -> 35.320477 | BS6: =AQ6*1000000 -> 37.847203 | BT6: =BA6*1000000 -> 38.111869 | BU6: =BK6*1000000 -> 38.376535 | BV6: =SUM(M6:M12)*1000000 -> 264.94 | BW6: =SUM(BU6:BU12) -> 276.9 | BX6: =(BK6-R6)/R6 -> 0.21213704
A7: ROW | B7: wheat | C7: Gg/capita/year | D7: ='LUC-2013-01-08-Run1'!AF176 -> 4.2882615e-05 | E7: ='LUC-2013-01-08-Run1'!AG176 -> 4.3058544e-05 | F7: ='LUC-2013-01-08-Run1'!AH176 -> 4.3234473e-05 | G7: ='LUC-2013-01-08-Run1'!AI176 -> 4.3410401e-05 | H7: ='LUC-2013-01-08-Run1'!AJ176 -> 4.358633e-05 | I7: ='LUC-2013-01-08-Run1'!AK176 -> 4.3762259e-05 | J7: ='LUC-2013-01-08-Run1'!AL176 -> 4.3938187e-05 | K7: ='LUC-2013-01-08-Run1'!AM176 -> 4.4114116e-05 | ... BK7: ='LUC-2013-01-08-Run1'!CM176 -> 4.4508868e-05 | BN7: wheat | BO7: =D7*1000000 -> 42.882615 | BP7: =M7*1000000 -> 44.465973 | BQ7: =W7*1000000 -> 45.250446 | BR7: =AG7*1000000 -> 44.572699 | BS7: =AQ7*1000000 -> 43.894952 | BT7: =BA7*1000000 -> 44.20191 | BU7: =BK7*1000000 -> 44.508868 | BX7: =(BK7-R7)/R7 -> -0.018452698
A8: ROW | B8: rice | C8: Gg/capita/year | D8: ='LUC-2013-01-08-Run1'!AF177 -> 3.0520059e-05 | E8: ='LUC-2013-01-08-Run1'!AG177 -> 3.064527e-05 | F8: ='LUC-2013-01-08-Run1'!AH177 -> 3.077048e-05 | G8: ='LUC-2013-01-08-Run1'!AI177 -> 3.0895691e-05 | H8: ='LUC-2013-01-08-Run1'!AJ177 -> 3.1020901e-05 | I8: ='LUC-2013-01-08-Run1'!AK177 -> 3.1146112e-05 | J8: ='LUC-2013-01-08-Run1'!AL177 -> 3.1271322e-05 | K8: ='LUC-2013-01-08-Run1'!AM177 -> 3.1396533e-05 | ... BK8: ='LUC-2013-01-08-Run1'!CM177 -> 3.0661664e-05 | BN8: rice | BO8: =D8*1000000 -> 30.520059 | BP8: =M8*1000000 -> 31.646954 | BQ8: =W8*1000000 -> 32.038305 | BR8: =AG8*1000000 -> 31.138525 | BS8: =AQ8*1000000 -> 30.238745 | BT8: =BA8*1000000 -> 30.450205 | BU8: =BK8*1000000 -> 30.661664 | BX8: =(BK8-R8)/R8 -> -0.049928477
A9: ROW | B9: other cereals | C9: Gg/capita/year | D9: ='LUC-2013-01-08-Run1'!AF178 -> 2.6656761e-05 | E9: ='LUC-2013-01-08-Run1'!AG178 -> 2.6766122e-05 | F9: ='LUC-2013-01-08-Run1'!AH178 -> 2.6875483e-05 | G9: ='LUC-2013-01-08-Run1'!AI178 -> 2.6984844e-05 | H9: ='LUC-2013-01-08-Run1'!AJ178 -> 2.7094205e-05 | I9: ='LUC-2013-01-08-Run1'!AK178 -> 2.7203566e-05 | J9: ='LUC-2013-01-08-Run1'!AL178 -> 2.7312927e-05 | K9: ='LUC-2013-01-08-Run1'!AM178 -> 2.7422288e-05 | ... BK9: ='LUC-2013-01-08-Run1'!CM178 -> 3.1452933e-05 | BN9: other cereals | BO9: =D9*1000000 -> 26.656761 | BP9: =M9*1000000 -> 27.64101 | BQ9: =W9*1000000 -> 28.750831 | BR9: =AG9*1000000 -> 29.884965 | BS9: =AQ9*1000000 -> 31.0191 | BT9: =BA9*1000000 -> 31.236016 | BU9: =BK9*1000000 -> 31.452933 | BX9: =(BK9-R9)/R9 -> 0.11583435
A10: ROW | B10: oils (from crops) | C10: Gg/capita/year | D10: ='LUC-2013-01-08-Run1'!AF179 -> 1.2e-05 | E10: ='LUC-2013-01-08-Run1'!AG179 -> 1.2106667e-05 | F10: ='LUC-2013-01-08-Run1'!AH179 -> 1.2213333e-05 | G10: ='LUC-2013-01-08-Run1'!AI179 -> 1.232e-05 | H10: ='LUC-2013-01-08-Run1'!AJ179 -> 1.2426667e-05 | I10: ='LUC-2013-01-08-Run1'!AK179 -> 1.2533333e-05 | J10: ='LUC-2013-01-08-Run1'!AL179 -> 1.264e-05 | K10: ='LUC-2013-01-08-Run1'!AM179 -> 1.2746667e-05 | ... BK10: ='LUC-2013-01-08-Run1'!CM179 -> 1.64e-05 | BN10: oils (from crops) | BO10: =D10*1000000 -> 12 | BP10: =M10*1000000 -> 12.96 | BQ10: =W10*1000000 -> 13.916667 | BR10: =AG10*1000000 -> 14.708333 | BS10: =AQ10*1000000 -> 15.5 | BT10: =BA10*1000000 -> 15.95 | BU10: =BK10*1000000 -> 16.4 | BX10: =(BK10-R10)/R10 -> 0.21541502
A11: ROW | B11: sugar | C11: Gg/capita/year | D11: ='LUC-2013-01-08-Run1'!AF180 -> 4.4e-05 | E11: ='LUC-2013-01-08-Run1'!AG180 -> 4.3866667e-05 | F11: ='LUC-2013-01-08-Run1'!AH180 -> 4.3733333e-05 | G11: ='LUC-2013-01-08-Run1'!AI180 -> 4.36e-05 | H11: ='LUC-2013-01-08-Run1'!AJ180 -> 4.3466667e-05 | I11: ='LUC-2013-01-08-Run1'!AK180 -> 4.3333333e-05 | J11: ='LUC-2013-01-08-Run1'!AL180 -> 4.32e-05 | K11: ='LUC-2013-01-08-Run1'!AM180 -> 4.3066667e-05 | ... BK11: ='LUC-2013-01-08-Run1'!CM180 -> 4.1e-05 | BN11: sugar | BO11: =D11*1000000 -> 44 | BP11: =M11*1000000 -> 42.8 | BQ11: =W11*1000000 -> 42 | BR11: =AG11*1000000 -> 42 | BS11: =AQ11*1000000 -> 42 | BT11: =BA11*1000000 -> 41.5 | BU11: =BK11*1000000 -> 41 | BX11: =(BK11-R11)/R11 -> -0.026898734
A12: ROW | B12: vegetable, fruit, and nuts | C12: Gg/capita/year | D12: ='LUC-2013-01-08-Run1'!AF182 -> 7.45e-05 | E12: ='LUC-2013-01-08-Run1'!AG182 -> 7.4486667e-05 | F12: ='LUC-2013-01-08-Run1'!AH182 -> 7.4473333e-05 | G12: ='LUC-2013-01-08-Run1'!AI182 -> 7.446e-05 | H12: ='LUC-2013-01-08-Run1'!AJ182 -> 7.4446667e-05 | I12: ='LUC-2013-01-08-Run1'!AK182 -> 7.4433333e-05 | J12: ='LUC-2013-01-08-Run1'!AL182 -> 7.442e-05 | K12: ='LUC-2013-01-08-Run1'!AM182 -> 7.4406667e-05 | ... BK12: ='LUC-2013-01-08-Run1'!CM182 -> 7.45e-05 | BN12: vegetable, fruit, and nuts | BO12: =D12*1000000 -> 74.5 | BP12: =M12*1000000 -> 74.38 | BQ12: =W12*1000000 -> 74.318182 | BR12: =AG12*1000000 -> 74.363636 | BS12: =AQ12*1000000 -> 74 | BT12: =BA12*1000000 -> 74.25 | BU12: =BK12*1000000 -> 74.5 | BX12: =(BK12-R12)/R12 -> 0.0025118866 | BY12: =SUM(BX2:BX12) -> 2.298923 | BZ12: =BY12/12 -> 0.19157692
BM13: USA | BN13: cow/sheep/goat like meat | BO13: =D14*1000000 -> 14.576021 | BP13: =M14*1000000 -> 16.162826 | BQ13: =W14*1000000 -> 17.718472 | BR13: =AG14*1000000 -> 18.767289 | BS13: =AQ14*1000000 -> 19.87819 | BT13: =BA14*1000000 -> 21.054848 | BU13: =BK14*1000000 -> 22.301157 | BV13: =SUM(M14:M17)*1000000 -> 158.45234 | BW13: =SUM(BU13:BU16) -> 229.7221 | BX13: =(BK14-R14)/R14 -> 0.30279991
A14: USA | B14: cow/sheep/goat like meat | C14: Gg/capita/year | D14: ='LUC-2013-01-08-Run1'!AF156 -> 1.4576021e-05 | E14: ='LUC-2013-01-08-Run1'!AG156 -> 1.4744344e-05 | F14: ='LUC-2013-01-08-Run1'!AH156 -> 1.4914611e-05 | G14: ='LUC-2013-01-08-Run1'!AI156 -> 1.5086844e-05 | H14: ='LUC-2013-01-08-Run1'!AJ156 -> 1.5261067e-05 | I14: ='LUC-2013-01-08-Run1'!AK156 -> 1.5437301e-05 | J14: ='LUC-2013-01-08-Run1'!AL156 -> 1.561557e-05 | K14: ='LUC-2013-01-08-Run1'!AM156 -> 1.5795898e-05 | ... BK14: ='LUC-2013-01-08-Run1'!CM156 -> 2.2301157e-05 | BN14: diary | BO14: =D15*1000000 -> 94 | BP14: =M15*1000000 -> 104.2 | BQ14: =W15*1000000 -> 113.83333 | BR14: =AG15*1000000 -> 120.91667 | BS14: =AQ15*1000000 -> 128 | BT14: =BA15*1000000 -> 133.5 | BU14: =BK15*1000000 -> 139 | BX14: =(BK15-R15)/R15 -> 0.2651699
A15: USA | B15: diary | C15: Gg/capita/year | D15: ='LUC-2013-01-08-Run1'!AF157 -> 9.4e-05 | E15: ='LUC-2013-01-08-Run1'!AG157 -> 9.5133333e-05 | F15: ='LUC-2013-01-08-Run1'!AH157 -> 9.6266667e-05 | G15: ='LUC-2013-01-08-Run1'!AI157 -> 9.74e-05 | H15: ='LUC-2013-01-08-Run1'!AJ157 -> 9.8533333e-05 | I15: ='LUC-2013-01-08-Run1'!AK157 -> 9.9666667e-05 | J15: ='LUC-2013-01-08-Run1'!AL157 -> 0.0001008 | K15: ='LUC-2013-01-08-Run1'!AM157 -> 0.00010193333 | ... BK15: ='LUC-2013-01-08-Run1'!CM157 -> 0.000139 | BN15: pig like meat | BO15: =D16*1000000 -> 22.657361 | BP15: =M16*1000000 -> 24.136044 | BQ15: =W16*1000000 -> 25.990386 | BR15: =AG16*1000000 -> 28.146088 | BS15: =AQ16*1000000 -> 30.48059 | BT15: =BA16*1000000 -> 33.00872 | BU15: =BK16*1000000 -> 35.74654 | BX15: =(BK16-R16)/R16 -> 0.42992798
A16: USA | B16: pig like meat | C16: Gg/capita/year | D16: ='LUC-2013-01-08-Run1'!AF158 -> 2.2657361e-05 | E16: ='LUC-2013-01-08-Run1'!AG158 -> 2.2817081e-05 | F16: ='LUC-2013-01-08-Run1'!AH158 -> 2.2977926e-05 | G16: ='LUC-2013-01-08-Run1'!AI158 -> 2.3139905e-05 | H16: ='LUC-2013-01-08-Run1'!AJ158 -> 2.3303027e-05 | I16: ='LUC-2013-01-08-Run1'!AK158 -> 2.3467298e-05 | J16: ='LUC-2013-01-08-Run1'!AL158 -> 2.3632727e-05 | K16: ='LUC-2013-01-08-Run1'!AM158 -> 2.3799322e-05 | ... BK16: ='LUC-2013-01-08-Run1'!CM158 -> 3.574654e-05 | BN16: poultry like meat | BO16: =D17*1000000 -> 9.13309 | BP16: =M17*1000000 -> 13.953475 | BQ16: =W17*1000000 -> 19.490811 | BR16: =AG17*1000000 -> 22.178101 | BS16: =AQ17*1000000 -> 25.235901 | BT16: =BA17*1000000 -> 28.715294 | BU16: =BK17*1000000 -> 32.674407 | BX16: =(BK17-R17)/R17 -> 0.85040682
A17: USA | B17: poultry like meat | C17: Gg/capita/year | D17: ='LUC-2013-01-08-Run1'!AF159 -> 9.13309e-06 | E17: ='LUC-2013-01-08-Run1'!AG159 -> 9.5734696e-06 | F17: ='LUC-2013-01-08-Run1'!AH159 -> 1.0035083e-05 | G17: ='LUC-2013-01-08-Run1'!AI159 -> 1.0518955e-05 | H17: ='LUC-2013-01-08-Run1'!AJ159 -> 1.1026159e-05 | I17: ='LUC-2013-01-08-Run1'!AK159 -> 1.1557818e-05 | J17: ='LUC-2013-01-08-Run1'!AL159 -> 1.2115114e-05 | K17: ='LUC-2013-01-08-Run1'!AM159 -> 1.2699281e-05 | ... BK17: ='LUC-2013-01-08-Run1'!CM159 -> 3.2674407e-05 | BN17: maize | BO17: =D18*1000000 -> 29.940565 | BP17: =M18*1000000 -> 31.046062 | BQ17: =W18*1000000 -> 32.793751 | BR17: =AG18*1000000 -> 35.320477 | BS17: =AQ18*1000000 -> 37.847203 | BT17: =BA18*1000000 -> 38.111869 | BU17: =BK18*1000000 -> 38.376535 | BV17: =SUM(M18:M24)*1000000 -> 264.94 | BW17: =SUM(BU17:BU23) -> 276.9 | BX17: =(BK18-R18)/R18 -> 0.21213704
A18: USA | B18: maize | C18: Gg/capita/year | D18: ='LUC-2013-01-08-Run1'!AF161 -> 2.9940565e-05 | E18: ='LUC-2013-01-08-Run1'!AG161 -> 3.0063398e-05 | F18: ='LUC-2013-01-08-Run1'!AH161 -> 3.0186231e-05 | G18: ='LUC-2013-01-08-Run1'!AI161 -> 3.0309064e-05 | H18: ='LUC-2013-01-08-Run1'!AJ161 -> 3.0431897e-05 | I18: ='LUC-2013-01-08-Run1'!AK161 -> 3.055473e-05 | J18: ='LUC-2013-01-08-Run1'!AL161 -> 3.0677563e-05 | K18: ='LUC-2013-01-08-Run1'!AM161 -> 3.0800396e-05 | ... BK18: ='LUC-2013-01-08-Run1'!CM161 -> 3.8376535e-05 | BN18: wheat | BO18: =D19*1000000 -> 42.882615 | BP18: =M19*1000000 -> 44.465973 | BQ18: =W19*1000000 -> 45.250446 | BR18: =AG19*1000000 -> 44.572699 | BS18: =AQ19*1000000 -> 43.894952 | BT18: =BA19*1000000 -> 44.20191 | BU18: =BK19*1000000 -> 44.508868 | BX18: =(BK19-R19)/R19 -> -0.018452698
A19: USA | B19: wheat | C19: Gg/capita/year | D19: ='LUC-2013-01-08-Run1'!AF162 -> 4.2882615e-05 | E19: ='LUC-2013-01-08-Run1'!AG162 -> 4.3058544e-05 | F19: ='LUC-2013-01-08-Run1'!AH162 -> 4.3234473e-05 | G19: ='LUC-2013-01-08-Run1'!AI162 -> 4.3410401e-05 | H19: ='LUC-2013-01-08-Run1'!AJ162 -> 4.358633e-05 | I19: ='LUC-2013-01-08-Run1'!AK162 -> 4.3762259e-05 | J19: ='LUC-2013-01-08-Run1'!AL162 -> 4.3938187e-05 | K19: ='LUC-2013-01-08-Run1'!AM162 -> 4.4114116e-05 | ... BK19: ='LUC-2013-01-08-Run1'!CM162 -> 4.4508868e-05 | BN19: rice | BO19: =D20*1000000 -> 30.520059 | BP19: =M20*1000000 -> 31.646954 | BQ19: =W20*1000000 -> 32.038305 | BR19: =AG20*1000000 -> 31.138525 | BS19: =AQ20*1000000 -> 30.238745 | BT19: =BA20*1000000 -> 30.450205 | BU19: =BK20*1000000 -> 30.661664 | BX19: =(BK20-R20)/R20 -> -0.049928477
A20: USA | B20: rice | C20: Gg/capita/year | D20: ='LUC-2013-01-08-Run1'!AF163 -> 3.0520059e-05 | E20: ='LUC-2013-01-08-Run1'!AG163 -> 3.064527e-05 | F20: ='LUC-2013-01-08-Run1'!AH163 -> 3.077048e-05 | G20: ='LUC-2013-01-08-Run1'!AI163 -> 3.0895691e-05 | H20: ='LUC-2013-01-08-Run1'!AJ163 -> 3.1020901e-05 | I20: ='LUC-2013-01-08-Run1'!AK163 -> 3.1146112e-05 | J20: ='LUC-2013-01-08-Run1'!AL163 -> 3.1271322e-05 | K20: ='LUC-2013-01-08-Run1'!AM163 -> 3.1396533e-05 | ... BK20: ='LUC-2013-01-08-Run1'!CM163 -> 3.0661664e-05 | BN20: other cereals | BO20: =D21*1000000 -> 26.656761 | BP20: =M21*1000000 -> 27.64101 | BQ20: =W21*1000000 -> 28.750831 | BR20: =AG21*1000000 -> 29.884965 | BS20: =AQ21*1000000 -> 31.0191 | BT20: =BA21*1000000 -> 31.236016 | BU20: =BK21*1000000 -> 31.452933 | BX20: =(BK21-R21)/R21 -> 0.11583435
A21: USA | B21: other cereals | C21: Gg/capita/year | D21: ='LUC-2013-01-08-Run1'!AF164 -> 2.6656761e-05 | E21: ='LUC-2013-01-08-Run1'!AG164 -> 2.6766122e-05 | F21: ='LUC-2013-01-08-Run1'!AH164 -> 2.6875483e-05 | G21: ='LUC-2013-01-08-Run1'!AI164 -> 2.6984844e-05 | H21: ='LUC-2013-01-08-Run1'!AJ164 -> 2.7094205e-05 | I21: ='LUC-2013-01-08-Run1'!AK164 -> 2.7203566e-05 | J21: ='LUC-2013-01-08-Run1'!AL164 -> 2.7312927e-05 | K21: ='LUC-2013-01-08-Run1'!AM164 -> 2.7422288e-05 | ... BK21: ='LUC-2013-01-08-Run1'!CM164 -> 3.1452933e-05 | BN21: oils (from crops) | BO21: =D22*1000000 -> 12 | BP21: =M22*1000000 -> 12.96 | BQ21: =W22*1000000 -> 13.916667 | BR21: =AG22*1000000 -> 14.708333 | BS21: =AQ22*1000000 -> 15.5 | BT21: =BA22*1000000 -> 15.95 | BU21: =BK22*1000000 -> 16.4 | BX21: =(BK22-R22)/R22 -> 0.21541502
A22: USA | B22: oils (from crops) | C22: Gg/capita/year | D22: ='LUC-2013-01-08-Run1'!AF165 -> 1.2e-05 | E22: ='LUC-2013-01-08-Run1'!AG165 -> 1.2106667e-05 | F22: ='LUC-2013-01-08-Run1'!AH165 -> 1.2213333e-05 | G22: ='LUC-2013-01-08-Run1'!AI165 -> 1.232e-05 | H22: ='LUC-2013-01-08-Run1'!AJ165 -> 1.2426667e-05 | I22: ='LUC-2013-01-08-Run1'!AK165 -> 1.2533333e-05 | J22: ='LUC-2013-01-08-Run1'!AL165 -> 1.264e-05 | K22: ='LUC-2013-01-08-Run1'!AM165 -> 1.2746667e-05 | ... BK22: ='LUC-2013-01-08-Run1'!CM165 -> 1.64e-05 | BN22: sugar | BO22: =D23*1000000 -> 44 | BP22: =M23*1000000 -> 42.8 | BQ22: =W23*1000000 -> 42 | BR22: =AG23*1000000 -> 42 | BS22: =AQ23*1000000 -> 42 | BT22: =BA23*1000000 -> 41.5 | BU22: =BK23*1000000 -> 41 | BX22: =(BK23-R23)/R23 -> -0.026898734
A23: USA | B23: sugar | C23: Gg/capita/year | D23: ='LUC-2013-01-08-Run1'!AF166 -> 4.4e-05 | E23: ='LUC-2013-01-08-Run1'!AG166 -> 4.3866667e-05 | F23: ='LUC-2013-01-08-Run1'!AH166 -> 4.3733333e-05 | G23: ='LUC-2013-01-08-Run1'!AI166 -> 4.36e-05 | H23: ='LUC-2013-01-08-Run1'!AJ166 -> 4.3466667e-05 | I23: ='LUC-2013-01-08-Run1'!AK166 -> 4.3333333e-05 | J23: ='LUC-2013-01-08-Run1'!AL166 -> 4.32e-05 | K23: ='LUC-2013-01-08-Run1'!AM166 -> 4.3066667e-05 | ... BK23: ='LUC-2013-01-08-Run1'!CM166 -> 4.1e-05 | BN23: vegetable, fruit, and nuts | BO23: =D24*1000000 -> 74.5 | BP23: =M24*1000000 -> 74.38 | BQ23: =W24*1000000 -> 74.318182 | BR23: =AG24*1000000 -> 74.363636 | BS23: =AQ24*1000000 -> 74 | BT23: =BA24*1000000 -> 74.25 | BU23: =BK24*1000000 -> 74.5 | BX23: =(BK24-R24)/R24 -> 0.0025118866 | BY23: =SUM(BX13:BX23) -> 2.298923
A24: USA | B24: vegetable, fruit, and nuts | C24: Gg/capita/year | D24: ='LUC-2013-01-08-Run1'!AF168 -> 7.45e-05 | E24: ='LUC-2013-01-08-Run1'!AG168 -> 7.4486667e-05 | F24: ='LUC-2013-01-08-Run1'!AH168 -> 7.4473333e-05 | G24: ='LUC-2013-01-08-Run1'!AI168 -> 7.446e-05 | H24: ='LUC-2013-01-08-Run1'!AJ168 -> 7.4446667e-05 | I24: ='LUC-2013-01-08-Run1'!AK168 -> 7.4433333e-05 | J24: ='LUC-2013-01-08-Run1'!AL168 -> 7.442e-05 | K24: ='LUC-2013-01-08-Run1'!AM168 -> 7.4406667e-05 | ... BK24: ='LUC-2013-01-08-Run1'!CM168 -> 7.45e-05 | BN24: kg/capita/yr
BM25: Location | BN25: Commodity Type | BO25: 1991 | BP25: 2000 | BQ25: 2010 | BR25: 2020 | BS25: 2030 | BT25: 2040 | BU25: 2050
A26: ROW | B26: maize | C26: Gg/ha/year | D26: ='LUC-2013-01-08-Run1'!AF268 -> 0.0028586557 | E26: ='LUC-2013-01-08-Run1'!AG268 -> 0.0029099639 | F26: ='LUC-2013-01-08-Run1'!AH268 -> 0.0029612721 | G26: ='LUC-2013-01-08-Run1'!AI268 -> 0.0030125802 | H26: ='LUC-2013-01-08-Run1'!AJ268 -> 0.0030638884 | I26: ='LUC-2013-01-08-Run1'!AK268 -> 0.0031151966 | J26: ='LUC-2013-01-08-Run1'!AL268 -> 0.0031665047 | K26: ='LUC-2013-01-08-Run1'!AM268 -> 0.0032178129 | ... BK26: ='LUC-2013-01-08-Run1'!CM268 -> 0.0050303517 | BM26: ROW | BN26: maize | BO26: =D26*1000 -> 2.8586557 | BP26: =M26*1000 -> 3.3204293 | BQ26: =W26*1000 -> 3.7557395 | BR26: =AG26*1000 -> 4.0743925 | BS26: =AQ26*1000 -> 4.3930456 | BT26: =BA26*1000 -> 4.7116986 | BU26: =BK26*1000 -> 5.0303517
A27: ROW | B27: wheat | C27: Gg/ha/year | D27: ='LUC-2013-01-08-Run1'!AF269 -> 0.0022199163 | E27: ='LUC-2013-01-08-Run1'!AG269 -> 0.0022566263 | F27: ='LUC-2013-01-08-Run1'!AH269 -> 0.0022933364 | G27: ='LUC-2013-01-08-Run1'!AI269 -> 0.0023300465 | H27: ='LUC-2013-01-08-Run1'!AJ269 -> 0.0023667566 | I27: ='LUC-2013-01-08-Run1'!AK269 -> 0.0024034667 | J27: ='LUC-2013-01-08-Run1'!AL269 -> 0.0024401768 | K27: ='LUC-2013-01-08-Run1'!AM269 -> 0.0024768869 | ... BK27: ='LUC-2013-01-08-Run1'!CM269 -> 0.0038092166 | BN27: wheat | BO27: =D27*1000 -> 2.2199163 | BP27: =M27*1000 -> 2.550307 | BQ27: =W27*1000 -> 2.8649902 | BR27: =AG27*1000 -> 3.1010468 | BS27: =AQ27*1000 -> 3.3371034 | BT27: =BA27*1000 -> 3.57316 | BU27: =BK27*1000 -> 3.8092166
A28: ROW | B28: rice | C28: Gg/ha/year | D28: ='LUC-2013-01-08-Run1'!AF270 -> 0.0032695631 | E28: ='LUC-2013-01-08-Run1'!AG270 -> 0.0033190681 | F28: ='LUC-2013-01-08-Run1'!AH270 -> 0.0033685731 | G28: ='LUC-2013-01-08-Run1'!AI270 -> 0.003418078 | H28: ='LUC-2013-01-08-Run1'!AJ270 -> 0.003467583 | I28: ='LUC-2013-01-08-Run1'!AK270 -> 0.003517088 | J28: ='LUC-2013-01-08-Run1'!AL270 -> 0.0035665929 | K28: ='LUC-2013-01-08-Run1'!AM270 -> 0.0036160979 | ... BK28: ='LUC-2013-01-08-Run1'!CM270 -> 0.0052814251 | BN28: rice | BO28: =D28*1000 -> 3.2695631 | BP28: =M28*1000 -> 3.7151078 | BQ28: =W28*1000 -> 4.1275274 | BR28: =AG28*1000 -> 4.4160018 | BS28: =AQ28*1000 -> 4.7044763 | BT28: =BA28*1000 -> 4.9929507 | BU28: =BK28*1000 -> 5.2814251
A29: ROW | B29: other cereals | C29: Gg/ha/year | D29: ='LUC-2013-01-08-Run1'!AF271 -> 0.0014251346 | E29: ='LUC-2013-01-08-Run1'!AG271 -> 0.001439401 | F29: ='LUC-2013-01-08-Run1'!AH271 -> 0.0014536674 | G29: ='LUC-2013-01-08-Run1'!AI271 -> 0.0014679338 | H29: ='LUC-2013-01-08-Run1'!AJ271 -> 0.0014822002 | I29: ='LUC-2013-01-08-Run1'!AK271 -> 0.0014964666 | J29: ='LUC-2013-01-08-Run1'!AL271 -> 0.0015107329 | K29: ='LUC-2013-01-08-Run1'!AM271 -> 0.0015249993 | ... BK29: ='LUC-2013-01-08-Run1'!CM271 -> 0.0021704403 | BN29: other cereals | BO29: =D29*1000 -> 1.4251346 | BP29: =M29*1000 -> 1.5535321 | BQ29: =W29*1000 -> 1.6874313 | BR29: =AG29*1000 -> 1.8081836 | BS29: =AQ29*1000 -> 1.9289358 | BT29: =BA29*1000 -> 2.049688 | BU29: =BK29*1000 -> 2.1704403
A30: ROW | B30: oils (from crops) | C30: Gg/ha/year | D30: ='LUC-2013-01-08-Run1'!AF272 -> 0.0016577549 | E30: ='LUC-2013-01-08-Run1'!AG272 -> 0.0016804361 | F30: ='LUC-2013-01-08-Run1'!AH272 -> 0.0017031173 | G30: ='LUC-2013-01-08-Run1'!AI272 -> 0.0017257985 | H30: ='LUC-2013-01-08-Run1'!AJ272 -> 0.0017484797 | I30: ='LUC-2013-01-08-Run1'!AK272 -> 0.0017711609 | J30: ='LUC-2013-01-08-Run1'!AL272 -> 0.0017938421 | K30: ='LUC-2013-01-08-Run1'!AM272 -> 0.0018165233 | ... BK30: ='LUC-2013-01-08-Run1'!CM272 -> 0.0029 | BN30: oils (from crops) | BO30: =D30*1000 -> 1.6577549 | BP30: =M30*1000 -> 1.8618857 | BQ30: =W30*1000 -> 2.0799754 | BR30: =AG30*1000 -> 2.2849816 | BS30: =AQ30*1000 -> 2.4899877 | BT30: =BA30*1000 -> 2.6949939 | BU30: =BK30*1000 -> 2.9
A31: ROW | B31: sugar | C31: Gg/ha/year | D31: ='LUC-2013-01-08-Run1'!AF273 -> 0.061522727 | E31: ='LUC-2013-01-08-Run1'!AG273 -> 0.061954545 | F31: ='LUC-2013-01-08-Run1'!AH273 -> 0.062386364 | G31: ='LUC-2013-01-08-Run1'!AI273 -> 0.062818182 | H31: ='LUC-2013-01-08-Run1'!AJ273 -> 0.06325 | I31: ='LUC-2013-01-08-Run1'!AK273 -> 0.063681818 | J31: ='LUC-2013-01-08-Run1'!AL273 -> 0.064113636 | K31: ='LUC-2013-01-08-Run1'!AM273 -> 0.064545455 | ... BK31: ='LUC-2013-01-08-Run1'!CM273 -> 0.104 | BN31: sugar | BO31: =D31*1000 -> 61.522727 | BP31: =M31*1000 -> 65.409091 | BQ31: =W31*1000 -> 71.272727 | BR31: =AG31*1000 -> 79.454545 | BS31: =AQ31*1000 -> 87.636364 | BT31: =BA31*1000 -> 95.818182 | BU31: =BK31*1000 -> 104
A32: ROW | B32: vegetable, fruit, and nuts | C32: Gg/ha/year | D32: ='LUC-2013-01-08-Run1'!AF279 -> 0.00086618671 | E32: ='LUC-2013-01-08-Run1'!AG279 -> 0.00087332066 | F32: ='LUC-2013-01-08-Run1'!AH279 -> 0.0008804546 | G32: ='LUC-2013-01-08-Run1'!AI279 -> 0.00088758854 | H32: ='LUC-2013-01-08-Run1'!AJ279 -> 0.00089472249 | I32: ='LUC-2013-01-08-Run1'!AK279 -> 0.00090185643 | J32: ='LUC-2013-01-08-Run1'!AL279 -> 0.00090899038 | K32: ='LUC-2013-01-08-Run1'!AM279 -> 0.00091612432 | ... BK32: ='LUC-2013-01-08-Run1'!CM279 -> 0.0017443299 | BN32: vegetable, fruit, and nuts | BO32: =D32*1000 -> 0.86618671 | BP32: =M32*1000 -> 0.93039221 | BQ32: =W32*1000 -> 1.043299 | BR32: =AG32*1000 -> 1.2185567 | BS32: =AQ32*1000 -> 1.3938144 | BT32: =BA32*1000 -> 1.5690722 | BU32: =BK32*1000 -> 1.7443299
BM33: USA | BN33: maize | BO33: =D34*1000 -> 5.0675 | BP33: =M34*1000 -> 5.765 | BQ33: =W34*1000 -> 6.34 | BR33: =AG34*1000 -> 6.615 | BS33: =AQ34*1000 -> 6.89 | BT33: =BA34*1000 -> 7.165 | BU33: =BK34*1000 -> 7.44
A34: USA | B34: maize | C34: Gg/ha/year | D34: ='LUC-2013-01-08-Run1'!AF283 -> 0.0050675 | E34: ='LUC-2013-01-08-Run1'!AG283 -> 0.005145 | F34: ='LUC-2013-01-08-Run1'!AH283 -> 0.0052225 | G34: ='LUC-2013-01-08-Run1'!AI283 -> 0.0053 | H34: ='LUC-2013-01-08-Run1'!AJ283 -> 0.0053775 | I34: ='LUC-2013-01-08-Run1'!AK283 -> 0.005455 | J34: ='LUC-2013-01-08-Run1'!AL283 -> 0.0055325 | K34: ='LUC-2013-01-08-Run1'!AM283 -> 0.00561 | ... BK34: ='LUC-2013-01-08-Run1'!CM283 -> 0.00744 | BN34: wheat | BO34: =D35*1000 -> 2.3129545 | BP34: =M35*1000 -> 2.5931818 | BQ34: =W35*1000 -> 2.8572727 | BR34: =AG35*1000 -> 3.0504545 | BS34: =AQ35*1000 -> 3.2436364 | BT34: =BA35*1000 -> 3.4368182 | BU34: =BK35*1000 -> 3.63
A35: USA | B35: wheat | C35: Gg/ha/year | D35: ='LUC-2013-01-08-Run1'!AF284 -> 0.0023129545 | E35: ='LUC-2013-01-08-Run1'!AG284 -> 0.0023440909 | F35: ='LUC-2013-01-08-Run1'!AH284 -> 0.0023752273 | G35: ='LUC-2013-01-08-Run1'!AI284 -> 0.0024063636 | H35: ='LUC-2013-01-08-Run1'!AJ284 -> 0.0024375 | I35: ='LUC-2013-01-08-Run1'!AK284 -> 0.0024686364 | J35: ='LUC-2013-01-08-Run1'!AL284 -> 0.0024997727 | K35: ='LUC-2013-01-08-Run1'!AM284 -> 0.0025309091 | ... BK35: ='LUC-2013-01-08-Run1'!CM284 -> 0.00363 | BN35: rice | BO35: =D36*1000 -> 3.4209091 | BP35: =M36*1000 -> 3.8463636 | BQ35: =W36*1000 -> 4.2418182 | BR35: =AG36*1000 -> 4.5213636 | BS35: =AQ36*1000 -> 4.8009091 | BT35: =BA36*1000 -> 5.0804545 | BU35: =BK36*1000 -> 5.36
A36: USA | B36: rice | C36: Gg/ha/year | D36: ='LUC-2013-01-08-Run1'!AF285 -> 0.0034209091 | E36: ='LUC-2013-01-08-Run1'!AG285 -> 0.0034681818 | F36: ='LUC-2013-01-08-Run1'!AH285 -> 0.0035154545 | G36: ='LUC-2013-01-08-Run1'!AI285 -> 0.0035627273 | H36: ='LUC-2013-01-08-Run1'!AJ285 -> 0.00361 | I36: ='LUC-2013-01-08-Run1'!AK285 -> 0.0036572727 | J36: ='LUC-2013-01-08-Run1'!AL285 -> 0.0037045455 | K36: ='LUC-2013-01-08-Run1'!AM285 -> 0.0037518182 | ... BK36: ='LUC-2013-01-08-Run1'!CM285 -> 0.00536 | BN36: other cereals | BO36: =D37*1000 -> 1.4251346 | BP36: =M37*1000 -> 1.5535321 | BQ36: =W37*1000 -> 1.6874313 | BR36: =AG37*1000 -> 1.8081836 | BS36: =AQ37*1000 -> 1.9289358 | BT36: =BA37*1000 -> 2.049688 | BU36: =BK37*1000 -> 2.1704403
A37: USA | B37: other cereals | C37: Gg/ha/year | D37: ='LUC-2013-01-08-Run1'!AF286 -> 0.0014251346 | E37: ='LUC-2013-01-08-Run1'!AG286 -> 0.001439401 | F37: ='LUC-2013-01-08-Run1'!AH286 -> 0.0014536674 | G37: ='LUC-2013-01-08-Run1'!AI286 -> 0.0014679338 | H37: ='LUC-2013-01-08-Run1'!AJ286 -> 0.0014822002 | I37: ='LUC-2013-01-08-Run1'!AK286 -> 0.0014964666 | J37: ='LUC-2013-01-08-Run1'!AL286 -> 0.0015107329 | K37: ='LUC-2013-01-08-Run1'!AM286 -> 0.0015249993 | ... BK37: ='LUC-2013-01-08-Run1'!CM286 -> 0.0021704403 | BN37: oils (from crops) | BO37: =D38*1000 -> 1.6577549 | BP37: =M38*1000 -> 1.8618857 | BQ37: =W38*1000 -> 2.0799754 | BR37: =AG38*1000 -> 2.2849816 | BS37: =AQ38*1000 -> 2.4899877 | BT37: =BA38*1000 -> 2.6949939 | BU37: =BK38*1000 -> 2.9
A38: USA | B38: oils (from crops) | C38: Gg/ha/year | D38: ='LUC-2013-01-08-Run1'!AF287 -> 0.0016577549 | E38: ='LUC-2013-01-08-Run1'!AG287 -> 0.0016804361 | F38: ='LUC-2013-01-08-Run1'!AH287 -> 0.0017031173 | G38: ='LUC-2013-01-08-Run1'!AI287 -> 0.0017257985 | H38: ='LUC-2013-01-08-Run1'!AJ287 -> 0.0017484797 | I38: ='LUC-2013-01-08-Run1'!AK287 -> 0.0017711609 | J38: ='LUC-2013-01-08-Run1'!AL287 -> 0.0017938421 | K38: ='LUC-2013-01-08-Run1'!AM287 -> 0.0018165233 | ... BK38: ='LUC-2013-01-08-Run1'!CM287 -> 0.0029 | BN38: sugar | BO38: =D39*1000 -> 61.522727 | BP38: =M39*1000 -> 65.409091 | BQ38: =W39*1000 -> 71.272727 | BR38: =AG39*1000 -> 79.454545 | BS38: =AQ39*1000 -> 87.636364 | BT38: =BA39*1000 -> 95.818182 | BU38: =BK39*1000 -> 104
A39: USA | B39: sugar | C39: Gg/ha/year | D39: ='LUC-2013-01-08-Run1'!AF288 -> 0.061522727 | E39: ='LUC-2013-01-08-Run1'!AG288 -> 0.061954545 | F39: ='LUC-2013-01-08-Run1'!AH288 -> 0.062386364 | G39: ='LUC-2013-01-08-Run1'!AI288 -> 0.062818182 | H39: ='LUC-2013-01-08-Run1'!AJ288 -> 0.06325 | I39: ='LUC-2013-01-08-Run1'!AK288 -> 0.063681818 | J39: ='LUC-2013-01-08-Run1'!AL288 -> 0.064113636 | K39: ='LUC-2013-01-08-Run1'!AM288 -> 0.064545455 | ... BK39: ='LUC-2013-01-08-Run1'!CM288 -> 0.104 | BN39: vegetable, fruit, and nuts | BO39: =D40*1000 -> 0.86618671 | BP39: =M40*1000 -> 0.93039221 | BQ39: =W40*1000 -> 1.043299 | BR39: =AG40*1000 -> 1.2185567 | BS39: =AQ40*1000 -> 1.3938144 | BT39: =BA40*1000 -> 1.5690722 | BU39: =BK40*1000 -> 1.7443299
