Workbook

Sheet Per_Capita_'Other'_demand_GDP_s
A1: BRAZIL.Per_Capita_'Other'_demand_GDP_scenario | B1: 0.04536176 | C1: 0.04459662 | D1: 0.03590362 | E1: 0.02670424 | F1: 0.04426605 | G1: 0.03077189 | H1: 0.0337768 | I1: 0.02806706 | J1: 0.03109616 | K1: 0.02525237 | L1: 0.03433481 | M1: 0.03276882 | N1: 0.02739779 | O1: 0.03465679 | P1: 0.03155549 | Q1: 0.02375619 | R1: 0.03097595 | S1: 0.03715832 | T1: 0.03903133 | U1: 0.03572662 | V1: 0.04440375 | W1: 0.03632925 | X1: 0.04109358 | Y1: 0.03886525 | Z1: 0.04433378 | AA1: 0.0415959 | AB1: 0.04830458 | AC1: 0.04449754 | AD1: 0.04886029 | AE1: 0.04749616 | AF1: 0.05477443 | AG1: 0.04559666 | AH1: 0.04603087 | AI1: 0.05040624 | AJ1: 0.0567375 | AK1: 0.05546519 | AL1: 0.05671767 | AM1: 0.05889621 | AN1: 0.05577399 | AO1: 0.07130226 | AP1: 0.07242201 | AQ1: 0.06893029 | AR1: 0.06234542 | AS1: 0.06976352 | AT1: 0.06880559 | AU1: 0.07185982 | AV1: 0.07122344 | AW1: 0 | AX1: 0 | AY1: 0 | AZ1: 0 | BA1: 0 | BB1: 0 | BC1: 0 | BD1: 0 | BE1: 0 | BF1: 0 | BG1: 0 | BH1: 0 | BI1: 0 | BJ1: 0 | BK1: 0 | BL1: 0 | BM1: 0 | BN1: 0 | BO1: 0 | BP1: 0 | BQ1: 0 | BR1: 0 | BS1: 0 | BT1: 0 | BU1: 0 | BV1: 0 | BW1: 0 | BX1: 0 | BY1: 0 | BZ1: 0 | CA1: 0 | CB1: 0 | CC1: 0 | CD1: 0 | CE1: 0 | CF1: 0 | CG1: 0 | CH1: 0 | CI1: 0 | CJ1: 0 | CK1: 0 | CL1: 0 | CM1: 0
A3: CAN.Per_Capita_'Other'_demand_GDP_scenario | B3: 0.06929556 | C3: 0.07197681 | D3: 0.07229106 | E3: 0.07499094 | F3: 0.07526171 | G3: 0.08636318 | H3: 0.08935714 | I3: 0.08799924 | J3: 0.09258305 | K3: 0.09628402 | L3: 0.1018687 | M3: 0.1046813 | N3: 0.1137298 | O3: 0.1140447 | P3: 0.1126955 | Q3: 0.1104373 | R3: 0.1084195 | S3: 0.1057307 | T3: 0.1141396 | U3: 0.1112335 | V3: 0.1159467 | W3: 0.1105692 | X3: 0.113389 | Y3: 0.1140608 | Z3: 0.1097396 | AA3: 0.1108735 | AB3: 0.107588 | AC3: 0.1052182 | AD3: 0.1028868 | AE3: 0.1022346 | AF3: 0.1019928 | AG3: 0.101145 | AH3: 0.1015225 | AI3: 0.1062466 | AJ3: 0.1049758 | AK3: 0.1014365 | AL3: 0.09977894 | AM3: 0.1018125 | AN3: 0.1031976 | AO3: 0.1022257 | AP3: 0.1055077 | AQ3: 0.1037841 | AR3: 0.08983758 | AS3: 0.09831452 | AT3: 0.09892593 | AU3: 0.1096298 | AV3: 0.1069358 | AW3: 0 | AX3: 0 | AY3: 0 | AZ3: 0 | BA3: 0 | BB3: 0 | BC3: 0 | BD3: 0 | BE3: 0 | BF3: 0 | BG3: 0 | BH3: 0 | BI3: 0 | BJ3: 0 | BK3: 0 | BL3: 0 | BM3: 0 | BN3: 0 | BO3: 0 | BP3: 0 | BQ3: 0 | BR3: 0 | BS3: 0 | BT3: 0 | BU3: 0 | BV3: 0 | BW3: 0 | BX3: 0 | BY3: 0 | BZ3: 0 | CA3: 0 | CB3: 0 | CC3: 0 | CD3: 0 | CE3: 0 | CF3: 0 | CG3: 0 | CH3: 0 | CI3: 0 | CJ3: 0 | CK3: 0 | CL3: 0 | CM3: 0
A5: CHIHKG.Per_Capita_'Other'_demand_GDP_scenario | B5: 0.001400923 | C5: 0.00170067 | D5: 0.001574327 | E5: 0.001620854 | F5: 0.001814847 | G5: 0.00189307 | H5: 0.001779418 | I5: 0.001895625 | J5: 0.002046361 | K5: 0.002197167 | L5: 0.00218185 | M5: 0.002315568 | N5: 0.002600607 | O5: 0.002665156 | P5: 0.003279043 | Q5: 0.003350273 | R5: 0.003228296 | S5: 0.003830926 | T5: 0.003562889 | U5: 0.005508913 | V5: 0.005499885 | W5: 0.006163985 | X5: 0.007080538 | Y5: 0.007826897 | Z5: 0.009005827 | AA5: 0.01067747 | AB5: 0.01256127 | AC5: 0.01389322 | AD5: 0.01305079 | AE5: 0.01376369 | AF5: 0.01494881 | AG5: 0.01668002 | AH5: 0.01886721 | AI5: 0.020622 | AJ5: 0.02351439 | AK5: 0.02272531 | AL5: 0.02425572 | AM5: 0.02394705 | AN5: 0.02420956 | AO5: 0.02502233 | AP5: 0.02789403 | AQ5: 0.02800383 | AR5: 0.02833546 | AS5: 0.032287 | AT5: 0.03391875 | AU5: 0.03710226 | AV5: 0.04013539 | AW5: 0 | AX5: 0 | AY5: 0 | AZ5: 0 | BA5: 0 | BB5: 0 | BC5: 0 | BD5: 0 | BE5: 0 | BF5: 0 | BG5: 0 | BH5: 0 | BI5: 0 | BJ5: 0 | BK5: 0 | BL5: 0 | BM5: 0 | BN5: 0 | BO5: 0 | BP5: 0 | BQ5: 0 | BR5: 0 | BS5: 0 | BT5: 0 | BU5: 0 | BV5: 0 | BW5: 0 | BX5: 0 | BY5: 0 | BZ5: 0 | CA5: 0 | CB5: 0 | CC5: 0 | CD5: 0 | CE5: 0 | CF5: 0 | CG5: 0 | CH5: 0 | CI5: 0 | CJ5: 0 | CK5: 0 | CL5: 0 | CM5: 0
A7: C_C_Amer.Per_Capita_'Other'_demand_GDP_scenario | B7: 0.02706342 | C7: 0.02629423 | D7: 0.02588232 | E7: 0.02793442 | F7: 0.02818849 | G7: 0.02872445 | H7: 0.02991242 | I7: 0.02870899 | J7: 0.02934429 | K7: 0.03015905 | L7: 0.02877624 | M7: 0.03137782 | N7: 0.03375338 | O7: 0.03628653 | P7: 0.03608472 | Q7: 0.03558609 | R7: 0.0367795 | S7: 0.03844364 | T7: 0.04039817 | U7: 0.04135382 | V7: 0.04319874 | W7: 0.04241208 | X7: 0.0391604 | Y7: 0.03895836 | Z7: 0.03970745 | AA7: 0.04026361 | AB7: 0.042709 | AC7: 0.04409498 | AD7: 0.04678175 | AE7: 0.04632988 | AF7: 0.04617028 | AG7: 0.04711313 | AH7: 0.0463511 | AI7: 0.04704752 | AJ7: 0.04546477 | AK7: 0.04716199 | AL7: 0.0498229 | AM7: 0.05108299 | AN7: 0.05308029 | AO7: 0.05376152 | AP7: 0.05323623 | AQ7: 0.05316228 | AR7: 0.05454101 | AS7: 0.0549689 | AT7: 0.05690033 | AU7: 0.0602691 | AV7: 0.06174845 | AW7: 0 | AX7: 0 | AY7: 0 | AZ7: 0 | BA7: 0 | BB7: 0 | BC7: 0 | BD7: 0 | BE7: 0 | BF7: 0 | BG7: 0 | BH7: 0 | BI7: 0 | BJ7: 0 | BK7: 0 | BL7: 0 | BM7: 0 | BN7: 0 | BO7: 0 | BP7: 0 | BQ7: 0 | BR7: 0 | BS7: 0 | BT7: 0 | BU7: 0 | BV7: 0 | BW7: 0 | BX7: 0 | BY7: 0 | BZ7: 0 | CA7: 0 | CB7: 0 | CC7: 0 | CD7: 0 | CE7: 0 | CF7: 0 | CG7: 0 | CH7: 0 | CI7: 0 | CJ7: 0 | CK7: 0 | CL7: 0 | CM7: 0
A9: EU27.Per_Capita_'Other'_demand_GDP_scenario | B9: 0.09404274 | C9: 0.1099326 | D9: 0.1034366 | E9: 0.1149054 | F9: 0.1152731 | G9: 0.1145022 | H9: 0.1169147 | I9: 0.1184826 | J9: 0.1194177 | K9: 0.1277296 | L9: 0.1240269 | M9: 0.1239141 | N9: 0.143531 | O9: 0.1405426 | P9: 0.1356554 | Q9: 0.1377267 | R9: 0.1295915 | S9: 0.1336279 | T9: 0.1515794 | U9: 0.1447046 | V9: 0.1348373 | W9: 0.1457722 | X9: 0.1422464 | Y9: 0.1360524 | Z9: 0.1332217 | AA9: 0.1411282 | AB9: 0.1403668 | AC9: 0.1299877 | AD9: 0.1337734 | AE9: 0.1357354 | AF9: 0.1266391 | AG9: 0.1338315 | AH9: 0.1231474 | AI9: 0.1229524 | AJ9: 0.123502 | AK9: 0.1269106 | AL9: 0.1247478 | AM9: 0.1231108 | AN9: 0.1273765 | AO9: 0.127278 | AP9: 0.1238221 | AQ9: 0.1214847 | AR9: 0.1225826 | AS9: 0.1282925 | AT9: 0.1230325 | AU9: 0.1260413 | AV9: 0.1242146 | AW9: 0 | AX9: 0 | AY9: 0 | AZ9: 0 | BA9: 0 | BB9: 0 | BC9: 0 | BD9: 0 | BE9: 0 | BF9: 0 | BG9: 0 | BH9: 0 | BI9: 0 | BJ9: 0 | BK9: 0 | BL9: 0 | BM9: 0 | BN9: 0 | BO9: 0 | BP9: 0 | BQ9: 0 | BR9: 0 | BS9: 0 | BT9: 0 | BU9: 0 | BV9: 0 | BW9: 0 | BX9: 0 | BY9: 0 | BZ9: 0 | CA9: 0 | CB9: 0 | CC9: 0 | CD9: 0 | CE9: 0 | CF9: 0 | CG9: 0 | CH9: 0 | CI9: 0 | CJ9: 0 | CK9: 0 | CL9: 0 | CM9: 0
A11: E_Asia.Per_Capita_'Other'_demand_GDP_scenario | B11: 0.0194701 | C11: 0.02139669 | D11: 0.0194688 | E11: 0.01750563 | F11: 0.01903987 | G11: 0.02228972 | H11: 0.02456116 | I11: 0.02259396 | J11: 0.02504305 | K11: 0.0298021 | L11: 0.03789535 | M11: 0.03954894 | N11: 0.04490154 | O11: 0.04589787 | P11: 0.0433193 | Q11: 0.04596273 | R11: 0.04895727 | S11: 0.04659832 | T11: 0.04987661 | U11: 0.05090399 | V11: 0.04995722 | W11: 0.04910178 | X11: 0.04296572 | Y11: 0.04397814 | Z11: 0.04277419 | AA11: 0.04345233 | AB11: 0.04448153 | AC11: 0.04611814 | AD11: 0.04693622 | AE11: 0.04715191 | AF11: 0.0491364 | AG11: 0.04804148 | AH11: 0.04599561 | AI11: 0.04986251 | AJ11: 0.04885049 | AK11: 0.04796478 | AL11: 0.04779543 | AM11: 0.04317383 | AN11: 0.045613 | AO11: 0.04569109 | AP11: 0.04856482 | AQ11: 0.04927588 | AR11: 0.04965045 | AS11: 0.05063913 | AT11: 0.04973861 | AU11: 0.05077116 | AV11: 0.05208544 | AW11: 0 | AX11: 0 | AY11: 0 | AZ11: 0 | BA11: 0 | BB11: 0 | BC11: 0 | BD11: 0 | BE11: 0 | BF11: 0 | BG11: 0 | BH11: 0 | BI11: 0 | BJ11: 0 | BK11: 0 | BL11: 0 | BM11: 0 | BN11: 0 | BO11: 0 | BP11: 0 | BQ11: 0 | BR11: 0 | BS11: 0 | BT11: 0 | BU11: 0 | BV11: 0 | BW11: 0 | BX11: 0 | BY11: 0 | BZ11: 0 | CA11: 0 | CB11: 0 | CC11: 0 | CD11: 0 | CE11: 0 | CF11: 0 | CG11: 0 | CH11: 0 | CI11: 0 | CJ11: 0 | CK11: 0 | CL11: 0 | CM11: 0
A13: INDIA.Per_Capita_'Other'_demand_GDP_scenario | B13: 0.001407736 | C13: 0.001392128 | D13: 0.001313382 | E13: 0.001424054 | F13: 0.001342231 | G13: 0.001400916 | H13: 0.00144478 | I13: 0.001493524 | J13: 0.001530126 | K13: 0.00154983 | L13: 0.001723567 | M13: 0.001679438 | N13: 0.001775032 | O13: 0.001807234 | P13: 0.001744322 | Q13: 0.001856982 | R13: 0.001975639 | S13: 0.00201516 | T13: 0.001983963 | U13: 0.002045805 | V13: 0.002015273 | W13: 0.00213167 | X13: 0.002079019 | Y13: 0.002079485 | Z13: 0.002292278 | AA13: 0.002202365 | AB13: 0.002333278 | AC13: 0.002350493 | AD13: 0.002591487 | AE13: 0.002472853 | AF13: 0.002678909 | AG13: 0.002503311 | AH13: 0.002516658 | AI13: 0.002630053 | AJ13: 0.002859997 | AK13: 0.003249555 | AL13: 0.002922711 | AM13: 0.002859991 | AN13: 0.003229902 | AO13: 0.00324864 | AP13: 0.003160215 | AQ13: 0.003123983 | AR13: 0.003280807 | AS13: 0.002851027 | AT13: 0.002519861 | AU13: 0.003109573 | AV13: 0.003994264 | AW13: 0 | AX13: 0 | AY13: 0 | AZ13: 0 | BA13: 0 | BB13: 0 | BC13: 0 | BD13: 0 | BE13: 0 | BF13: 0 | BG13: 0 | BH13: 0 | BI13: 0 | BJ13: 0 | BK13: 0 | BL13: 0 | BM13: 0 | BN13: 0 | BO13: 0 | BP13: 0 | BQ13: 0 | BR13: 0 | BS13: 0 | BT13: 0 | BU13: 0 | BV13: 0 | BW13: 0 | BX13: 0 | BY13: 0 | BZ13: 0 | CA13: 0 | CB13: 0 | CC13: 0 | CD13: 0 | CE13: 0 | CF13: 0 | CG13: 0 | CH13: 0 | CI13: 0 | CJ13: 0 | CK13: 0 | CL13: 0 | CM13: 0
A15: JAPAN.Per_Capita_'Other'_demand_GDP_scenario | B15: 0.03028177 | C15: 0.03066522 | D15: 0.03398347 | E15: 0.03666498 | F15: 0.03597071 | G15: 0.03768811 | H15: 0.04211889 | I15: 0.04165643 | J15: 0.04309349 | K15: 0.04578355 | L15: 0.04681052 | M15: 0.05021279 | N15: 0.05333982 | O15: 0.05089125 | P15: 0.05240147 | Q15: 0.04974207 | R15: 0.05518295 | S15: 0.05547675 | T15: 0.05733446 | U15: 0.05601315 | V15: 0.05546494 | W15: 0.05841041 | X15: 0.06070651 | Y15: 0.05540076 | Z15: 0.05694412 | AA15: 0.05888406 | AB15: 0.0626968 | AC15: 0.06632507 | AD15: 0.06718308 | AE15: 0.06968041 | AF15: 0.07122754 | AG15: 0.07225091 | AH15: 0.07201329 | AI15: 0.07222769 | AJ15: 0.06989684 | AK15: 0.07051649 | AL15: 0.06790217 | AM15: 0.06301569 | AN15: 0.06106719 | AO15: 0.05757423 | AP15: 0.0523533 | AQ15: 0.04741261 | AR15: 0.04510345 | AS15: 0.04429128 | AT15: 0.04173434 | AU15: 0.0421103 | AV15: 0.04493862 | AW15: 0 | AX15: 0 | AY15: 0 | AZ15: 0 | BA15: 0 | BB15: 0 | BC15: 0 | BD15: 0 | BE15: 0 | BF15: 0 | BG15: 0 | BH15: 0 | BI15: 0 | BJ15: 0 | BK15: 0 | BL15: 0 | BM15: 0 | BN15: 0 | BO15: 0 | BP15: 0 | BQ15: 0 | BR15: 0 | BS15: 0 | BT15: 0 | BU15: 0 | BV15: 0 | BW15: 0 | BX15: 0 | BY15: 0 | BZ15: 0 | CA15: 0 | CB15: 0 | CC15: 0 | CD15: 0 | CE15: 0 | CF15: 0 | CG15: 0 | CH15: 0 | CI15: 0 | CJ15: 0 | CK15: 0 | CL15: 0 | CM15: 0
A17: MEAS_Nafr.Per_Capita_'Other'_demand_GDP_scenario | B17: 0.01855882 | C17: 0.01953453 | D17: 0.01756754 | E17: 0.01515126 | F17: 0.01863754 | G17: 0.01091388 | H17: 0.009426012 | I17: 0.01244804 | J17: 0.01056039 | K17: 0.01049778 | L17: 0.01090701 | M17: 0.008322029 | N17: 0.008494865 | O17: 0.008398351 | P17: 0.006589601 | Q17: 0.005860757 | R17: 0.005131306 | S17: 0.004174402 | T17: 0.004635736 | U17: 0.004498007 | V17: 0.004411203 | W17: 0.003299062 | X17: 0.003182563 | Y17: 0.002978813 | Z17: 0.002760998 | AA17: 0.002745031 | AB17: 0.00270488 | AC17: 0.002458024 | AD17: 0.00227411 | AE17: 0.002152114 | AF17: 0.002311541 | AG17: 0.002320125 | AH17: 0.002394766 | AI17: 0.002349584 | AJ17: 0.002410685 | AK17: 0.002234549 | AL17: 0.002228878 | AM17: 0.002278871 | AN17: 0.002301043 | AO17: 0.002115047 | AP17: 0.002295957 | AQ17: 0.002252307 | AR17: 0.002449739 | AS17: 0.002746662 | AT17: 0.002672348 | AU17: 0.002580284 | AV17: 0.002732556 | AW17: 0 | AX17: 0 | AY17: 0 | AZ17: 0 | BA17: 0 | BB17: 0 | BC17: 0 | BD17: 0 | BE17: 0 | BF17: 0 | BG17: 0 | BH17: 0 | BI17: 0 | BJ17: 0 | BK17: 0 | BL17: 0 | BM17: 0 | BN17: 0 | BO17: 0 | BP17: 0 | BQ17: 0 | BR17: 0 | BS17: 0 | BT17: 0 | BU17: 0 | BV17: 0 | BW17: 0 | BX17: 0 | BY17: 0 | BZ17: 0 | CA17: 0 | CB17: 0 | CC17: 0 | CD17: 0 | CE17: 0 | CF17: 0 | CG17: 0 | CH17: 0 | CI17: 0 | CJ17: 0 | CK17: 0 | CL17: 0 | CM17: 0
A19: Mala_Indo.Per_Capita_'Other'_demand_GDP_scenario | B19: 0.001941916 | C19: 0.001955025 | D19: 0.002243146 | E19: 0.001957406 | F19: 0.002220656 | G19: 0.002280786 | H19: 0.002403846 | I19: 0.002396566 | J19: 0.002492486 | K19: 0.002543553 | L19: 0.002484083 | M19: 0.002456104 | N19: 0.002450355 | O19: 0.002593775 | P19: 0.002688266 | Q19: 0.002866539 | R19: 0.00296319 | S19: 0.003243877 | T19: 0.003741046 | U19: 0.004066232 | V19: 0.00427267 | W19: 0.004057122 | X19: 0.004206819 | Y19: 0.004195492 | Z19: 0.004269063 | AA19: 0.004637458 | AB19: 0.005089388 | AC19: 0.00553573 | AD19: 0.005925201 | AE19: 0.006230561 | AF19: 0.006245317 | AG19: 0.006102687 | AH19: 0.006223511 | AI19: 0.005761384 | AJ19: 0.005959594 | AK19: 0.006346627 | AL19: 0.005953824 | AM19: 0.006870112 | AN19: 0.006552225 | AO19: 0.006812394 | AP19: 0.00687558 | AQ19: 0.007728363 | AR19: 0.007475742 | AS19: 0.007656746 | AT19: 0.007551778 | AU19: 0.008010514 | AV19: 0.007976881 | AW19: 0 | AX19: 0 | AY19: 0 | AZ19: 0 | BA19: 0 | BB19: 0 | BC19: 0 | BD19: 0 | BE19: 0 | BF19: 0 | BG19: 0 | BH19: 0 | BI19: 0 | BJ19: 0 | BK19: 0 | BL19: 0 | BM19: 0 | BN19: 0 | BO19: 0 | BP19: 0 | BQ19: 0 | BR19: 0 | BS19: 0 | BT19: 0 | BU19: 0 | BV19: 0 | BW19: 0 | BX19: 0 | BY19: 0 | BZ19: 0 | CA19: 0 | CB19: 0 | CC19: 0 | CD19: 0 | CE19: 0 | CF19: 0 | CG19: 0 | CH19: 0 | CI19: 0 | CJ19: 0 | CK19: 0 | CL19: 0 | CM19: 0
A21: Oceania.Per_Capita_'Other'_demand_GDP_scenario | B21: 0.09242508 | C21: 0.09521232 | D21: 0.09398695 | E21: 0.09808654 | F21: 0.09792568 | G21: 0.09669785 | H21: 0.1009273 | I21: 0.1036943 | J21: 0.107804 | K21: 0.1135669 | L21: 0.114097 | M21: 0.1168045 | N21: 0.1201376 | O21: 0.126735 | P21: 0.131166 | Q21: 0.1272904 | R21: 0.1278099 | S21: 0.1276615 | T21: 0.1226766 | U21: 0.1237361 | V21: 0.1221302 | W21: 0.1205018 | X21: 0.1165662 | Y21: 0.1121927 | Z21: 0.1134187 | AA21: 0.1093509 | AB21: 0.1079723 | AC21: 0.1073277 | AD21: 0.1115388 | AE21: 0.107554 | AF21: 0.1024019 | AG21: 0.1010043 | AH21: 0.09689084 | AI21: 0.09828164 | AJ21: 0.09386617 | AK21: 0.09831003 | AL21: 0.09464842 | AM21: 0.09744504 | AN21: 0.1002995 | AO21: 0.09642846 | AP21: 0.1017298 | AQ21: 0.1051271 | AR21: 0.1004848 | AS21: 0.1116888 | AT21: 0.1098033 | AU21: 0.1075616 | AV21: 0.09128342 | AW21: 0 | AX21: 0 | AY21: 0 | AZ21: 0 | BA21: 0 | BB21: 0 | BC21: 0 | BD21: 0 | BE21: 0 | BF21: 0 | BG21: 0 | BH21: 0 | BI21: 0 | BJ21: 0 | BK21: 0 | BL21: 0 | BM21: 0 | BN21: 0 | BO21: 0 | BP21: 0 | BQ21: 0 | BR21: 0 | BS21: 0 | BT21: 0 | BU21: 0 | BV21: 0 | BW21: 0 | BX21: 0 | BY21: 0 | BZ21: 0 | CA21: 0 | CB21: 0 | CC21: 0 | CD21: 0 | CE21: 0 | CF21: 0 | CG21: 0 | CH21: 0 | CI21: 0 | CJ21: 0 | CK21: 0 | CL21: 0 | CM21: 0
A23: Oth_CEE_CIS.Per_Capita_'Other'_demand_GDP_scenario | B23: 0.01799454 | C23: 0.01916818 | D23: 0.02102067 | E23: 0.02145617 | F23: 0.02006077 | G23: 0.02366173 | H23: 0.02280047 | I23: 0.02510587 | J23: 0.02892424 | K23: 0.02703354 | L23: 0.02943955 | M23: 0.0323882 | N23: 0.03442355 | O23: 0.03040213 | P23: 0.02848559 | Q23: 0.0293664 | R23: 0.03119239 | S23: 0.03062952 | T23: 0.03335261 | U23: 0.03642045 | V23: 0.03438119 | W23: 0.03880777 | X23: 0.03658372 | Y23: 0.03074554 | Z23: 0.02701785 | AA23: 0.0321672 | AB23: 0.03155161 | AC23: 0.03077653 | AD23: 0.02871031 | AE23: 0.03220635 | AF23: 0.03092277 | AG23: 0.02898818 | AH23: 0.02614939 | AI23: 0.02497276 | AJ23: 0.02367516 | AK23: 0.02299551 | AL23: 0.02365324 | AM23: 0.02349264 | AN23: 0.02328185 | AO23: 0.02447218 | AP23: 0.02567859 | AQ23: 0.02635628 | AR23: 0.02855198 | AS23: 0.03178003 | AT23: 0.03451427 | AU23: 0.03635545 | AV23: 0.03962435 | AW23: 0 | AX23: 0 | AY23: 0 | AZ23: 0 | BA23: 0 | BB23: 0 | BC23: 0 | BD23: 0 | BE23: 0 | BF23: 0 | BG23: 0 | BH23: 0 | BI23: 0 | BJ23: 0 | BK23: 0 | BL23: 0 | BM23: 0 | BN23: 0 | BO23: 0 | BP23: 0 | BQ23: 0 | BR23: 0 | BS23: 0 | BT23: 0 | BU23: 0 | BV23: 0 | BW23: 0 | BX23: 0 | BY23: 0 | BZ23: 0 | CA23: 0 | CB23: 0 | CC23: 0 | CD23: 0 | CE23: 0 | CF23: 0 | CG23: 0 | CH23: 0 | CI23: 0 | CJ23: 0 | CK23: 0 | CL23: 0 | CM23: 0
... A37: USA.Per_Capita_'Other'_demand_GDP_scenario | B37: 0.06589567 | C37: 0.06646905 | D37: 0.06813195 | E37: 0.07046856 | F37: 0.07173118 | G37: 0.07347165 | H37: 0.07508038 | I37: 0.07798491 | J37: 0.08128824 | K37: 0.0848881 | L37: 0.0873418 | M37: 0.08840782 | N37: 0.09335167 | O37: 0.09606705 | P37: 0.09634975 | Q37: 0.09855053 | R37: 0.1017614 | S37: 0.1042543 | T37: 0.1074156 | U37: 0.1119803 | V37: 0.111091 | W37: 0.1108006 | X37: 0.1086706 | Y37: 0.1068648 | Z37: 0.1065699 | AA37: 0.1056397 | AB37: 0.1063588 | AC37: 0.1071971 | AD37: 0.1032845 | AE37: 0.1039688 | AF37: 0.1030394 | AG37: 0.1002184 | AH37: 0.1005407 | AI37: 0.09891261 | AJ37: 0.09655715 | AK37: 0.09596559 | AL37: 0.09707206 | AM37: 0.09338523 | AN37: 0.09245103 | AO37: 0.09341236 | AP37: 0.09242427 | AQ37: 0.09260261 | AR37: 0.09098839 | AS37: 0.09128113 | AT37: 0.09225708 | AU37: 0.08861389 | AV37: 0.08701089 | AW37: 0 | AX37: 0 | AY37: 0 | AZ37: 0 | BA37: 0 | BB37: 0 | BC37: 0 | BD37: 0 | BE37: 0 | BF37: 0 | BG37: 0 | BH37: 0 | BI37: 0 | BJ37: 0 | BK37: 0 | BL37: 0 | BM37: 0 | BN37: 0 | BO37: 0 | BP37: 0 | BQ37: 0 | BR37: 0 | BS37: 0 | BT37: 0 | BU37: 0 | BV37: 0 | BW37: 0 | BX37: 0 | BY37: 0 | BZ37: 0 | CA37: 0 | CB37: 0 | CC37: 0 | CD37: 0 | CE37: 0 | CF37: 0 | CG37: 0 | CH37: 0 | CI37: 0 | CJ37: 0 | CK37: 0 | CL37: 0 | CM37: 0

Sheet Per Capita Other SP
A1: ='Per_Capita_''Other''_demand_GDP_s'!A1 -> BRAZIL.Per_Capita_'Other'_demand_GDP_scenario | B1: ='Per_Capita_''Other''_demand_GDP_s'!B1/10000 -> 4.536176e-06 | C1: ='Per_Capita_''Other''_demand_GDP_s'!C1/10000 -> 4.459662e-06 | D1: ='Per_Capita_''Other''_demand_GDP_s'!D1/10000 -> 3.590362e-06 | E1: ='Per_Capita_''Other''_demand_GDP_s'!E1/10000 -> 2.670424e-06 | F1: ='Per_Capita_''Other''_demand_GDP_s'!F1/10000 -> 4.426605e-06 | G1: ='Per_Capita_''Other''_demand_GDP_s'!G1/10000 -> 3.077189e-06 | H1: ='Per_Capita_''Other''_demand_GDP_s'!H1/10000 -> 3.37768e-06 | I1: ='Per_Capita_''Other''_demand_GDP_s'!I1/10000 -> 2.806706e-06 | ... AY1: ='Per_Capita_''Other''_demand_GDP_s'!AY1/10000 -> 0
A3: ='Per_Capita_''Other''_demand_GDP_s'!A3 -> CAN.Per_Capita_'Other'_demand_GDP_scenario | B3: ='Per_Capita_''Other''_demand_GDP_s'!B3/10000 -> 6.929556e-06 | C3: ='Per_Capita_''Other''_demand_GDP_s'!C3/10000 -> 7.197681e-06 | D3: ='Per_Capita_''Other''_demand_GDP_s'!D3/10000 -> 7.229106e-06 | E3: ='Per_Capita_''Other''_demand_GDP_s'!E3/10000 -> 7.499094e-06 | F3: ='Per_Capita_''Other''_demand_GDP_s'!F3/10000 -> 7.526171e-06 | G3: ='Per_Capita_''Other''_demand_GDP_s'!G3/10000 -> 8.636318e-06 | H3: ='Per_Capita_''Other''_demand_GDP_s'!H3/10000 -> 8.935714e-06 | I3: ='Per_Capita_''Other''_demand_GDP_s'!I3/10000 -> 8.799924e-06 | ... AY3: ='Per_Capita_''Other''_demand_GDP_s'!AY3/10000 -> 0
A5: ='Per_Capita_''Other''_demand_GDP_s'!A5 -> CHIHKG.Per_Capita_'Other'_demand_GDP_scenario | B5: ='Per_Capita_''Other''_demand_GDP_s'!B5/10000 -> 1.400923e-07 | C5: ='Per_Capita_''Other''_demand_GDP_s'!C5/10000 -> 1.70067e-07 | D5: ='Per_Capita_''Other''_demand_GDP_s'!D5/10000 -> 1.574327e-07 | E5: ='Per_Capita_''Other''_demand_GDP_s'!E5/10000 -> 1.620854e-07 | F5: ='Per_Capita_''Other''_demand_GDP_s'!F5/10000 -> 1.814847e-07 | G5: ='Per_Capita_''Other''_demand_GDP_s'!G5/10000 -> 1.89307e-07 | H5: ='Per_Capita_''Other''_demand_GDP_s'!H5/10000 -> 1.779418e-07 | I5: ='Per_Capita_''Other''_demand_GDP_s'!I5/10000 -> 1.895625e-07 | ... AY5: ='Per_Capita_''Other''_demand_GDP_s'!AY5/10000 -> 0
A7: ='Per_Capita_''Other''_demand_GDP_s'!A7 -> C_C_Amer.Per_Capita_'Other'_demand_GDP_scenario | B7: ='Per_Capita_''Other''_demand_GDP_s'!B7/10000 -> 2.706342e-06 | C7: ='Per_Capita_''Other''_demand_GDP_s'!C7/10000 -> 2.629423e-06 | D7: ='Per_Capita_''Other''_demand_GDP_s'!D7/10000 -> 2.588232e-06 | E7: ='Per_Capita_''Other''_demand_GDP_s'!E7/10000 -> 2.793442e-06 | F7: ='Per_Capita_''Other''_demand_GDP_s'!F7/10000 -> 2.818849e-06 | G7: ='Per_Capita_''Other''_demand_GDP_s'!G7/10000 -> 2.872445e-06 | H7: ='Per_Capita_''Other''_demand_GDP_s'!H7/10000 -> 2.991242e-06 | I7: ='Per_Capita_''Other''_demand_GDP_s'!I7/10000 -> 2.870899e-06 | ... AY7: ='Per_Capita_''Other''_demand_GDP_s'!AY7/10000 -> 0
A9: ='Per_Capita_''Other''_demand_GDP_s'!A9 -> EU27.Per_Capita_'Other'_demand_GDP_scenario | B9: ='Per_Capita_''Other''_demand_GDP_s'!B9/10000 -> 9.404274e-06 | C9: ='Per_Capita_''Other''_demand_GDP_s'!C9/10000 -> 1.099326e-05 | D9: ='Per_Capita_''Other''_demand_GDP_s'!D9/10000 -> 1.034366e-05 | E9: ='Per_Capita_''Other''_demand_GDP_s'!E9/10000 -> 1.149054e-05 | F9: ='Per_Capita_''Other''_demand_GDP_s'!F9/10000 -> 1.152731e-05 | G9: ='Per_Capita_''Other''_demand_GDP_s'!G9/10000 -> 1.145022e-05 | H9: ='Per_Capita_''Other''_demand_GDP_s'!H9/10000 -> 1.169147e-05 | I9: ='Per_Capita_''Other''_demand_GDP_s'!I9/10000 -> 1.184826e-05 | ... AY9: ='Per_Capita_''Other''_demand_GDP_s'!AY9/10000 -> 0
A11: ='Per_Capita_''Other''_demand_GDP_s'!A11 -> E_Asia.Per_Capita_'Other'_demand_GDP_scenario | B11: ='Per_Capita_''Other''_demand_GDP_s'!B11/10000 -> 1.94701e-06 | C11: ='Per_Capita_''Other''_demand_GDP_s'!C11/10000 -> 2.139669e-06 | D11: ='Per_Capita_''Other''_demand_GDP_s'!D11/10000 -> 1.94688e-06 | E11: ='Per_Capita_''Other''_demand_GDP_s'!E11/10000 -> 1.750563e-06 | F11: ='Per_Capita_''Other''_demand_GDP_s'!F11/10000 -> 1.903987e-06 | G11: ='Per_Capita_''Other''_demand_GDP_s'!G11/10000 -> 2.228972e-06 | H11: ='Per_Capita_''Other''_demand_GDP_s'!H11/10000 -> 2.456116e-06 | I11: ='Per_Capita_''Other''_demand_GDP_s'!I11/10000 -> 2.259396e-06 | ... AY11: ='Per_Capita_''Other''_demand_GDP_s'!AY11/10000 -> 0
A13: ='Per_Capita_''Other''_demand_GDP_s'!A13 -> INDIA.Per_Capita_'Other'_demand_GDP_scenario | B13: ='Per_Capita_''Other''_demand_GDP_s'!B13/10000 -> 1.407736e-07 | C13: ='Per_Capita_''Other''_demand_GDP_s'!C13/10000 -> 1.392128e-07 | D13: ='Per_Capita_''Other''_demand_GDP_s'!D13/10000 -> 1.313382e-07 | E13: ='Per_Capita_''Other''_demand_GDP_s'!E13/10000 -> 1.424054e-07 | F13: ='Per_Capita_''Other''_demand_GDP_s'!F13/10000 -> 1.342231e-07 | G13: ='Per_Capita_''Other''_demand_GDP_s'!G13/10000 -> 1.400916e-07 | H13: ='Per_Capita_''Other''_demand_GDP_s'!H13/10000 -> 1.44478e-07 | I13: ='Per_Capita_''Other''_demand_GDP_s'!I13/10000 -> 1.493524e-07 | ... AY13: ='Per_Capita_''Other''_demand_GDP_s'!AY13/10000 -> 0
A15: ='Per_Capita_''Other''_demand_GDP_s'!A15 -> JAPAN.Per_Capita_'Other'_demand_GDP_scenario | B15: ='Per_Capita_''Other''_demand_GDP_s'!B15/10000 -> 3.028177e-06 | C15: ='Per_Capita_''Other''_demand_GDP_s'!C15/10000 -> 3.066522e-06 | D15: ='Per_Capita_''Other''_demand_GDP_s'!D15/10000 -> 3.398347e-06 | E15: ='Per_Capita_''Other''_demand_GDP_s'!E15/10000 -> 3.666498e-06 | F15: ='Per_Capita_''Other''_demand_GDP_s'!F15/10000 -> 3.597071e-06 | G15: ='Per_Capita_''Other''_demand_GDP_s'!G15/10000 -> 3.768811e-06 | H15: ='Per_Capita_''Other''_demand_GDP_s'!H15/10000 -> 4.211889e-06 | I15: ='Per_Capita_''Other''_demand_GDP_s'!I15/10000 -> 4.165643e-06 | ... AY15: ='Per_Capita_''Other''_demand_GDP_s'!AY15/10000 -> 0
A17: ='Per_Capita_''Other''_demand_GDP_s'!A17 -> MEAS_Nafr.Per_Capita_'Other'_demand_GDP_scenario | B17: ='Per_Capita_''Other''_demand_GDP_s'!B17/10000 -> 1.855882e-06 | C17: ='Per_Capita_''Other''_demand_GDP_s'!C17/10000 -> 1.953453e-06 | D17: ='Per_Capita_''Other''_demand_GDP_s'!D17/10000 -> 1.756754e-06 | E17: ='Per_Capita_''Other''_demand_GDP_s'!E17/10000 -> 1.515126e-06 | F17: ='Per_Capita_''Other''_demand_GDP_s'!F17/10000 -> 1.863754e-06 | G17: ='Per_Capita_''Other''_demand_GDP_s'!G17/10000 -> 1.091388e-06 | H17: ='Per_Capita_''Other''_demand_GDP_s'!H17/10000 -> 9.426012e-07 | I17: ='Per_Capita_''Other''_demand_GDP_s'!I17/10000 -> 1.244804e-06 | ... AY17: ='Per_Capita_''Other''_demand_GDP_s'!AY17/10000 -> 0
A19: ='Per_Capita_''Other''_demand_GDP_s'!A19 -> Mala_Indo.Per_Capita_'Other'_demand_GDP_scenario | B19: ='Per_Capita_''Other''_demand_GDP_s'!B19/10000 -> 1.941916e-07 | C19: ='Per_Capita_''Other''_demand_GDP_s'!C19/10000 -> 1.955025e-07 | D19: ='Per_Capita_''Other''_demand_GDP_s'!D19/10000 -> 2.243146e-07 | E19: ='Per_Capita_''Other''_demand_GDP_s'!E19/10000 -> 1.957406e-07 | F19: ='Per_Capita_''Other''_demand_GDP_s'!F19/10000 -> 2.220656e-07 | G19: ='Per_Capita_''Other''_demand_GDP_s'!G19/10000 -> 2.280786e-07 | H19: ='Per_Capita_''Other''_demand_GDP_s'!H19/10000 -> 2.403846e-07 | I19: ='Per_Capita_''Other''_demand_GDP_s'!I19/10000 -> 2.396566e-07 | ... AY19: ='Per_Capita_''Other''_demand_GDP_s'!AY19/10000 -> 0
A21: ='Per_Capita_''Other''_demand_GDP_s'!A21 -> Oceania.Per_Capita_'Other'_demand_GDP_scenario | B21: ='Per_Capita_''Other''_demand_GDP_s'!B21/10000 -> 9.242508e-06 | C21: ='Per_Capita_''Other''_demand_GDP_s'!C21/10000 -> 9.521232e-06 | D21: ='Per_Capita_''Other''_demand_GDP_s'!D21/10000 -> 9.398695e-06 | E21: ='Per_Capita_''Other''_demand_GDP_s'!E21/10000 -> 9.808654e-06 | F21: ='Per_Capita_''Other''_demand_GDP_s'!F21/10000 -> 9.792568e-06 | G21: ='Per_Capita_''Other''_demand_GDP_s'!G21/10000 -> 9.669785e-06 | H21: ='Per_Capita_''Other''_demand_GDP_s'!H21/10000 -> 1.009273e-05 | I21: ='Per_Capita_''Other''_demand_GDP_s'!I21/10000 -> 1.036943e-05 | ... AY21: ='Per_Capita_''Other''_demand_GDP_s'!AY21/10000 -> 0
A23: ='Per_Capita_''Other''_demand_GDP_s'!A23 -> Oth_CEE_CIS.Per_Capita_'Other'_demand_GDP_scenario | B23: ='Per_Capita_''Other''_demand_GDP_s'!B23/10000 -> 1.799454e-06 | C23: ='Per_Capita_''Other''_demand_GDP_s'!C23/10000 -> 1.916818e-06 | D23: ='Per_Capita_''Other''_demand_GDP_s'!D23/10000 -> 2.102067e-06 | E23: ='Per_Capita_''Other''_demand_GDP_s'!E23/10000 -> 2.145617e-06 | F23: ='Per_Capita_''Other''_demand_GDP_s'!F23/10000 -> 2.006077e-06 | G23: ='Per_Capita_''Other''_demand_GDP_s'!G23/10000 -> 2.366173e-06 | H23: ='Per_Capita_''Other''_demand_GDP_s'!H23/10000 -> 2.280047e-06 | I23: ='Per_Capita_''Other''_demand_GDP_s'!I23/10000 -> 2.510587e-06 | ... AY23: ='Per_Capita_''Other''_demand_GDP_s'!AY23/10000 -> 0
... A37: ='Per_Capita_''Other''_demand_GDP_s'!A37 -> USA.Per_Capita_'Other'_demand_GDP_scenario | B37: ='Per_Capita_''Other''_demand_GDP_s'!B37/10000 -> 6.589567e-06 | C37: ='Per_Capita_''Other''_demand_GDP_s'!C37/10000 -> 6.646905e-06 | D37: ='Per_Capita_''Other''_demand_GDP_s'!D37/10000 -> 6.813195e-06 | E37: ='Per_Capita_''Other''_demand_GDP_s'!E37/10000 -> 7.046856e-06 | F37: ='Per_Capita_''Other''_demand_GDP_s'!F37/10000 -> 7.173118e-06 | G37: ='Per_Capita_''Other''_demand_GDP_s'!G37/10000 -> 7.347165e-06 | H37: ='Per_Capita_''Other''_demand_GDP_s'!H37/10000 -> 7.508038e-06 | I37: ='Per_Capita_''Other''_demand_GDP_s'!I37/10000 -> 7.798491e-06 | ... AY37: ='Per_Capita_''Other''_demand_GDP_s'!AY37/10000 -> 0
