Workbook

Sheet LUC-2012-08-10-Run1
B1: 1961 | C1: 1962 | D1: 1963 | E1: 1964 | F1: 1965 | G1: 1966 | H1: 1967 | I1: 1968 | J1: 1969 | K1: 1970 | L1: 1971 | M1: 1972 | N1: 1973 | O1: 1974 | P1: 1975 | Q1: 1976 | R1: 1977 | S1: 1978 | T1: 1979 | U1: 1980 | V1: 1981 | W1: 1982 | X1: 1983 | Y1: 1984 | Z1: 1985 | AA1: 1986 | AB1: 1987 | AC1: 1988 | AD1: 1989 | AE1: 1990 | AF1: 1991 | AG1: 1992 | AH1: 1993 | AI1: 1994 | AJ1: 1995 | AK1: 1996 | AL1: 1997 | AM1: 1998 | AN1: 1999 | AO1: 2000 | AP1: 2001 | AQ1: 2002 | AR1: 2003 | AS1: 2004 | AT1: 2005 | AU1: 2006 | AV1: 2007 | AW1: 2008 | AX1: 2009 | AY1: 2010 | AZ1: 2011 | BA1: 2012 | BB1: 2013 | BC1: 2014 | BD1: 2015 | BE1: 2016 | BF1: 2017 | BG1: 2018 | BH1: 2019 | BI1: 2020 | BJ1: 2021 | BK1: 2022 | BL1: 2023 | BM1: 2024 | BN1: 2025 | BO1: 2026 | BP1: 2027 | BQ1: 2028 | BR1: 2029 | BS1: 2030 | BT1: 2031 | BU1: 2032 | BV1: 2033 | BW1: 2034 | BX1: 2035 | BY1: 2036 | BZ1: 2037 | CA1: 2038 | CB1: 2039 | CC1: 2040 | CD1: 2041 | CE1: 2042 | CF1: 2043 | CG1: 2044 | CH1: 2045 | CI1: 2046 | CJ1: 2047 | CK1: 2048 | CL1: 2049 | CM1: 2050
A2: ROW.per_capita_animal_product_demand_scenario | B2: 0 | C2: 0 | D2: 0 | E2: 0 | F2: 0 | G2: 0 | H2: 0 | I2: 0 | J2: 0 | K2: 0 | L2: 0 | M2: 0 | N2: 0 | O2: 0 | P2: 0 | Q2: 0 | R2: 0 | S2: 0 | T2: 0 | U2: 0 | V2: 0 | W2: 0 | X2: 0 | Y2: 0 | Z2: 0 | AA2: 0 | AB2: 0 | AC2: 0 | AD2: 0 | AE2: 0 | AF2: 1.0508416e-05 | AG2: 1.0527619e-05 | AH2: 1.0524145e-05 | AI2: 1.0522463e-05 | AJ2: 1.0522681e-05 | AK2: 1.0524798e-05 | AL2: 1.0528849e-05 | AM2: 1.0535258e-05 | AN2: 1.0544408e-05 | AO2: 1.0556611e-05 | AP2: 1.0571845e-05 | AQ2: 1.058998e-05 | AR2: 1.0610719e-05 | AS2: 1.0633798e-05 | AT2: 1.0658935e-05 | AU2: 1.0686103e-05 | AV2: 1.0706788e-05 | AW2: 1.0728456e-05 | AX2: 1.0751066e-05 | AY2: 1.0774564e-05 | AZ2: 1.079896e-05 | BA2: 1.0824296e-05 | BB2: 1.0850593e-05 | BC2: 1.0877941e-05 | BD2: 1.0906366e-05 | BE2: 1.0935893e-05 | BF2: 1.0966503e-05 | BG2: 1.0998166e-05 | BH2: 1.1030891e-05 | BI2: 1.1064614e-05 | BJ2: 1.1099353e-05 | BK2: 1.1135071e-05 | BL2: 1.1171769e-05 | BM2: 1.1209436e-05 | BN2: 1.1248082e-05 | BO2: 1.1287651e-05 | BP2: 1.1328155e-05 | BQ2: 1.1369577e-05 | BR2: 1.141197e-05 | BS2: 1.1455315e-05 | BT2: 1.1499618e-05 | BU2: 1.1544883e-05 | BV2: 1.1591015e-05 | BW2: 1.1637937e-05 | BX2: 1.1685595e-05 | BY2: 1.1733977e-05 | BZ2: 1.1783073e-05 | CA2: 1.1832927e-05 | CB2: 1.1883595e-05 | CC2: 1.1935118e-05 | CD2: 1.1987489e-05 | CE2: 1.2040728e-05 | CF2: 1.2094807e-05 | CG2: 1.2149717e-05 | CH2: 1.2205477e-05 | CI2: 1.2262068e-05 | CJ2: 1.2319521e-05 | CK2: 1.2377868e-05 | CL2: 1.2437151e-05 | CM2: 1.2497423e-05
A3: … | B3: 0 | C3: 0 | D3: 0 | E3: 0 | F3: 0 | G3: 0 | H3: 0 | I3: 0 | J3: 0 | K3: 0 | L3: 0 | M3: 0 | N3: 0 | O3: 0 | P3: 0 | Q3: 0 | R3: 0 | S3: 0 | T3: 0 | U3: 0 | V3: 0 | W3: 0 | X3: 0 | Y3: 0 | Z3: 0 | AA3: 0 | AB3: 0 | AC3: 0 | AD3: 0 | AE3: 0 | AF3: 7.000043e-05 | AG3: 7.0630961e-05 | AH3: 7.1066274e-05 | AI3: 7.150778e-05 | AJ3: 7.1952945e-05 | AK3: 7.2400862e-05 | AL3: 7.2852846e-05 | AM3: 7.3313274e-05 | AN3: 7.3787111e-05 | AO3: 7.4277958e-05 | AP3: 7.4785862e-05 | AQ3: 7.5308758e-05 | AR3: 7.584261e-05 | AS3: 7.638308e-05 | AT3: 7.6926134e-05 | AU3: 7.747081e-05 | AV3: 7.7835708e-05 | AW3: 7.8201471e-05 | AX3: 7.8567369e-05 | AY3: 7.8932911e-05 | AZ3: 7.9297852e-05 | BA3: 7.9662258e-05 | BB3: 8.0026719e-05 | BC3: 8.0392479e-05 | BD3: 8.0760241e-05 | BE3: 8.1130207e-05 | BF3: 8.150222e-05 | BG3: 8.1876587e-05 | BH3: 8.2253774e-05 | BI3: 8.2633806e-05 | BJ3: 8.3016912e-05 | BK3: 8.3402934e-05 | BL3: 8.3791548e-05 | BM3: 8.4182323e-05 | BN3: 8.457512e-05 | BO3: 8.4969478e-05 | BP3: 8.5365604e-05 | BQ3: 8.5763088e-05 | BR3: 8.6162015e-05 | BS3: 8.6562047e-05 | BT3: 8.6909832e-05 | BU3: 8.7260258e-05 | BV3: 8.761298e-05 | BW3: 8.796821e-05 | BX3: 8.8325924e-05 | BY3: 8.8686259e-05 | BZ3: 8.9048882e-05 | CA3: 8.9414054e-05 | CB3: 8.9781752e-05 | CC3: 9.0152e-05 | CD3: 9.0524661e-05 | CE3: 9.0899781e-05 | CF3: 9.1277331e-05 | CG3: 9.1657233e-05 | CH3: 9.2039603e-05 | CI3: 9.2424321e-05 | CJ3: 9.2811363e-05 | CK3: 9.3200498e-05 | CL3: 9.359191e-05 | CM3: 9.3985309e-05
A4: ... | B4: 0 | C4: 0 | D4: 0 | E4: 0 | F4: 0 | G4: 0 | H4: 0 | I4: 0 | J4: 0 | K4: 0 | L4: 0 | M4: 0 | N4: 0 | O4: 0 | P4: 0 | Q4: 0 | R4: 0 | S4: 0 | T4: 0 | U4: 0 | V4: 0 | W4: 0 | X4: 0 | Y4: 0 | Z4: 0 | AA4: 0 | AB4: 0 | AC4: 0 | AD4: 0 | AE4: 0 | AF4: 1.3228987e-05 | AG4: 1.3351004e-05 | AH4: 1.3448211e-05 | AI4: 1.3548882e-05 | AJ4: 1.365327e-05 | AK4: 1.3761501e-05 | AL4: 1.3873701e-05 | AM4: 1.3990475e-05 | AN4: 1.4112379e-05 | AO4: 1.4239928e-05 | AP4: 1.4373259e-05 | AQ4: 1.4512397e-05 | AR4: 1.4657165e-05 | AS4: 1.4807427e-05 | AT4: 1.4962997e-05 | AU4: 1.512402e-05 | AV4: 1.5129679e-05 | AW4: 1.5136668e-05 | AX4: 1.5144948e-05 | AY4: 1.5154462e-05 | AZ4: 1.5165243e-05 | BA4: 1.5177363e-05 | BB4: 1.5190865e-05 | BC4: 1.5205886e-05 | BD4: 1.5222476e-05 | BE4: 1.524069e-05 | BF4: 1.5260525e-05 | BG4: 1.528197e-05 | BH4: 1.5305073e-05 | BI4: 1.532978e-05 | BJ4: 1.5356154e-05 | BK4: 1.5384179e-05 | BL4: 1.541389e-05 | BM4: 1.5445307e-05 | BN4: 1.5478483e-05 | BO4: 1.5513378e-05 | BP4: 1.5550048e-05 | BQ4: 1.55885e-05 | BR4: 1.562883e-05 | BS4: 1.5671044e-05 | BT4: 1.5715176e-05 | BU4: 1.5761274e-05 | BV4: 1.5809239e-05 | BW4: 1.5859003e-05 | BX4: 1.5910525e-05 | BY4: 1.5963826e-05 | BZ4: 1.6018932e-05 | CA4: 1.6075946e-05 | CB4: 1.6134996e-05 | CC4: 1.6196177e-05 | CD4: 1.6259531e-05 | CE4: 1.6325138e-05 | CF4: 1.6393003e-05 | CG4: 1.6463171e-05 | CH4: 1.6535713e-05 | CI4: 1.6610676e-05 | CJ4: 1.6688154e-05 | CK4: 1.6768272e-05 | CL4: 1.6851146e-05 | CM4: 1.6936941e-05
A5: ... | B5: 0 | C5: 0 | D5: 0 | E5: 0 | F5: 0 | G5: 0 | H5: 0 | I5: 0 | J5: 0 | K5: 0 | L5: 0 | M5: 0 | N5: 0 | O5: 0 | P5: 0 | Q5: 0 | R5: 0 | S5: 0 | T5: 0 | U5: 0 | V5: 0 | W5: 0 | X5: 0 | Y5: 0 | Z5: 0 | AA5: 0 | AB5: 0 | AC5: 0 | AD5: 0 | AE5: 0 | AF5: 7.0121002e-06 | AG5: 7.2210894e-06 | AH5: 7.4202146e-06 | AI5: 7.6288203e-06 | AJ5: 7.8474397e-06 | AK5: 8.0765895e-06 | AL5: 8.3168765e-06 | AM5: 8.5692634e-06 | AN5: 8.8347261e-06 | AO5: 9.1142143e-06 | AP5: 9.4084017e-06 | AQ5: 9.7178946e-06 | AR5: 1.0043174e-05 | AS5: 1.0384788e-05 | AT5: 1.0743309e-05 | AU5: 1.1119589e-05 | AV5: 1.1213797e-05 | AW5: 1.1310063e-05 | AX5: 1.1408395e-05 | AY5: 1.1508781e-05 | AZ5: 1.161128e-05 | BA5: 1.1715979e-05 | BB5: 1.1822948e-05 | BC5: 1.1932326e-05 | BD5: 1.2044192e-05 | BE5: 1.2158625e-05 | BF5: 1.2275664e-05 | BG5: 1.2395333e-05 | BH5: 1.2517707e-05 | BI5: 1.2642778e-05 | BJ5: 1.2770631e-05 | BK5: 1.2901294e-05 | BL5: 1.3034831e-05 | BM5: 1.31713e-05 | BN5: 1.3310783e-05 | BO5: 1.3453288e-05 | BP5: 1.3598903e-05 | BQ5: 1.374768e-05 | BR5: 1.3899751e-05 | BS5: 1.405517e-05 | BT5: 1.4214019e-05 | BU5: 1.4376384e-05 | BV5: 1.4542238e-05 | BW5: 1.4711574e-05 | BX5: 1.488441e-05 | BY5: 1.5060818e-05 | BZ5: 1.5240875e-05 | CA5: 1.5424723e-05 | CB5: 1.5612527e-05 | CC5: 1.5804431e-05 | CD5: 1.6000528e-05 | CE5: 1.6200948e-05 | CF5: 1.6405763e-05 | CG5: 1.6615072e-05 | CH5: 1.6829008e-05 | CI5: 1.704767e-05 | CJ5: 1.7271214e-05 | CK5: 1.749981e-05 | CL5: 1.7733636e-05 | CM5: 1.7972898e-05
A7: ROW.per_capita_commodity_crop_demand_scenario | B7: 0 | C7: 0 | D7: 0 | E7: 0 | F7: 0 | G7: 0 | H7: 0 | I7: 0 | J7: 0 | K7: 0 | L7: 0 | M7: 0 | N7: 0 | O7: 0 | P7: 0 | Q7: 0 | R7: 0 | S7: 0 | T7: 0 | U7: 0 | V7: 0 | W7: 0 | X7: 0 | Y7: 0 | Z7: 0 | AA7: 0 | AB7: 0 | AC7: 0 | AD7: 0 | AE7: 0 | AF7: 3.6843337e-05 | AG7: 3.6790336e-05 | AH7: 3.6735361e-05 | AI7: 3.6679542e-05 | AJ7: 3.6623172e-05 | AK7: 3.6566333e-05 | AL7: 3.6509049e-05 | AM7: 3.6451466e-05 | AN7: 3.6393772e-05 | AO7: 3.6336058e-05 | AP7: 3.6278481e-05 | AQ7: 3.6221086e-05 | AR7: 3.6163908e-05 | AS7: 3.6106967e-05 | AT7: 3.6050252e-05 | AU7: 3.5993816e-05 | AV7: 3.6240761e-05 | AW7: 3.6488319e-05 | AX7: 3.6736402e-05 | AY7: 3.6984942e-05 | AZ7: 3.7233916e-05 | BA7: 3.7483341e-05 | BB7: 3.7733265e-05 | BC7: 3.7983772e-05 | BD7: 3.8234915e-05 | BE7: 3.8486709e-05 | BF7: 3.8739113e-05 | BG7: 3.8992096e-05 | BH7: 3.9245624e-05 | BI7: 3.9499679e-05 | BJ7: 3.975424e-05 | BK7: 4.0009324e-05 | BL7: 4.0264903e-05 | BM7: 4.052098e-05 | BN7: 4.0777533e-05 | BO7: 4.103456e-05 | BP7: 4.1292071e-05 | BQ7: 4.1550085e-05 | BR7: 4.1808652e-05 | BS7: 4.2067778e-05 | BT7: 4.2057327e-05 | BU7: 4.204757e-05 | BV7: 4.2038516e-05 | BW7: 4.2030165e-05 | BX7: 4.2022518e-05 | BY7: 4.2015579e-05 | BZ7: 4.200935e-05 | CA7: 4.2003839e-05 | CB7: 4.1999036e-05 | CC7: 4.1994954e-05 | CD7: 4.1991584e-05 | CE7: 4.1988923e-05 | CF7: 4.1986974e-05 | CG7: 4.1985725e-05 | CH7: 4.1985181e-05 | CI7: 4.1985334e-05 | CJ7: 4.198618e-05 | CK7: 4.1987716e-05 | CL7: 4.1989957e-05 | CM7: 4.1992888e-05
A8: … | B8: 0 | C8: 0 | D8: 0 | E8: 0 | F8: 0 | G8: 0 | H8: 0 | I8: 0 | J8: 0 | K8: 0 | L8: 0 | M8: 0 | N8: 0 | O8: 0 | P8: 0 | Q8: 0 | R8: 0 | S8: 0 | T8: 0 | U8: 0 | V8: 0 | W8: 0 | X8: 0 | Y8: 0 | Z8: 0 | AA8: 0 | AB8: 0 | AC8: 0 | AD8: 0 | AE8: 0 | AF8: 5.2769166e-05 | AG8: 5.2693256e-05 | AH8: 5.2614517e-05 | AI8: 5.253457e-05 | AJ8: 5.2453834e-05 | AK8: 5.2372426e-05 | AL8: 5.229038e-05 | AM8: 5.2207906e-05 | AN8: 5.2125274e-05 | AO8: 5.2042613e-05 | AP8: 5.1960147e-05 | AQ8: 5.1877943e-05 | AR8: 5.1796049e-05 | AS8: 5.1714495e-05 | AT8: 5.1633265e-05 | AU8: 5.1552433e-05 | AV8: 5.1426673e-05 | AW8: 5.130194e-05 | AX8: 5.1178111e-05 | AY8: 5.1055095e-05 | AZ8: 5.0932864e-05 | BA8: 5.0811445e-05 | BB8: 5.069091e-05 | BC8: 5.0571373e-05 | BD8: 5.0452905e-05 | BE8: 5.0335522e-05 | BF8: 5.0219168e-05 | BG8: 5.0103801e-05 | BH8: 4.9989378e-05 | BI8: 4.9875874e-05 | BJ8: 4.9763265e-05 | BK8: 4.9651571e-05 | BL8: 4.9540761e-05 | BM8: 4.9430839e-05 | BN8: 4.9321783e-05 | BO8: 4.9213588e-05 | BP8: 4.9106274e-05 | BQ8: 4.8999864e-05 | BR8: 4.8894421e-05 | BS8: 4.8789948e-05 | BT8: 4.8777827e-05 | BU8: 4.8766511e-05 | BV8: 4.8756011e-05 | BW8: 4.8746326e-05 | BX8: 4.8737456e-05 | BY8: 4.8729408e-05 | BZ8: 4.8722184e-05 | CA8: 4.8715793e-05 | CB8: 4.8710222e-05 | CC8: 4.8705488e-05 | CD8: 4.8701579e-05 | CE8: 4.8698493e-05 | CF8: 4.8696233e-05 | CG8: 4.8694784e-05 | CH8: 4.8694153e-05 | CI8: 4.8694331e-05 | CJ8: 4.8695312e-05 | CK8: 4.8697093e-05 | CL8: 4.8699693e-05 | CM8: 4.8703092e-05
A9: … | B9: 0 | C9: 0 | D9: 0 | E9: 0 | F9: 0 | G9: 0 | H9: 0 | I9: 0 | J9: 0 | K9: 0 | L9: 0 | M9: 0 | N9: 0 | O9: 0 | P9: 0 | Q9: 0 | R9: 0 | S9: 0 | T9: 0 | U9: 0 | V9: 0 | W9: 0 | X9: 0 | Y9: 0 | Z9: 0 | AA9: 0 | AB9: 0 | AC9: 0 | AD9: 0 | AE9: 0 | AF9: 3.7556434e-05 | AG9: 3.7502407e-05 | AH9: 3.7446368e-05 | AI9: 3.7389469e-05 | AJ9: 3.7332008e-05 | AK9: 3.7274069e-05 | AL9: 3.7215676e-05 | AM9: 3.7156978e-05 | AN9: 3.7098168e-05 | AO9: 3.7039337e-05 | AP9: 3.6980645e-05 | AQ9: 3.6922139e-05 | AR9: 3.6863855e-05 | AS9: 3.6805812e-05 | AT9: 3.6747999e-05 | AU9: 3.669047e-05 | AV9: 3.6554387e-05 | AW9: 3.641905e-05 | AX9: 3.628437e-05 | AY9: 3.6150285e-05 | AZ9: 3.6016773e-05 | BA9: 3.5883857e-05 | BB9: 3.5751585e-05 | BC9: 3.562004e-05 | BD9: 3.5489271e-05 | BE9: 3.5359289e-05 | BF9: 3.5230055e-05 | BG9: 3.5101538e-05 | BH9: 3.4973709e-05 | BI9: 3.484655e-05 | BJ9: 3.4720044e-05 | BK9: 3.4594207e-05 | BL9: 3.4469014e-05 | BM9: 3.4344472e-05 | BN9: 3.4220562e-05 | BO9: 3.4097284e-05 | BP9: 3.3974651e-05 | BQ9: 3.385268e-05 | BR9: 3.3731412e-05 | BS9: 3.3610853e-05 | BT9: 3.3602503e-05 | BU9: 3.3594708e-05 | BV9: 3.3587474e-05 | BW9: 3.3580802e-05 | BX9: 3.3574692e-05 | BY9: 3.3569148e-05 | BZ9: 3.3564171e-05 | CA9: 3.3559769e-05 | CB9: 3.3555931e-05 | CC9: 3.355267e-05 | CD9: 3.3549977e-05 | CE9: 3.3547851e-05 | CF9: 3.3546294e-05 | CG9: 3.3545296e-05 | CH9: 3.3544861e-05 | CI9: 3.3544983e-05 | CJ9: 3.3545659e-05 | CK9: 3.3546886e-05 | CL9: 3.3548677e-05 | CM9: 3.3551019e-05
A10: … | B10: 0 | C10: 0 | D10: 0 | E10: 0 | F10: 0 | G10: 0 | H10: 0 | I10: 0 | J10: 0 | K10: 0 | L10: 0 | M10: 0 | N10: 0 | O10: 0 | P10: 0 | Q10: 0 | R10: 0 | S10: 0 | T10: 0 | U10: 0 | V10: 0 | W10: 0 | X10: 0 | Y10: 0 | Z10: 0 | AA10: 0 | AB10: 0 | AC10: 0 | AD10: 0 | AE10: 0 | AF10: 3.2802455e-05 | AG10: 3.2755267e-05 | AH10: 3.2706321e-05 | AI10: 3.2656625e-05 | AJ10: 3.2606437e-05 | AK10: 3.2555832e-05 | AL10: 3.2504831e-05 | AM10: 3.2453563e-05 | AN10: 3.2402197e-05 | AO10: 3.2350813e-05 | AP10: 3.2299551e-05 | AQ10: 3.2248451e-05 | AR10: 3.2197544e-05 | AS10: 3.2146848e-05 | AT10: 3.2096354e-05 | AU10: 3.2046107e-05 | AV10: 3.2141497e-05 | AW10: 3.2237472e-05 | AX10: 3.2333953e-05 | AY10: 3.2430883e-05 | AZ10: 3.2528241e-05 | BA10: 3.2626044e-05 | BB10: 3.2724335e-05 | BC10: 3.2823187e-05 | BD10: 3.2922647e-05 | BE10: 3.3022726e-05 | BF10: 3.3123389e-05 | BG10: 3.3224607e-05 | BH10: 3.3326354e-05 | BI10: 3.3428612e-05 | BJ10: 3.3531365e-05 | BK10: 3.3634627e-05 | BL10: 3.3738375e-05 | BM10: 3.3842612e-05 | BN10: 3.394732e-05 | BO10: 3.4052497e-05 | BP10: 3.4158155e-05 | BQ10: 3.4264307e-05 | BR10: 3.4370998e-05 | BS10: 3.447823e-05 | BT10: 3.4469665e-05 | BU10: 3.4461668e-05 | BV10: 3.4454248e-05 | BW10: 3.4447403e-05 | BX10: 3.4441136e-05 | BY10: 3.4435448e-05 | BZ10: 3.4430343e-05 | CA10: 3.4425827e-05 | CB10: 3.442189e-05 | CC10: 3.4418545e-05 | CD10: 3.4415782e-05 | CE10: 3.4413602e-05 | CF10: 3.4412005e-05 | CG10: 3.4410981e-05 | CH10: 3.4410535e-05 | CI10: 3.441066e-05 | CJ10: 3.4411354e-05 | CK10: 3.4412612e-05 | CL10: 3.441445e-05 | CM10: 3.4416852e-05
A11: … | B11: 0 | C11: 0 | D11: 0 | E11: 0 | F11: 0 | G11: 0 | H11: 0 | I11: 0 | J11: 0 | K11: 0 | L11: 0 | M11: 0 | N11: 0 | O11: 0 | P11: 0 | Q11: 0 | R11: 0 | S11: 0 | T11: 0 | U11: 0 | V11: 0 | W11: 0 | X11: 0 | Y11: 0 | Z11: 0 | AA11: 0 | AB11: 0 | AC11: 0 | AD11: 0 | AE11: 0 | AF11: 9.8542367e-06 | AG11: 9.9823314e-06 | AH11: 1.0100377e-05 | AI11: 1.0217954e-05 | AJ11: 1.0335036e-05 | AK11: 1.045161e-05 | AL11: 1.0567721e-05 | AM11: 1.0683585e-05 | AN11: 1.0799445e-05 | AO11: 1.0915504e-05 | AP11: 1.1031807e-05 | AQ11: 1.114831e-05 | AR11: 1.126487e-05 | AS11: 1.1381328e-05 | AT11: 1.1497512e-05 | AU11: 1.1613397e-05 | AV11: 1.1713799e-05 | AW11: 1.181447e-05 | AX11: 1.1915346e-05 | AY11: 1.2016381e-05 | AZ11: 1.2117558e-05 | BA11: 1.2218891e-05 | BB11: 1.2320406e-05 | BC11: 1.2422163e-05 | BD11: 1.2524187e-05 | BE11: 1.2626484e-05 | BF11: 1.2729031e-05 | BG11: 1.2831825e-05 | BH11: 1.2934868e-05 | BI11: 1.3038142e-05 | BJ11: 1.3141646e-05 | BK11: 1.3245362e-05 | BL11: 1.3349273e-05 | BM11: 1.3453362e-05 | BN11: 1.3557618e-05 | BO11: 1.3662013e-05 | BP11: 1.3766548e-05 | BQ11: 1.3871201e-05 | BR11: 1.3975979e-05 | BS11: 1.4080865e-05 | BT11: 1.4176706e-05 | BU11: 1.4272898e-05 | BV11: 1.4369405e-05 | BW11: 1.4466221e-05 | BX11: 1.4563333e-05 | BY11: 1.4660743e-05 | BZ11: 1.475844e-05 | CA11: 1.4856433e-05 | CB11: 1.4954724e-05 | CC11: 1.5053311e-05 | CD11: 1.5152187e-05 | CE11: 1.5251348e-05 | CF11: 1.5350789e-05 | CG11: 1.5450503e-05 | CH11: 1.5550494e-05 | CI11: 1.5650749e-05 | CJ11: 1.5751267e-05 | CK11: 1.5852033e-05 | CL11: 1.5953047e-05 | CM11: 1.605429e-05
A12: … | B12: 0 | C12: 0 | D12: 0 | E12: 0 | F12: 0 | G12: 0 | H12: 0 | I12: 0 | J12: 0 | K12: 0 | L12: 0 | M12: 0 | N12: 0 | O12: 0 | P12: 0 | Q12: 0 | R12: 0 | S12: 0 | T12: 0 | U12: 0 | V12: 0 | W12: 0 | X12: 0 | Y12: 0 | Z12: 0 | AA12: 0 | AB12: 0 | AC12: 0 | AD12: 0 | AE12: 0 | AF12: 2.1546611e-05 | AG12: 2.1548776e-05 | AH12: 2.1529814e-05 | AI12: 2.1511796e-05 | AJ12: 2.1494295e-05 | AK12: 2.1477259e-05 | AL12: 2.1460781e-05 | AM12: 2.1445238e-05 | AN12: 2.1430974e-05 | AO12: 2.1418246e-05 | AP12: 2.1406989e-05 | AQ12: 2.1396971e-05 | AR12: 2.1387819e-05 | AS12: 2.1379161e-05 | AT12: 2.1370586e-05 | AU12: 2.136208e-05 | AV12: 2.143122e-05 | AW12: 2.1500622e-05 | AX12: 2.1570179e-05 | AY12: 2.1639822e-05 | AZ12: 2.1709568e-05 | BA12: 2.1779463e-05 | BB12: 2.1849627e-05 | BC12: 2.1920278e-05 | BD12: 2.1991551e-05 | BE12: 2.2063476e-05 | BF12: 2.2136023e-05 | BG12: 2.2209233e-05 | BH12: 2.2283197e-05 | BI12: 2.2357891e-05 | BJ12: 2.2433347e-05 | BK12: 2.2509532e-05 | BL12: 2.258636e-05 | BM12: 2.266374e-05 | BN12: 2.2741629e-05 | BO12: 2.2819946e-05 | BP12: 2.2898701e-05 | BQ12: 2.2977839e-05 | BR12: 2.3057374e-05 | BS12: 2.3137229e-05 | BT12: 2.3220885e-05 | BU12: 2.3304857e-05 | BV12: 2.3389124e-05 | BW12: 2.3473653e-05 | BX12: 2.3558451e-05 | BY12: 2.3643525e-05 | BZ12: 2.372884e-05 | CA12: 2.3814449e-05 | CB12: 2.3900369e-05 | CC12: 2.3986619e-05 | CD12: 2.4073167e-05 | CE12: 2.4160049e-05 | CF12: 2.4247234e-05 | CG12: 2.433471e-05 | CH12: 2.4422475e-05 | CI12: 2.4510534e-05 | CJ12: 2.4598869e-05 | CK12: 2.4687475e-05 | CL12: 2.477636e-05 | CM12: 2.4865496e-05
A14: ROW.Per_capita_VFN_demand_Scenario | B14: 0 | C14: 0 | D14: 0 | E14: 0 | F14: 0 | G14: 0 | H14: 0 | I14: 0 | J14: 0 | K14: 0 | L14: 0 | M14: 0 | N14: 0 | O14: 0 | P14: 0 | Q14: 0 | R14: 0 | S14: 0 | T14: 0 | U14: 0 | V14: 0 | W14: 0 | X14: 0 | Y14: 0 | Z14: 0 | AA14: 0 | AB14: 0 | AC14: 0 | AD14: 0 | AE14: 0 | AF14: 7.2579401e-05 | AG14: 7.271075e-05 | AH14: 7.2835631e-05 | AI14: 7.2966845e-05 | AJ14: 7.310436e-05 | AK14: 7.3248247e-05 | AL14: 7.3398755e-05 | AM14: 7.3555626e-05 | AN14: 7.371863e-05 | AO14: 7.388793e-05 | AP14: 7.4063048e-05 | AQ14: 7.4244147e-05 | AR14: 7.4431632e-05 | AS14: 7.4625872e-05 | AT14: 7.4827372e-05 | AU14: 7.5036048e-05 | AV14: 7.519613e-05 | AW14: 7.5362227e-05 | AX14: 7.5533423e-05 | AY14: 7.5709183e-05 | AZ14: 7.5889042e-05 | BA14: 7.6072967e-05 | BB14: 7.626069e-05 | BC14: 7.6451712e-05 | BD14: 7.6645709e-05 | BE14: 7.6842654e-05 | BF14: 7.7042342e-05 | BG14: 7.7245071e-05 | BH14: 7.7450697e-05 | BI14: 7.7659336e-05 | BJ14: 7.7871119e-05 | BK14: 7.8085963e-05 | BL14: 7.8304194e-05 | BM14: 7.85262e-05 | BN14: 7.8752113e-05 | BO14: 7.898214e-05 | BP14: 7.9215968e-05 | BQ14: 7.9453663e-05 | BR14: 7.9694686e-05 | BS14: 8.093914e-05 | BT14: 8.1144581e-05 | BU14: 8.1352255e-05 | BV14: 8.156159e-05 | BW14: 8.1772239e-05 | BX14: 8.1983733e-05 | BY14: 8.2195785e-05 | BZ14: 8.240854e-05 | CA14: 8.262177e-05 | CB14: 8.2835636e-05 | CC14: 8.3049975e-05 | CD14: 8.3264965e-05 | CE14: 8.3480476e-05 | CF14: 8.3696427e-05 | CG14: 8.3912862e-05 | CH14: 8.4129688e-05 | CI14: 8.434705e-05 | CJ14: 8.4565e-05 | CK14: 8.4783853e-05 | CL14: 8.5003601e-05 | CM14: 8.5224739e-05
A16: USA.per_capita_animal_product_demand_scenario | B16: 0 | C16: 0 | D16: 0 | E16: 0 | F16: 0 | G16: 0 | H16: 0 | I16: 0 | J16: 0 | K16: 0 | L16: 0 | M16: 0 | N16: 0 | O16: 0 | P16: 0 | Q16: 0 | R16: 0 | S16: 0 | T16: 0 | U16: 0 | V16: 0 | W16: 0 | X16: 0 | Y16: 0 | Z16: 0 | AA16: 0 | AB16: 0 | AC16: 0 | AD16: 0 | AE16: 0 | AF16: 2.6047124e-05 | AG16: 2.5931821e-05 | AH16: 2.5817027e-05 | AI16: 2.5702742e-05 | AJ16: 2.5588963e-05 | AK16: 2.5475688e-05 | AL16: 2.5362914e-05 | AM16: 2.5250639e-05 | AN16: 2.5138861e-05 | AO16: 2.5027578e-05 | AP16: 2.4916788e-05 | AQ16: 2.4806488e-05 | AR16: 2.4696676e-05 | AS16: 2.458735e-05 | AT16: 2.4478509e-05 | AU16: 2.4370149e-05 | AV16: 2.4378852e-05 | AW16: 2.4387559e-05 | AX16: 2.4396268e-05 | AY16: 2.4404981e-05 | AZ16: 2.4413697e-05 | BA16: 2.4422416e-05 | BB16: 2.4431138e-05 | BC16: 2.4439863e-05 | BD16: 2.4448591e-05 | BE16: 2.4457323e-05 | BF16: 2.4466057e-05 | BG16: 2.4474795e-05 | BH16: 2.4483535e-05 | BI16: 2.4492279e-05 | BJ16: 2.4501026e-05 | BK16: 2.4509776e-05 | BL16: 2.451853e-05 | BM16: 2.4527286e-05 | BN16: 2.4536045e-05 | BO16: 2.4544808e-05 | BP16: 2.4553574e-05 | BQ16: 2.4562343e-05 | BR16: 2.4571115e-05 | BS16: 2.457989e-05 | BT16: 2.4588668e-05 | BU16: 2.4597449e-05 | BV16: 2.4606234e-05 | BW16: 2.4615022e-05 | BX16: 2.4623812e-05 | BY16: 2.4632606e-05 | BZ16: 2.4641404e-05 | CA16: 2.4650204e-05 | CB16: 2.4659007e-05 | CC16: 2.4667814e-05 | CD16: 2.4676623e-05 | CE16: 2.4685436e-05 | CF16: 2.4694252e-05 | CG16: 2.4703071e-05 | CH16: 2.4711893e-05 | CI16: 2.4720719e-05 | CJ16: 2.4729547e-05 | CK16: 2.4738379e-05 | CL16: 2.4747214e-05 | CM16: 2.4756052e-05
... A50: USA.Potential VFN yield | B50: 0 | C50: 0 | D50: 0 | E50: 0 | F50: 0 | G50: 0 | H50: 0 | I50: 0 | J50: 0 | K50: 0 | L50: 0 | M50: 0 | N50: 0 | O50: 0 | P50: 0 | Q50: 0 | R50: 0 | S50: 0 | T50: 0 | U50: 0 | V50: 0 | W50: 0 | X50: 0 | Y50: 0 | Z50: 0 | AA50: 0 | AB50: 0 | AC50: 0 | AD50: 0 | AE50: 0 | AF50: 0.00086618671 | AG50: 0.00087332066 | AH50: 0.0008804546 | AI50: 0.00088758854 | AJ50: 0.00089472249 | AK50: 0.00090185643 | AL50: 0.00090899038 | AM50: 0.00091612432 | AN50: 0.00092325827 | AO50: 0.00093039221 | AP50: 0.00093752615 | AQ50: 0.0009446601 | AR50: 0.00095179404 | AS50: 0.00095892799 | AT50: 0.00096606193 | AU50: 0.00097319588 | AV50: 0.00099072165 | AW50: 0.0010082474 | AX50: 0.0010257732 | AY50: 0.001043299 | AZ50: 0.0010608247 | BA50: 0.0010783505 | BB50: 0.0010958763 | BC50: 0.0011134021 | BD50: 0.0011309278 | BE50: 0.0011484536 | BF50: 0.0011659794 | BG50: 0.0011835052 | BH50: 0.0012010309 | BI50: 0.0012185567 | BJ50: 0.0012360825 | BK50: 0.0012536082 | BL50: 0.001271134 | BM50: 0.0012886598 | BN50: 0.0013061856 | BO50: 0.0013237113 | BP50: 0.0013412371 | BQ50: 0.0013587629 | BR50: 0.0013762887 | BS50: 0.0013938144 | BT50: 0.0014113402 | BU50: 0.001428866 | BV50: 0.0014463918 | BW50: 0.0014639175 | BX50: 0.0014814433 | BY50: 0.0014989691 | BZ50: 0.0015164948 | CA50: 0.0015340206 | CB50: 0.0015515464 | CC50: 0.0015690722 | CD50: 0.0015865979 | CE50: 0.0016041237 | CF50: 0.0016216495 | CG50: 0.0016391753 | CH50: 0.001656701 | CI50: 0.0016742268 | CJ50: 0.0016917526 | CK50: 0.0017092784 | CL50: 0.0017268041 | CM50: 0.0017443299
A52: USA.Crop Land Alloc to Cellulosic Energy Crop | B52: ='WAO Scenario Ag'!B23 -> 0 | C52: ='WAO Scenario Ag'!C23 -> 0 | D52: ='WAO Scenario Ag'!D23 -> 0 | E52: ='WAO Scenario Ag'!E23 -> 0 | F52: ='WAO Scenario Ag'!F23 -> 0 | G52: ='WAO Scenario Ag'!G23 -> 0 | H52: ='WAO Scenario Ag'!H23 -> 0 | I52: ='WAO Scenario Ag'!I23 -> 0 | ... CM52: ='WAO Scenario Ag'!CM23 -> 22021019
A54: ROW.Crop Land Alloc to Cellulosic Energy Crop | B54: ='WAO Scenario Ag'!B24 -> 0 | C54: ='WAO Scenario Ag'!C24 -> 0 | D54: ='WAO Scenario Ag'!D24 -> 0 | E54: ='WAO Scenario Ag'!E24 -> 0 | F54: ='WAO Scenario Ag'!F24 -> 0 | G54: ='WAO Scenario Ag'!G24 -> 0 | H54: ='WAO Scenario Ag'!H24 -> 0 | I54: ='WAO Scenario Ag'!I24 -> 0 | ... CM54: ='WAO Scenario Ag'!CM24 -> 61165926

Sheet LUC-2012-08-10-Run2
B1: 1961 | C1: 1962 | D1: 1963 | E1: 1964 | F1: 1965 | G1: 1966 | H1: 1967 | I1: 1968 | J1: 1969 | K1: 1970 | L1: 1971 | M1: 1972 | N1: 1973 | O1: 1974 | P1: 1975 | Q1: 1976 | R1: 1977 | S1: 1978 | T1: 1979 | U1: 1980 | V1: 1981 | W1: 1982 | X1: 1983 | Y1: 1984 | Z1: 1985 | AA1: 1986 | AB1: 1987 | AC1: 1988 | AD1: 1989 | AE1: 1990 | AF1: 1991 | AG1: 1992 | AH1: 1993 | AI1: 1994 | AJ1: 1995 | AK1: 1996 | AL1: 1997 | AM1: 1998 | AN1: 1999 | AO1: 2000 | AP1: 2001 | AQ1: 2002 | AR1: 2003 | AS1: 2004 | AT1: 2005 | AU1: 2006 | AV1: 2007 | AW1: 2008 | AX1: 2009 | AY1: 2010 | AZ1: 2011 | BA1: 2012 | BB1: 2013 | BC1: 2014 | BD1: 2015 | BE1: 2016 | BF1: 2017 | BG1: 2018 | BH1: 2019 | BI1: 2020 | BJ1: 2021 | BK1: 2022 | BL1: 2023 | BM1: 2024 | BN1: 2025 | BO1: 2026 | BP1: 2027 | BQ1: 2028 | BR1: 2029 | BS1: 2030 | BT1: 2031 | BU1: 2032 | BV1: 2033 | BW1: 2034 | BX1: 2035 | BY1: 2036 | BZ1: 2037 | CA1: 2038 | CB1: 2039 | CC1: 2040 | CD1: 2041 | CE1: 2042 | CF1: 2043 | CG1: 2044 | CH1: 2045 | CI1: 2046 | CJ1: 2047 | CK1: 2048 | CL1: 2049 | CM1: 2050
A2: ROW.per_capita_animal_product_demand_scenario | B2: 0 | C2: 0 | D2: 0 | E2: 0 | F2: 0 | G2: 0 | H2: 0 | I2: 0 | J2: 0 | K2: 0 | L2: 0 | M2: 0 | N2: 0 | O2: 0 | P2: 0 | Q2: 0 | R2: 0 | S2: 0 | T2: 0 | U2: 0 | V2: 0 | W2: 0 | X2: 0 | Y2: 0 | Z2: 0 | AA2: 0 | AB2: 0 | AC2: 0 | AD2: 0 | AE2: 0 | AF2: 1.0508416e-05 | AG2: 1.0527619e-05 | AH2: 1.0524145e-05 | AI2: 1.0522463e-05 | AJ2: 1.0522681e-05 | AK2: 1.0524798e-05 | AL2: 1.0528849e-05 | AM2: 1.0535258e-05 | AN2: 1.0544408e-05 | AO2: 1.0556611e-05 | AP2: 1.0571845e-05 | AQ2: 1.058998e-05 | AR2: 1.0610719e-05 | AS2: 1.0633798e-05 | AT2: 1.0658935e-05 | AU2: 1.0847333e-05 | AV2: 1.0964836e-05 | AW2: 1.1083992e-05 | AX2: 1.120477e-05 | AY2: 1.1327126e-05 | AZ2: 1.1451083e-05 | BA2: 1.1576694e-05 | BB2: 1.170399e-05 | BC2: 1.1833063e-05 | BD2: 1.1963939e-05 | BE2: 1.2096649e-05 | BF2: 1.2231179e-05 | BG2: 1.2367491e-05 | BH2: 1.2505587e-05 | BI2: 1.2645391e-05 | BJ2: 1.2786913e-05 | BK2: 1.2930112e-05 | BL2: 1.3074987e-05 | BM2: 1.3221532e-05 | BN2: 1.3369756e-05 | BO2: 1.35196e-05 | BP2: 1.3671072e-05 | BQ2: 1.3824161e-05 | BR2: 1.3978933e-05 | BS2: 1.4135376e-05 | BT2: 1.429351e-05 | BU2: 1.4453327e-05 | BV2: 1.4614729e-05 | BW2: 1.4777609e-05 | BX2: 1.49419e-05 | BY2: 1.5107582e-05 | BZ2: 1.5274651e-05 | CA2: 1.5443153e-05 | CB2: 1.5613158e-05 | CC2: 1.5784721e-05 | CD2: 1.5957834e-05 | CE2: 1.6132525e-05 | CF2: 1.6308757e-05 | CG2: 1.6486516e-05 | CH2: 1.6665823e-05 | CI2: 1.6846654e-05 | CJ2: 1.7029046e-05 | CK2: 1.7213054e-05 | CL2: 1.7398717e-05 | CM2: 1.7586115e-05
A3: … | B3: 0 | C3: 0 | D3: 0 | E3: 0 | F3: 0 | G3: 0 | H3: 0 | I3: 0 | J3: 0 | K3: 0 | L3: 0 | M3: 0 | N3: 0 | O3: 0 | P3: 0 | Q3: 0 | R3: 0 | S3: 0 | T3: 0 | U3: 0 | V3: 0 | W3: 0 | X3: 0 | Y3: 0 | Z3: 0 | AA3: 0 | AB3: 0 | AC3: 0 | AD3: 0 | AE3: 0 | AF3: 7.000043e-05 | AG3: 7.0630961e-05 | AH3: 7.1066274e-05 | AI3: 7.150778e-05 | AJ3: 7.1952945e-05 | AK3: 7.2400862e-05 | AL3: 7.2852846e-05 | AM3: 7.3313274e-05 | AN3: 7.3787111e-05 | AO3: 7.4277958e-05 | AP3: 7.4785862e-05 | AQ3: 7.5308758e-05 | AR3: 7.584261e-05 | AS3: 7.638308e-05 | AT3: 7.6926134e-05 | AU3: 7.8564814e-05 | AV3: 7.9759633e-05 | AW3: 8.0954262e-05 | AX3: 8.2147892e-05 | AY3: 8.3339977e-05 | AZ3: 8.4530221e-05 | BA3: 8.5718612e-05 | BB3: 8.690567e-05 | BC3: 8.8092573e-05 | BD3: 8.9279967e-05 | BE3: 9.0467983e-05 | BF3: 9.1656452e-05 | BG3: 9.2845627e-05 | BH3: 9.4035979e-05 | BI3: 9.5227511e-05 | BJ3: 9.6420416e-05 | BK3: 9.7614504e-05 | BL3: 9.8809372e-05 | BM3: 0.00010000446 | BN3: 0.00010119957 | BO3: 0.00010239415 | BP3: 0.00010358838 | BQ3: 0.00010478176 | BR3: 0.00010597432 | BS3: 0.00010716565 | BT3: 0.00010822525 | BU3: 0.00010928723 | BV3: 0.00011035132 | BW3: 0.00011141784 | BX3: 0.00011248686 | BY3: 0.00011355858 | BZ3: 0.00011463261 | CA3: 0.0001157092 | CB3: 0.00011678824 | CC3: 0.0001178697 | CD3: 0.00011895337 | CE3: 0.00012003931 | CF3: 0.00012112748 | CG3: 0.00012221779 | CH3: 0.00012331033 | CI3: 0.00012440495 | CJ3: 0.00012550153 | CK3: 0.00012659968 | CL3: 0.00012769947 | CM3: 0.00012880035
A4: ... | B4: 0 | C4: 0 | D4: 0 | E4: 0 | F4: 0 | G4: 0 | H4: 0 | I4: 0 | J4: 0 | K4: 0 | L4: 0 | M4: 0 | N4: 0 | O4: 0 | P4: 0 | Q4: 0 | R4: 0 | S4: 0 | T4: 0 | U4: 0 | V4: 0 | W4: 0 | X4: 0 | Y4: 0 | Z4: 0 | AA4: 0 | AB4: 0 | AC4: 0 | AD4: 0 | AE4: 0 | AF4: 1.3228987e-05 | AG4: 1.3351004e-05 | AH4: 1.3448211e-05 | AI4: 1.3548882e-05 | AJ4: 1.365327e-05 | AK4: 1.3761501e-05 | AL4: 1.3873701e-05 | AM4: 1.3990475e-05 | AN4: 1.4112379e-05 | AO4: 1.4239928e-05 | AP4: 1.4373259e-05 | AQ4: 1.4512397e-05 | AR4: 1.4657165e-05 | AS4: 1.4807427e-05 | AT4: 1.4962997e-05 | AU4: 1.5469466e-05 | AV4: 1.5574976e-05 | AW4: 1.5682744e-05 | AX4: 1.5792765e-05 | AY4: 1.5905015e-05 | AZ4: 1.6019564e-05 | BA4: 1.6136521e-05 | BB4: 1.6255961e-05 | BC4: 1.6378047e-05 | BD4: 1.6502859e-05 | BE4: 1.6630486e-05 | BF4: 1.6760962e-05 | BG4: 1.6894312e-05 | BH4: 1.7030628e-05 | BI4: 1.716989e-05 | BJ4: 1.7312207e-05 | BK4: 1.7457606e-05 | BL4: 1.7606171e-05 | BM4: 1.7757978e-05 | BN4: 1.7913134e-05 | BO4: 1.8071653e-05 | BP4: 1.8233636e-05 | BQ4: 1.8399149e-05 | BR4: 1.8568334e-05 | BS4: 1.8741253e-05 | BT4: 1.8917994e-05 | BU4: 1.9098657e-05 | BV4: 1.9283182e-05 | BW4: 1.9471519e-05 | BX4: 1.9663666e-05 | BY4: 1.9859684e-05 | BZ4: 2.0059663e-05 | CA4: 2.0263768e-05 | CB4: 2.0472218e-05 | CC4: 2.0685178e-05 | CD4: 2.0902763e-05 | CE4: 2.1125138e-05 | CF4: 2.1352359e-05 | CG4: 2.158455e-05 | CH4: 2.182185e-05 | CI4: 2.20644e-05 | CJ4: 2.2312385e-05 | CK4: 2.2566061e-05 | CL4: 2.2825635e-05 | CM4: 2.3091433e-05
A5: ... | B5: 0 | C5: 0 | D5: 0 | E5: 0 | F5: 0 | G5: 0 | H5: 0 | I5: 0 | J5: 0 | K5: 0 | L5: 0 | M5: 0 | N5: 0 | O5: 0 | P5: 0 | Q5: 0 | R5: 0 | S5: 0 | T5: 0 | U5: 0 | V5: 0 | W5: 0 | X5: 0 | Y5: 0 | Z5: 0 | AA5: 0 | AB5: 0 | AC5: 0 | AD5: 0 | AE5: 0 | AF5: 7.0121002e-06 | AG5: 7.2210894e-06 | AH5: 7.4202146e-06 | AI5: 7.6288203e-06 | AJ5: 7.8474397e-06 | AK5: 8.0765895e-06 | AL5: 8.3168765e-06 | AM5: 8.5692634e-06 | AN5: 8.8347261e-06 | AO5: 9.1142143e-06 | AP5: 9.4084017e-06 | AQ5: 9.7178946e-06 | AR5: 1.0043174e-05 | AS5: 1.0384788e-05 | AT5: 1.0743309e-05 | AU5: 1.1732151e-05 | AV5: 1.2029102e-05 | AW5: 1.2330363e-05 | AX5: 1.2636011e-05 | AY5: 1.2946105e-05 | AZ5: 1.3260781e-05 | BA5: 1.3580209e-05 | BB5: 1.3904535e-05 | BC5: 1.4233979e-05 | BD5: 1.45687e-05 | BE5: 1.4908865e-05 | BF5: 1.5254594e-05 | BG5: 1.560599e-05 | BH5: 1.5963211e-05 | BI5: 1.6326322e-05 | BJ5: 1.6695498e-05 | BK5: 1.7070852e-05 | BL5: 1.7452545e-05 | BM5: 1.7840733e-05 | BN5: 1.8235602e-05 | BO5: 1.8637253e-05 | BP5: 1.9045874e-05 | BQ5: 1.9461628e-05 | BR5: 1.9884772e-05 | BS5: 2.0315474e-05 | BT5: 2.0753938e-05 | BU5: 2.1200362e-05 | BV5: 2.165481e-05 | BW5: 2.2117347e-05 | BX5: 2.258809e-05 | BY5: 2.3067222e-05 | BZ5: 2.3554949e-05 | CA5: 2.4051561e-05 | CB5: 2.4557389e-05 | CC5: 2.5072742e-05 | CD5: 2.5597856e-05 | CE5: 2.613303e-05 | CF5: 2.6678466e-05 | CG5: 2.7234421e-05 | CH5: 2.7801191e-05 | CI5: 2.8379046e-05 | CJ5: 2.8968324e-05 | CK5: 2.9569416e-05 | CL5: 3.0182697e-05 | CM5: 3.080862e-05
A7: ROW.per_capita_commodity_crop_demand_scenario | B7: 0 | C7: 0 | D7: 0 | E7: 0 | F7: 0 | G7: 0 | H7: 0 | I7: 0 | J7: 0 | K7: 0 | L7: 0 | M7: 0 | N7: 0 | O7: 0 | P7: 0 | Q7: 0 | R7: 0 | S7: 0 | T7: 0 | U7: 0 | V7: 0 | W7: 0 | X7: 0 | Y7: 0 | Z7: 0 | AA7: 0 | AB7: 0 | AC7: 0 | AD7: 0 | AE7: 0 | AF7: 3.6843337e-05 | AG7: 3.6790336e-05 | AH7: 3.6735361e-05 | AI7: 3.6679542e-05 | AJ7: 3.6623172e-05 | AK7: 3.6566333e-05 | AL7: 3.6509049e-05 | AM7: 3.6451466e-05 | AN7: 3.6393772e-05 | AO7: 3.6336058e-05 | AP7: 3.6278481e-05 | AQ7: 3.6221086e-05 | AR7: 3.6163908e-05 | AS7: 3.6106967e-05 | AT7: 3.6050252e-05 | AU7: 3.6181023e-05 | AV7: 3.6805881e-05 | AW7: 3.7432183e-05 | AX7: 3.805984e-05 | AY7: 3.8688784e-05 | AZ7: 3.9318985e-05 | BA7: 3.9950454e-05 | BB7: 4.0583238e-05 | BC7: 4.1217414e-05 | BD7: 4.1853032e-05 | BE7: 4.2490101e-05 | BF7: 4.3128576e-05 | BG7: 4.3768429e-05 | BH7: 4.4409623e-05 | BI7: 4.5052144e-05 | BJ7: 4.5695973e-05 | BK7: 4.6341127e-05 | BL7: 4.6987579e-05 | BM7: 4.7635341e-05 | BN7: 4.8284392e-05 | BO7: 4.8934736e-05 | BP7: 4.9586382e-05 | BQ7: 5.0239352e-05 | BR7: 5.0893685e-05 | BS7: 5.1549386e-05 | BT7: 5.1636306e-05 | BU7: 5.172455e-05 | BV7: 5.1814122e-05 | BW7: 5.1905017e-05 | BX7: 5.1997227e-05 | BY7: 5.2090743e-05 | BZ7: 5.2185572e-05 | CA7: 5.2281706e-05 | CB7: 5.2379129e-05 | CC7: 5.2477845e-05 | CD7: 5.2577842e-05 | CE7: 5.2679113e-05 | CF7: 5.2781652e-05 | CG7: 5.2885445e-05 | CH7: 5.2990488e-05 | CI7: 5.3096775e-05 | CJ7: 5.3204298e-05 | CK7: 5.3313061e-05 | CL7: 5.3423071e-05 | CM7: 5.3534324e-05
A8: … | B8: 0 | C8: 0 | D8: 0 | E8: 0 | F8: 0 | G8: 0 | H8: 0 | I8: 0 | J8: 0 | K8: 0 | L8: 0 | M8: 0 | N8: 0 | O8: 0 | P8: 0 | Q8: 0 | R8: 0 | S8: 0 | T8: 0 | U8: 0 | V8: 0 | W8: 0 | X8: 0 | Y8: 0 | Z8: 0 | AA8: 0 | AB8: 0 | AC8: 0 | AD8: 0 | AE8: 0 | AF8: 5.2769166e-05 | AG8: 5.2693256e-05 | AH8: 5.2614517e-05 | AI8: 5.253457e-05 | AJ8: 5.2453834e-05 | AK8: 5.2372426e-05 | AL8: 5.229038e-05 | AM8: 5.2207906e-05 | AN8: 5.2125274e-05 | AO8: 5.2042613e-05 | AP8: 5.1960147e-05 | AQ8: 5.1877943e-05 | AR8: 5.1796049e-05 | AS8: 5.1714495e-05 | AT8: 5.1633265e-05 | AU8: 5.1820562e-05 | AV8: 5.1885131e-05 | AW8: 5.1950214e-05 | AX8: 5.20157e-05 | AY8: 5.2081508e-05 | AZ8: 5.2147615e-05 | BA8: 5.2214059e-05 | BB8: 5.2280919e-05 | BC8: 5.2348326e-05 | BD8: 5.2416362e-05 | BE8: 5.2485056e-05 | BF8: 5.2554358e-05 | BG8: 5.2624227e-05 | BH8: 5.2694617e-05 | BI8: 5.2765503e-05 | BJ8: 5.2836861e-05 | BK8: 5.2908715e-05 | BL8: 5.2981037e-05 | BM8: 5.3053844e-05 | BN8: 5.3127113e-05 | BO8: 5.3200846e-05 | BP8: 5.3275066e-05 | BQ8: 5.3349808e-05 | BR8: 5.3425155e-05 | BS8: 5.3501125e-05 | BT8: 5.35859e-05 | BU8: 5.3672283e-05 | BV8: 5.376027e-05 | BW8: 5.3849853e-05 | BX8: 5.3941018e-05 | BY8: 5.4033763e-05 | BZ8: 5.4128092e-05 | CA8: 5.4224009e-05 | CB8: 5.4321497e-05 | CC8: 5.4420573e-05 | CD8: 5.4521219e-05 | CE8: 5.4623426e-05 | CF8: 5.4727189e-05 | CG8: 5.4832486e-05 | CH8: 5.4939322e-05 | CI8: 5.5047676e-05 | CJ8: 5.5157543e-05 | CK8: 5.5268921e-05 | CL8: 5.5381827e-05 | CM8: 5.5496248e-05
A9: … | B9: 0 | C9: 0 | D9: 0 | E9: 0 | F9: 0 | G9: 0 | H9: 0 | I9: 0 | J9: 0 | K9: 0 | L9: 0 | M9: 0 | N9: 0 | O9: 0 | P9: 0 | Q9: 0 | R9: 0 | S9: 0 | T9: 0 | U9: 0 | V9: 0 | W9: 0 | X9: 0 | Y9: 0 | Z9: 0 | AA9: 0 | AB9: 0 | AC9: 0 | AD9: 0 | AE9: 0 | AF9: 3.7556434e-05 | AG9: 3.7502407e-05 | AH9: 3.7446368e-05 | AI9: 3.7389469e-05 | AJ9: 3.7332008e-05 | AK9: 3.7274069e-05 | AL9: 3.7215676e-05 | AM9: 3.7156978e-05 | AN9: 3.7098168e-05 | AO9: 3.7039337e-05 | AP9: 3.6980645e-05 | AQ9: 3.6922139e-05 | AR9: 3.6863855e-05 | AS9: 3.6805812e-05 | AT9: 3.6747999e-05 | AU9: 3.6881301e-05 | AV9: 3.6933063e-05 | AW9: 3.6984803e-05 | AX9: 3.7036437e-05 | AY9: 3.7087902e-05 | AZ9: 3.7139177e-05 | BA9: 3.7190286e-05 | BB9: 3.7241284e-05 | BC9: 3.7292262e-05 | BD9: 3.7343281e-05 | BE9: 3.7394359e-05 | BF9: 3.7445462e-05 | BG9: 3.7496556e-05 | BH9: 3.7547609e-05 | BI9: 3.7598598e-05 | BJ9: 3.7649503e-05 | BK9: 3.7700339e-05 | BL9: 3.775108e-05 | BM9: 3.7801728e-05 | BN9: 3.7852263e-05 | BO9: 3.7902674e-05 | BP9: 3.795298e-05 | BQ9: 3.8003198e-05 | BR9: 3.8053394e-05 | BS9: 3.8103575e-05 | BT9: 3.8156453e-05 | BU9: 3.8210418e-05 | BV9: 3.8265476e-05 | BW9: 3.8321624e-05 | BX9: 3.837886e-05 | BY9: 3.8437188e-05 | BZ9: 3.8496608e-05 | CA9: 3.8557128e-05 | CB9: 3.8618734e-05 | CC9: 3.8681443e-05 | CD9: 3.8745238e-05 | CE9: 3.8810115e-05 | CF9: 3.8876073e-05 | CG9: 3.8943094e-05 | CH9: 3.9011184e-05 | CI9: 3.9080324e-05 | CJ9: 3.9150511e-05 | CK9: 3.9221738e-05 | CL9: 3.9294017e-05 | CM9: 3.936733e-05
A10: … | B10: 0 | C10: 0 | D10: 0 | E10: 0 | F10: 0 | G10: 0 | H10: 0 | I10: 0 | J10: 0 | K10: 0 | L10: 0 | M10: 0 | N10: 0 | O10: 0 | P10: 0 | Q10: 0 | R10: 0 | S10: 0 | T10: 0 | U10: 0 | V10: 0 | W10: 0 | X10: 0 | Y10: 0 | Z10: 0 | AA10: 0 | AB10: 0 | AC10: 0 | AD10: 0 | AE10: 0 | AF10: 3.2802455e-05 | AG10: 3.2755267e-05 | AH10: 3.2706321e-05 | AI10: 3.2656625e-05 | AJ10: 3.2606437e-05 | AK10: 3.2555832e-05 | AL10: 3.2504831e-05 | AM10: 3.2453563e-05 | AN10: 3.2402197e-05 | AO10: 3.2350813e-05 | AP10: 3.2299551e-05 | AQ10: 3.2248451e-05 | AR10: 3.2197544e-05 | AS10: 3.2146848e-05 | AT10: 3.2096354e-05 | AU10: 3.2212782e-05 | AV10: 3.2464153e-05 | AW10: 3.2716906e-05 | AX10: 3.2970962e-05 | AY10: 3.3226264e-05 | AZ10: 3.3482789e-05 | BA10: 3.374055e-05 | BB10: 3.3999588e-05 | BC10: 3.4259969e-05 | BD10: 3.4521734e-05 | BE10: 3.4784889e-05 | BF10: 3.5049395e-05 | BG10: 3.5315228e-05 | BH10: 3.5582358e-05 | BI10: 3.5850774e-05 | BJ10: 3.6120462e-05 | BK10: 3.6391437e-05 | BL10: 3.6663678e-05 | BM10: 3.6937198e-05 | BN10: 3.7211979e-05 | BO10: 3.7488031e-05 | BP10: 3.776536e-05 | BQ10: 3.8043985e-05 | BR10: 3.8323934e-05 | BS10: 3.860521e-05 | BT10: 3.867792e-05 | BU10: 3.8751713e-05 | BV10: 3.8826592e-05 | BW10: 3.8902553e-05 | BX10: 3.8979588e-05 | BY10: 3.9057691e-05 | BZ10: 3.9136866e-05 | CA10: 3.9217106e-05 | CB10: 3.9298399e-05 | CC10: 3.9380745e-05 | CD10: 3.9464137e-05 | CE10: 3.9548569e-05 | CF10: 3.9634035e-05 | CG10: 3.9720527e-05 | CH10: 3.9808039e-05 | CI10: 3.9896568e-05 | CJ10: 3.9986108e-05 | CK10: 4.0076663e-05 | CL10: 4.016824e-05 | CM10: 4.0260837e-05
A11: … | B11: 0 | C11: 0 | D11: 0 | E11: 0 | F11: 0 | G11: 0 | H11: 0 | I11: 0 | J11: 0 | K11: 0 | L11: 0 | M11: 0 | N11: 0 | O11: 0 | P11: 0 | Q11: 0 | R11: 0 | S11: 0 | T11: 0 | U11: 0 | V11: 0 | W11: 0 | X11: 0 | Y11: 0 | Z11: 0 | AA11: 0 | AB11: 0 | AC11: 0 | AD11: 0 | AE11: 0 | AF11: 9.8542367e-06 | AG11: 9.9823314e-06 | AH11: 1.0100377e-05 | AI11: 1.0217954e-05 | AJ11: 1.0335036e-05 | AK11: 1.045161e-05 | AL11: 1.0567721e-05 | AM11: 1.0683585e-05 | AN11: 1.0799445e-05 | AO11: 1.0915504e-05 | AP11: 1.1031807e-05 | AQ11: 1.114831e-05 | AR11: 1.126487e-05 | AS11: 1.1381328e-05 | AT11: 1.1497512e-05 | AU11: 1.1803464e-05 | AV11: 1.2071077e-05 | AW11: 1.2339033e-05 | AX11: 1.2607263e-05 | AY11: 1.2875722e-05 | AZ11: 1.3144398e-05 | BA11: 1.34133e-05 | BB11: 1.3682449e-05 | BC11: 1.3951887e-05 | BD11: 1.4221622e-05 | BE11: 1.4491644e-05 | BF11: 1.4761925e-05 | BG11: 1.5032444e-05 | BH11: 1.5303188e-05 | BI11: 1.5574123e-05 | BJ11: 1.5845232e-05 | BK11: 1.6116482e-05 | BL11: 1.6387847e-05 | BM11: 1.6659294e-05 | BN11: 1.6930805e-05 | BO11: 1.720234e-05 | BP11: 1.747389e-05 | BQ11: 1.7745422e-05 | BR11: 1.8016931e-05 | BS11: 1.8288393e-05 | BT11: 1.8537394e-05 | BU11: 1.8786939e-05 | BV11: 1.9037001e-05 | BW11: 1.9287579e-05 | BX11: 1.9538671e-05 | BY11: 1.9790284e-05 | BZ11: 2.0042405e-05 | CA11: 2.0295034e-05 | CB11: 2.0548157e-05 | CC11: 2.0801759e-05 | CD11: 2.1055828e-05 | CE11: 2.1310347e-05 | CF11: 2.1565315e-05 | CG11: 2.1820724e-05 | CH11: 2.2076568e-05 | CI11: 2.2332827e-05 | CJ11: 2.2589489e-05 | CK11: 2.284651e-05 | CL11: 2.3103865e-05 | CM11: 2.3361499e-05
A12: … | B12: 0 | C12: 0 | D12: 0 | E12: 0 | F12: 0 | G12: 0 | H12: 0 | I12: 0 | J12: 0 | K12: 0 | L12: 0 | M12: 0 | N12: 0 | O12: 0 | P12: 0 | Q12: 0 | R12: 0 | S12: 0 | T12: 0 | U12: 0 | V12: 0 | W12: 0 | X12: 0 | Y12: 0 | Z12: 0 | AA12: 0 | AB12: 0 | AC12: 0 | AD12: 0 | AE12: 0 | AF12: 2.1546611e-05 | AG12: 2.1548776e-05 | AH12: 2.1529814e-05 | AI12: 2.1511796e-05 | AJ12: 2.1494295e-05 | AK12: 2.1477259e-05 | AL12: 2.1460781e-05 | AM12: 2.1445238e-05 | AN12: 2.1430974e-05 | AO12: 2.1418246e-05 | AP12: 2.1406989e-05 | AQ12: 2.1396971e-05 | AR12: 2.1387819e-05 | AS12: 2.1379161e-05 | AT12: 2.1370586e-05 | AU12: 2.1564353e-05 | AV12: 2.1793341e-05 | AW12: 2.20229e-05 | AX12: 2.2252916e-05 | AY12: 2.2483317e-05 | AZ12: 2.2714122e-05 | BA12: 2.294537e-05 | BB12: 2.3177169e-05 | BC12: 2.3409715e-05 | BD12: 2.3643118e-05 | BE12: 2.3877389e-05 | BF12: 2.411249e-05 | BG12: 2.4348441e-05 | BH12: 2.4585313e-05 | BI12: 2.4823071e-05 | BJ12: 2.5061723e-05 | BK12: 2.5301223e-05 | BL12: 2.554147e-05 | BM12: 2.5782357e-05 | BN12: 2.6023827e-05 | BO12: 2.6265788e-05 | BP12: 2.650824e-05 | BQ12: 2.6751113e-05 | BR12: 2.6994399e-05 | BS12: 2.7238016e-05 | BT12: 2.7486278e-05 | BU12: 2.7735067e-05 | BV12: 2.7984373e-05 | BW12: 2.8234186e-05 | BX12: 2.8484527e-05 | BY12: 2.8735408e-05 | BZ12: 2.8986784e-05 | CA12: 2.9238689e-05 | CB12: 2.9491106e-05 | CC12: 2.974403e-05 | CD12: 2.9997419e-05 | CE12: 3.0251286e-05 | CF12: 3.0505605e-05 | CG12: 3.0760362e-05 | CH12: 3.1015538e-05 | CI12: 3.1271124e-05 | CJ12: 3.1527085e-05 | CK12: 3.1783371e-05 | CL12: 3.2039952e-05 | CM12: 3.2296748e-05
A14: ROW.Per_capita_VFN_demand_Scenario | B14: 0 | C14: 0 | D14: 0 | E14: 0 | F14: 0 | G14: 0 | H14: 0 | I14: 0 | J14: 0 | K14: 0 | L14: 0 | M14: 0 | N14: 0 | O14: 0 | P14: 0 | Q14: 0 | R14: 0 | S14: 0 | T14: 0 | U14: 0 | V14: 0 | W14: 0 | X14: 0 | Y14: 0 | Z14: 0 | AA14: 0 | AB14: 0 | AC14: 0 | AD14: 0 | AE14: 0 | AF14: 7.2579401e-05 | AG14: 7.271075e-05 | AH14: 7.2835631e-05 | AI14: 7.2966845e-05 | AJ14: 7.310436e-05 | AK14: 7.3248247e-05 | AL14: 7.3398755e-05 | AM14: 7.3555626e-05 | AN14: 7.371863e-05 | AO14: 7.388793e-05 | AP14: 7.4063048e-05 | AQ14: 7.4244147e-05 | AR14: 7.4431632e-05 | AS14: 7.4625872e-05 | AT14: 7.4827372e-05 | AU14: 7.5272799e-05 | AV14: 7.5653422e-05 | AW14: 7.6040194e-05 | AX14: 7.6432191e-05 | AY14: 7.682888e-05 | AZ14: 7.7229801e-05 | BA14: 7.7634911e-05 | BB14: 7.8043932e-05 | BC14: 7.8456345e-05 | BD14: 7.8871802e-05 | BE14: 7.9290254e-05 | BF14: 7.9711491e-05 | BG14: 8.0135789e-05 | BH14: 8.0562988e-05 | BI14: 8.0993198e-05 | BJ14: 8.1426527e-05 | BK14: 8.1862877e-05 | BL14: 8.2302563e-05 | BM14: 8.2745948e-05 | BN14: 8.3193151e-05 | BO14: 8.3644367e-05 | BP14: 8.4099277e-05 | BQ14: 8.4557926e-05 | BR14: 8.5019751e-05 | BS14: 8.8421504e-05 | BT14: 8.8842394e-05 | BU14: 8.9265304e-05 | BV14: 8.968967e-05 | BW14: 9.0115191e-05 | BX14: 9.0541413e-05 | BY14: 9.0968056e-05 | BZ14: 9.1395259e-05 | CA14: 9.1822764e-05 | CB14: 9.2250697e-05 | CC14: 9.2678861e-05 | CD14: 9.3107438e-05 | CE14: 9.3536263e-05 | CF14: 9.3965275e-05 | CG14: 9.4394519e-05 | CH14: 9.4823893e-05 | CI14: 9.5253529e-05 | CJ14: 9.5683466e-05 | CK14: 9.6113971e-05 | CL14: 9.6545001e-05 | CM14: 9.6977e-05
A16: USA.per_capita_animal_product_demand_scenario | B16: 0 | C16: 0 | D16: 0 | E16: 0 | F16: 0 | G16: 0 | H16: 0 | I16: 0 | J16: 0 | K16: 0 | L16: 0 | M16: 0 | N16: 0 | O16: 0 | P16: 0 | Q16: 0 | R16: 0 | S16: 0 | T16: 0 | U16: 0 | V16: 0 | W16: 0 | X16: 0 | Y16: 0 | Z16: 0 | AA16: 0 | AB16: 0 | AC16: 0 | AD16: 0 | AE16: 0 | AF16: 2.6047124e-05 | AG16: 2.5931821e-05 | AH16: 2.5817027e-05 | AI16: 2.5702742e-05 | AJ16: 2.5588963e-05 | AK16: 2.5475688e-05 | AL16: 2.5362914e-05 | AM16: 2.5250639e-05 | AN16: 2.5138861e-05 | AO16: 2.5027578e-05 | AP16: 2.4916788e-05 | AQ16: 2.4806488e-05 | AR16: 2.4696676e-05 | AS16: 2.458735e-05 | AT16: 2.4478509e-05 | AU16: 2.4527271e-05 | AV16: 2.4548594e-05 | AW16: 2.4569925e-05 | AX16: 2.4591263e-05 | AY16: 2.4612609e-05 | AZ16: 2.4633963e-05 | BA16: 2.4655324e-05 | BB16: 2.4676693e-05 | BC16: 2.469807e-05 | BD16: 2.4719454e-05 | BE16: 2.4740846e-05 | BF16: 2.4762246e-05 | BG16: 2.4783653e-05 | BH16: 2.4805068e-05 | BI16: 2.482649e-05 | BJ16: 2.484792e-05 | BK16: 2.4869358e-05 | BL16: 2.4890803e-05 | BM16: 2.4912256e-05 | BN16: 2.4933717e-05 | BO16: 2.4955185e-05 | BP16: 2.4976662e-05 | BQ16: 2.4998145e-05 | BR16: 2.5019637e-05 | BS16: 2.5041136e-05 | BT16: 2.5062642e-05 | BU16: 2.5084157e-05 | BV16: 2.5105679e-05 | BW16: 2.5127209e-05 | BX16: 2.5148746e-05 | BY16: 2.5170292e-05 | BZ16: 2.5191844e-05 | CA16: 2.5213405e-05 | CB16: 2.5234973e-05 | CC16: 2.5256549e-05 | CD16: 2.5278133e-05 | CE16: 2.5299724e-05 | CF16: 2.5321323e-05 | CG16: 2.534293e-05 | CH16: 2.5364545e-05 | CI16: 2.5386167e-05 | CJ16: 2.5407797e-05 | CK16: 2.5429435e-05 | CL16: 2.545108e-05 | CM16: 2.5472733e-05
... A50: USA.Potential VFN yield | B50: 0 | C50: 0 | D50: 0 | E50: 0 | F50: 0 | G50: 0 | H50: 0 | I50: 0 | J50: 0 | K50: 0 | L50: 0 | M50: 0 | N50: 0 | O50: 0 | P50: 0 | Q50: 0 | R50: 0 | S50: 0 | T50: 0 | U50: 0 | V50: 0 | W50: 0 | X50: 0 | Y50: 0 | Z50: 0 | AA50: 0 | AB50: 0 | AC50: 0 | AD50: 0 | AE50: 0 | AF50: 0.00086618671 | AG50: 0.00087332066 | AH50: 0.0008804546 | AI50: 0.00088758854 | AJ50: 0.00089472249 | AK50: 0.00090185643 | AL50: 0.00090899038 | AM50: 0.00091612432 | AN50: 0.00092325827 | AO50: 0.00093039221 | AP50: 0.00093752615 | AQ50: 0.0009446601 | AR50: 0.00095179404 | AS50: 0.00095892799 | AT50: 0.00096606193 | AU50: 0.00097319588 | AV50: 0.00099072165 | AW50: 0.0010082474 | AX50: 0.0010257732 | AY50: 0.001043299 | AZ50: 0.0010608247 | BA50: 0.0010783505 | BB50: 0.0010958763 | BC50: 0.0011134021 | BD50: 0.0011309278 | BE50: 0.0011484536 | BF50: 0.0011659794 | BG50: 0.0011835052 | BH50: 0.0012010309 | BI50: 0.0012185567 | BJ50: 0.0012360825 | BK50: 0.0012536082 | BL50: 0.001271134 | BM50: 0.0012886598 | BN50: 0.0013061856 | BO50: 0.0013237113 | BP50: 0.0013412371 | BQ50: 0.0013587629 | BR50: 0.0013762887 | BS50: 0.0013938144 | BT50: 0.0014113402 | BU50: 0.001428866 | BV50: 0.0014463918 | BW50: 0.0014639175 | BX50: 0.0014814433 | BY50: 0.0014989691 | BZ50: 0.0015164948 | CA50: 0.0015340206 | CB50: 0.0015515464 | CC50: 0.0015690722 | CD50: 0.0015865979 | CE50: 0.0016041237 | CF50: 0.0016216495 | CG50: 0.0016391753 | CH50: 0.001656701 | CI50: 0.0016742268 | CJ50: 0.0016917526 | CK50: 0.0017092784 | CL50: 0.0017268041 | CM50: 0.0017443299
A52: USA.Crop Land Alloc to Cellulosic Energy Crop | B52: ='WAO Scenario Ag'!B23 -> 0 | C52: ='WAO Scenario Ag'!C23 -> 0 | D52: ='WAO Scenario Ag'!D23 -> 0 | E52: ='WAO Scenario Ag'!E23 -> 0 | F52: ='WAO Scenario Ag'!F23 -> 0 | G52: ='WAO Scenario Ag'!G23 -> 0 | H52: ='WAO Scenario Ag'!H23 -> 0 | I52: ='WAO Scenario Ag'!I23 -> 0 | ... CM52: ='WAO Scenario Ag'!CM23 -> 22021019
A54: ROW.Crop Land Alloc to Cellulosic Energy Crop | B54: ='WAO Scenario Ag'!B24 -> 0 | C54: ='WAO Scenario Ag'!C24 -> 0 | D54: ='WAO Scenario Ag'!D24 -> 0 | E54: ='WAO Scenario Ag'!E24 -> 0 | F54: ='WAO Scenario Ag'!F24 -> 0 | G54: ='WAO Scenario Ag'!G24 -> 0 | H54: ='WAO Scenario Ag'!H24 -> 0 | I54: ='WAO Scenario Ag'!I24 -> 0 | ... CM54: ='WAO Scenario Ag'!CM24 -> 61165926

Sheet LUC-2012-08-10-Run3
B1: 1961 | C1: 1962 | D1: 1963 | E1: 1964 | F1: 1965 | G1: 1966 | H1: 1967 | I1: 1968 | J1: 1969 | K1: 1970 | L1: 1971 | M1: 1972 | N1: 1973 | O1: 1974 | P1: 1975 | Q1: 1976 | R1: 1977 | S1: 1978 | T1: 1979 | U1: 1980 | V1: 1981 | W1: 1982 | X1: 1983 | Y1: 1984 | Z1: 1985 | AA1: 1986 | AB1: 1987 | AC1: 1988 | AD1: 1989 | AE1: 1990 | AF1: 1991 | AG1: 1992 | AH1: 1993 | AI1: 1994 | AJ1: 1995 | AK1: 1996 | AL1: 1997 | AM1: 1998 | AN1: 1999 | AO1: 2000 | AP1: 2001 | AQ1: 2002 | AR1: 2003 | AS1: 2004 | AT1: 2005 | AU1: 2006 | AV1: 2007 | AW1: 2008 | AX1: 2009 | AY1: 2010 | AZ1: 2011 | BA1: 2012 | BB1: 2013 | BC1: 2014 | BD1: 2015 | BE1: 2016 | BF1: 2017 | BG1: 2018 | BH1: 2019 | BI1: 2020 | BJ1: 2021 | BK1: 2022 | BL1: 2023 | BM1: 2024 | BN1: 2025 | BO1: 2026 | BP1: 2027 | BQ1: 2028 | BR1: 2029 | BS1: 2030 | BT1: 2031 | BU1: 2032 | BV1: 2033 | BW1: 2034 | BX1: 2035 | BY1: 2036 | BZ1: 2037 | CA1: 2038 | CB1: 2039 | CC1: 2040 | CD1: 2041 | CE1: 2042 | CF1: 2043 | CG1: 2044 | CH1: 2045 | CI1: 2046 | CJ1: 2047 | CK1: 2048 | CL1: 2049 | CM1: 2050
A2: ROW.per_capita_animal_product_demand_scenario | B2: 0 | C2: 0 | D2: 0 | E2: 0 | F2: 0 | G2: 0 | H2: 0 | I2: 0 | J2: 0 | K2: 0 | L2: 0 | M2: 0 | N2: 0 | O2: 0 | P2: 0 | Q2: 0 | R2: 0 | S2: 0 | T2: 0 | U2: 0 | V2: 0 | W2: 0 | X2: 0 | Y2: 0 | Z2: 0 | AA2: 0 | AB2: 0 | AC2: 0 | AD2: 0 | AE2: 0 | AF2: 1.0508416e-05 | AG2: 1.0527619e-05 | AH2: 1.0524145e-05 | AI2: 1.0522463e-05 | AJ2: 1.0522681e-05 | AK2: 1.0524798e-05 | AL2: 1.0528849e-05 | AM2: 1.0535258e-05 | AN2: 1.0544408e-05 | AO2: 1.0556611e-05 | AP2: 1.0571845e-05 | AQ2: 1.058998e-05 | AR2: 1.0610719e-05 | AS2: 1.0633798e-05 | AT2: 1.0658935e-05 | AU2: 1.0686103e-05 | AV2: 1.0706788e-05 | AW2: 1.0728456e-05 | AX2: 1.0751066e-05 | AY2: 1.0774564e-05 | AZ2: 1.079896e-05 | BA2: 1.0824296e-05 | BB2: 1.0850593e-05 | BC2: 1.0877941e-05 | BD2: 1.0906366e-05 | BE2: 1.0935893e-05 | BF2: 1.0966503e-05 | BG2: 1.0998166e-05 | BH2: 1.1030891e-05 | BI2: 1.1064614e-05 | BJ2: 1.1099353e-05 | BK2: 1.1135071e-05 | BL2: 1.1171769e-05 | BM2: 1.1209436e-05 | BN2: 1.1248082e-05 | BO2: 1.1287651e-05 | BP2: 1.1328155e-05 | BQ2: 1.1369577e-05 | BR2: 1.141197e-05 | BS2: 1.1455315e-05 | BT2: 1.1499618e-05 | BU2: 1.1544883e-05 | BV2: 1.1591015e-05 | BW2: 1.1637937e-05 | BX2: 1.1685595e-05 | BY2: 1.1733977e-05 | BZ2: 1.1783073e-05 | CA2: 1.1832927e-05 | CB2: 1.1883595e-05 | CC2: 1.1935118e-05 | CD2: 1.1987489e-05 | CE2: 1.2040728e-05 | CF2: 1.2094807e-05 | CG2: 1.2149717e-05 | CH2: 1.2205477e-05 | CI2: 1.2262068e-05 | CJ2: 1.2319521e-05 | CK2: 1.2377868e-05 | CL2: 1.2437151e-05 | CM2: 1.2497423e-05
A3: … | B3: 0 | C3: 0 | D3: 0 | E3: 0 | F3: 0 | G3: 0 | H3: 0 | I3: 0 | J3: 0 | K3: 0 | L3: 0 | M3: 0 | N3: 0 | O3: 0 | P3: 0 | Q3: 0 | R3: 0 | S3: 0 | T3: 0 | U3: 0 | V3: 0 | W3: 0 | X3: 0 | Y3: 0 | Z3: 0 | AA3: 0 | AB3: 0 | AC3: 0 | AD3: 0 | AE3: 0 | AF3: 7.000043e-05 | AG3: 7.0630961e-05 | AH3: 7.1066274e-05 | AI3: 7.150778e-05 | AJ3: 7.1952945e-05 | AK3: 7.2400862e-05 | AL3: 7.2852846e-05 | AM3: 7.3313274e-05 | AN3: 7.3787111e-05 | AO3: 7.4277958e-05 | AP3: 7.4785862e-05 | AQ3: 7.5308758e-05 | AR3: 7.584261e-05 | AS3: 7.638308e-05 | AT3: 7.6926134e-05 | AU3: 7.747081e-05 | AV3: 7.7835708e-05 | AW3: 7.8201471e-05 | AX3: 7.8567369e-05 | AY3: 7.8932911e-05 | AZ3: 7.9297852e-05 | BA3: 7.9662258e-05 | BB3: 8.0026719e-05 | BC3: 8.0392479e-05 | BD3: 8.0760241e-05 | BE3: 8.1130207e-05 | BF3: 8.150222e-05 | BG3: 8.1876587e-05 | BH3: 8.2253774e-05 | BI3: 8.2633806e-05 | BJ3: 8.3016912e-05 | BK3: 8.3402934e-05 | BL3: 8.3791548e-05 | BM3: 8.4182323e-05 | BN3: 8.457512e-05 | BO3: 8.4969478e-05 | BP3: 8.5365604e-05 | BQ3: 8.5763088e-05 | BR3: 8.6162015e-05 | BS3: 8.6562047e-05 | BT3: 8.6909832e-05 | BU3: 8.7260258e-05 | BV3: 8.761298e-05 | BW3: 8.796821e-05 | BX3: 8.8325924e-05 | BY3: 8.8686259e-05 | BZ3: 8.9048882e-05 | CA3: 8.9414054e-05 | CB3: 8.9781752e-05 | CC3: 9.0152e-05 | CD3: 9.0524661e-05 | CE3: 9.0899781e-05 | CF3: 9.1277331e-05 | CG3: 9.1657233e-05 | CH3: 9.2039603e-05 | CI3: 9.2424321e-05 | CJ3: 9.2811363e-05 | CK3: 9.3200498e-05 | CL3: 9.359191e-05 | CM3: 9.3985309e-05
A4: ... | B4: 0 | C4: 0 | D4: 0 | E4: 0 | F4: 0 | G4: 0 | H4: 0 | I4: 0 | J4: 0 | K4: 0 | L4: 0 | M4: 0 | N4: 0 | O4: 0 | P4: 0 | Q4: 0 | R4: 0 | S4: 0 | T4: 0 | U4: 0 | V4: 0 | W4: 0 | X4: 0 | Y4: 0 | Z4: 0 | AA4: 0 | AB4: 0 | AC4: 0 | AD4: 0 | AE4: 0 | AF4: 1.3228987e-05 | AG4: 1.3351004e-05 | AH4: 1.3448211e-05 | AI4: 1.3548882e-05 | AJ4: 1.365327e-05 | AK4: 1.3761501e-05 | AL4: 1.3873701e-05 | AM4: 1.3990475e-05 | AN4: 1.4112379e-05 | AO4: 1.4239928e-05 | AP4: 1.4373259e-05 | AQ4: 1.4512397e-05 | AR4: 1.4657165e-05 | AS4: 1.4807427e-05 | AT4: 1.4962997e-05 | AU4: 1.512402e-05 | AV4: 1.5129679e-05 | AW4: 1.5136668e-05 | AX4: 1.5144948e-05 | AY4: 1.5154462e-05 | AZ4: 1.5165243e-05 | BA4: 1.5177363e-05 | BB4: 1.5190865e-05 | BC4: 1.5205886e-05 | BD4: 1.5222476e-05 | BE4: 1.524069e-05 | BF4: 1.5260525e-05 | BG4: 1.528197e-05 | BH4: 1.5305073e-05 | BI4: 1.532978e-05 | BJ4: 1.5356154e-05 | BK4: 1.5384179e-05 | BL4: 1.541389e-05 | BM4: 1.5445307e-05 | BN4: 1.5478483e-05 | BO4: 1.5513378e-05 | BP4: 1.5550048e-05 | BQ4: 1.55885e-05 | BR4: 1.562883e-05 | BS4: 1.5671044e-05 | BT4: 1.5715176e-05 | BU4: 1.5761274e-05 | BV4: 1.5809239e-05 | BW4: 1.5859003e-05 | BX4: 1.5910525e-05 | BY4: 1.5963826e-05 | BZ4: 1.6018932e-05 | CA4: 1.6075946e-05 | CB4: 1.6134996e-05 | CC4: 1.6196177e-05 | CD4: 1.6259531e-05 | CE4: 1.6325138e-05 | CF4: 1.6393003e-05 | CG4: 1.6463171e-05 | CH4: 1.6535713e-05 | CI4: 1.6610676e-05 | CJ4: 1.6688154e-05 | CK4: 1.6768272e-05 | CL4: 1.6851146e-05 | CM4: 1.6936941e-05
A5: ... | B5: 0 | C5: 0 | D5: 0 | E5: 0 | F5: 0 | G5: 0 | H5: 0 | I5: 0 | J5: 0 | K5: 0 | L5: 0 | M5: 0 | N5: 0 | O5: 0 | P5: 0 | Q5: 0 | R5: 0 | S5: 0 | T5: 0 | U5: 0 | V5: 0 | W5: 0 | X5: 0 | Y5: 0 | Z5: 0 | AA5: 0 | AB5: 0 | AC5: 0 | AD5: 0 | AE5: 0 | AF5: 7.0121002e-06 | AG5: 7.2210894e-06 | AH5: 7.4202146e-06 | AI5: 7.6288203e-06 | AJ5: 7.8474397e-06 | AK5: 8.0765895e-06 | AL5: 8.3168765e-06 | AM5: 8.5692634e-06 | AN5: 8.8347261e-06 | AO5: 9.1142143e-06 | AP5: 9.4084017e-06 | AQ5: 9.7178946e-06 | AR5: 1.0043174e-05 | AS5: 1.0384788e-05 | AT5: 1.0743309e-05 | AU5: 1.1119589e-05 | AV5: 1.1213797e-05 | AW5: 1.1310063e-05 | AX5: 1.1408395e-05 | AY5: 1.1508781e-05 | AZ5: 1.161128e-05 | BA5: 1.1715979e-05 | BB5: 1.1822948e-05 | BC5: 1.1932326e-05 | BD5: 1.2044192e-05 | BE5: 1.2158625e-05 | BF5: 1.2275664e-05 | BG5: 1.2395333e-05 | BH5: 1.2517707e-05 | BI5: 1.2642778e-05 | BJ5: 1.2770631e-05 | BK5: 1.2901294e-05 | BL5: 1.3034831e-05 | BM5: 1.31713e-05 | BN5: 1.3310783e-05 | BO5: 1.3453288e-05 | BP5: 1.3598903e-05 | BQ5: 1.374768e-05 | BR5: 1.3899751e-05 | BS5: 1.405517e-05 | BT5: 1.4214019e-05 | BU5: 1.4376384e-05 | BV5: 1.4542238e-05 | BW5: 1.4711574e-05 | BX5: 1.488441e-05 | BY5: 1.5060818e-05 | BZ5: 1.5240875e-05 | CA5: 1.5424723e-05 | CB5: 1.5612527e-05 | CC5: 1.5804431e-05 | CD5: 1.6000528e-05 | CE5: 1.6200948e-05 | CF5: 1.6405763e-05 | CG5: 1.6615072e-05 | CH5: 1.6829008e-05 | CI5: 1.704767e-05 | CJ5: 1.7271214e-05 | CK5: 1.749981e-05 | CL5: 1.7733636e-05 | CM5: 1.7972898e-05
A7: ROW.per_capita_commodity_crop_demand_scenario | B7: 0 | C7: 0 | D7: 0 | E7: 0 | F7: 0 | G7: 0 | H7: 0 | I7: 0 | J7: 0 | K7: 0 | L7: 0 | M7: 0 | N7: 0 | O7: 0 | P7: 0 | Q7: 0 | R7: 0 | S7: 0 | T7: 0 | U7: 0 | V7: 0 | W7: 0 | X7: 0 | Y7: 0 | Z7: 0 | AA7: 0 | AB7: 0 | AC7: 0 | AD7: 0 | AE7: 0 | AF7: 3.6843337e-05 | AG7: 3.6790336e-05 | AH7: 3.6735361e-05 | AI7: 3.6679542e-05 | AJ7: 3.6623172e-05 | AK7: 3.6566333e-05 | AL7: 3.6509049e-05 | AM7: 3.6451466e-05 | AN7: 3.6393772e-05 | AO7: 3.6336058e-05 | AP7: 3.6278481e-05 | AQ7: 3.6221086e-05 | AR7: 3.6163908e-05 | AS7: 3.6106967e-05 | AT7: 3.6050252e-05 | AU7: 3.5993816e-05 | AV7: 3.6240761e-05 | AW7: 3.6488319e-05 | AX7: 3.6736402e-05 | AY7: 3.6984942e-05 | AZ7: 3.7233916e-05 | BA7: 3.7483341e-05 | BB7: 3.7733265e-05 | BC7: 3.7983772e-05 | BD7: 3.8234915e-05 | BE7: 3.8486709e-05 | BF7: 3.8739113e-05 | BG7: 3.8992096e-05 | BH7: 3.9245624e-05 | BI7: 3.9499679e-05 | BJ7: 3.975424e-05 | BK7: 4.0009324e-05 | BL7: 4.0264903e-05 | BM7: 4.052098e-05 | BN7: 4.0777533e-05 | BO7: 4.103456e-05 | BP7: 4.1292071e-05 | BQ7: 4.1550085e-05 | BR7: 4.1808652e-05 | BS7: 4.2067778e-05 | BT7: 4.2057327e-05 | BU7: 4.204757e-05 | BV7: 4.2038516e-05 | BW7: 4.2030165e-05 | BX7: 4.2022518e-05 | BY7: 4.2015579e-05 | BZ7: 4.200935e-05 | CA7: 4.2003839e-05 | CB7: 4.1999036e-05 | CC7: 4.1994954e-05 | CD7: 4.1991584e-05 | CE7: 4.1988923e-05 | CF7: 4.1986974e-05 | CG7: 4.1985725e-05 | CH7: 4.1985181e-05 | CI7: 4.1985334e-05 | CJ7: 4.198618e-05 | CK7: 4.1987716e-05 | CL7: 4.1989957e-05 | CM7: 4.1992888e-05
A8: … | B8: 0 | C8: 0 | D8: 0 | E8: 0 | F8: 0 | G8: 0 | H8: 0 | I8: 0 | J8: 0 | K8: 0 | L8: 0 | M8: 0 | N8: 0 | O8: 0 | P8: 0 | Q8: 0 | R8: 0 | S8: 0 | T8: 0 | U8: 0 | V8: 0 | W8: 0 | X8: 0 | Y8: 0 | Z8: 0 | AA8: 0 | AB8: 0 | AC8: 0 | AD8: 0 | AE8: 0 | AF8: 5.2769166e-05 | AG8: 5.2693256e-05 | AH8: 5.2614517e-05 | AI8: 5.253457e-05 | AJ8: 5.2453834e-05 | AK8: 5.2372426e-05 | AL8: 5.229038e-05 | AM8: 5.2207906e-05 | AN8: 5.2125274e-05 | AO8: 5.2042613e-05 | AP8: 5.1960147e-05 | AQ8: 5.1877943e-05 | AR8: 5.1796049e-05 | AS8: 5.1714495e-05 | AT8: 5.1633265e-05 | AU8: 5.1552433e-05 | AV8: 5.1426673e-05 | AW8: 5.130194e-05 | AX8: 5.1178111e-05 | AY8: 5.1055095e-05 | AZ8: 5.0932864e-05 | BA8: 5.0811445e-05 | BB8: 5.069091e-05 | BC8: 5.0571373e-05 | BD8: 5.0452905e-05 | BE8: 5.0335522e-05 | BF8: 5.0219168e-05 | BG8: 5.0103801e-05 | BH8: 4.9989378e-05 | BI8: 4.9875874e-05 | BJ8: 4.9763265e-05 | BK8: 4.9651571e-05 | BL8: 4.9540761e-05 | BM8: 4.9430839e-05 | BN8: 4.9321783e-05 | BO8: 4.9213588e-05 | BP8: 4.9106274e-05 | BQ8: 4.8999864e-05 | BR8: 4.8894421e-05 | BS8: 4.8789948e-05 | BT8: 4.8777827e-05 | BU8: 4.8766511e-05 | BV8: 4.8756011e-05 | BW8: 4.8746326e-05 | BX8: 4.8737456e-05 | BY8: 4.8729408e-05 | BZ8: 4.8722184e-05 | CA8: 4.8715793e-05 | CB8: 4.8710222e-05 | CC8: 4.8705488e-05 | CD8: 4.8701579e-05 | CE8: 4.8698493e-05 | CF8: 4.8696233e-05 | CG8: 4.8694784e-05 | CH8: 4.8694153e-05 | CI8: 4.8694331e-05 | CJ8: 4.8695312e-05 | CK8: 4.8697093e-05 | CL8: 4.8699693e-05 | CM8: 4.8703092e-05
A9: … | B9: 0 | C9: 0 | D9: 0 | E9: 0 | F9: 0 | G9: 0 | H9: 0 | I9: 0 | J9: 0 | K9: 0 | L9: 0 | M9: 0 | N9: 0 | O9: 0 | P9: 0 | Q9: 0 | R9: 0 | S9: 0 | T9: 0 | U9: 0 | V9: 0 | W9: 0 | X9: 0 | Y9: 0 | Z9: 0 | AA9: 0 | AB9: 0 | AC9: 0 | AD9: 0 | AE9: 0 | AF9: 3.7556434e-05 | AG9: 3.7502407e-05 | AH9: 3.7446368e-05 | AI9: 3.7389469e-05 | AJ9: 3.7332008e-05 | AK9: 3.7274069e-05 | AL9: 3.7215676e-05 | AM9: 3.7156978e-05 | AN9: 3.7098168e-05 | AO9: 3.7039337e-05 | AP9: 3.6980645e-05 | AQ9: 3.6922139e-05 | AR9: 3.6863855e-05 | AS9: 3.6805812e-05 | AT9: 3.6747999e-05 | AU9: 3.669047e-05 | AV9: 3.6554387e-05 | AW9: 3.641905e-05 | AX9: 3.628437e-05 | AY9: 3.6150285e-05 | AZ9: 3.6016773e-05 | BA9: 3.5883857e-05 | BB9: 3.5751585e-05 | BC9: 3.562004e-05 | BD9: 3.5489271e-05 | BE9: 3.5359289e-05 | BF9: 3.5230055e-05 | BG9: 3.5101538e-05 | BH9: 3.4973709e-05 | BI9: 3.484655e-05 | BJ9: 3.4720044e-05 | BK9: 3.4594207e-05 | BL9: 3.4469014e-05 | BM9: 3.4344472e-05 | BN9: 3.4220562e-05 | BO9: 3.4097284e-05 | BP9: 3.3974651e-05 | BQ9: 3.385268e-05 | BR9: 3.3731412e-05 | BS9: 3.3610853e-05 | BT9: 3.3602503e-05 | BU9: 3.3594708e-05 | BV9: 3.3587474e-05 | BW9: 3.3580802e-05 | BX9: 3.3574692e-05 | BY9: 3.3569148e-05 | BZ9: 3.3564171e-05 | CA9: 3.3559769e-05 | CB9: 3.3555931e-05 | CC9: 3.355267e-05 | CD9: 3.3549977e-05 | CE9: 3.3547851e-05 | CF9: 3.3546294e-05 | CG9: 3.3545296e-05 | CH9: 3.3544861e-05 | CI9: 3.3544983e-05 | CJ9: 3.3545659e-05 | CK9: 3.3546886e-05 | CL9: 3.3548677e-05 | CM9: 3.3551019e-05
A10: … | B10: 0 | C10: 0 | D10: 0 | E10: 0 | F10: 0 | G10: 0 | H10: 0 | I10: 0 | J10: 0 | K10: 0 | L10: 0 | M10: 0 | N10: 0 | O10: 0 | P10: 0 | Q10: 0 | R10: 0 | S10: 0 | T10: 0 | U10: 0 | V10: 0 | W10: 0 | X10: 0 | Y10: 0 | Z10: 0 | AA10: 0 | AB10: 0 | AC10: 0 | AD10: 0 | AE10: 0 | AF10: 3.2802455e-05 | AG10: 3.2755267e-05 | AH10: 3.2706321e-05 | AI10: 3.2656625e-05 | AJ10: 3.2606437e-05 | AK10: 3.2555832e-05 | AL10: 3.2504831e-05 | AM10: 3.2453563e-05 | AN10: 3.2402197e-05 | AO10: 3.2350813e-05 | AP10: 3.2299551e-05 | AQ10: 3.2248451e-05 | AR10: 3.2197544e-05 | AS10: 3.2146848e-05 | AT10: 3.2096354e-05 | AU10: 3.2046107e-05 | AV10: 3.2141497e-05 | AW10: 3.2237472e-05 | AX10: 3.2333953e-05 | AY10: 3.2430883e-05 | AZ10: 3.2528241e-05 | BA10: 3.2626044e-05 | BB10: 3.2724335e-05 | BC10: 3.2823187e-05 | BD10: 3.2922647e-05 | BE10: 3.3022726e-05 | BF10: 3.3123389e-05 | BG10: 3.3224607e-05 | BH10: 3.3326354e-05 | BI10: 3.3428612e-05 | BJ10: 3.3531365e-05 | BK10: 3.3634627e-05 | BL10: 3.3738375e-05 | BM10: 3.3842612e-05 | BN10: 3.394732e-05 | BO10: 3.4052497e-05 | BP10: 3.4158155e-05 | BQ10: 3.4264307e-05 | BR10: 3.4370998e-05 | BS10: 3.447823e-05 | BT10: 3.4469665e-05 | BU10: 3.4461668e-05 | BV10: 3.4454248e-05 | BW10: 3.4447403e-05 | BX10: 3.4441136e-05 | BY10: 3.4435448e-05 | BZ10: 3.4430343e-05 | CA10: 3.4425827e-05 | CB10: 3.442189e-05 | CC10: 3.4418545e-05 | CD10: 3.4415782e-05 | CE10: 3.4413602e-05 | CF10: 3.4412005e-05 | CG10: 3.4410981e-05 | CH10: 3.4410535e-05 | CI10: 3.441066e-05 | CJ10: 3.4411354e-05 | CK10: 3.4412612e-05 | CL10: 3.441445e-05 | CM10: 3.4416852e-05
A11: … | B11: 0 | C11: 0 | D11: 0 | E11: 0 | F11: 0 | G11: 0 | H11: 0 | I11: 0 | J11: 0 | K11: 0 | L11: 0 | M11: 0 | N11: 0 | O11: 0 | P11: 0 | Q11: 0 | R11: 0 | S11: 0 | T11: 0 | U11: 0 | V11: 0 | W11: 0 | X11: 0 | Y11: 0 | Z11: 0 | AA11: 0 | AB11: 0 | AC11: 0 | AD11: 0 | AE11: 0 | AF11: 9.8542367e-06 | AG11: 9.9823314e-06 | AH11: 1.0100377e-05 | AI11: 1.0217954e-05 | AJ11: 1.0335036e-05 | AK11: 1.045161e-05 | AL11: 1.0567721e-05 | AM11: 1.0683585e-05 | AN11: 1.0799445e-05 | AO11: 1.0915504e-05 | AP11: 1.1031807e-05 | AQ11: 1.114831e-05 | AR11: 1.126487e-05 | AS11: 1.1381328e-05 | AT11: 1.1497512e-05 | AU11: 1.1613397e-05 | AV11: 1.1713799e-05 | AW11: 1.181447e-05 | AX11: 1.1915346e-05 | AY11: 1.2016381e-05 | AZ11: 1.2117558e-05 | BA11: 1.2218891e-05 | BB11: 1.2320406e-05 | BC11: 1.2422163e-05 | BD11: 1.2524187e-05 | BE11: 1.2626484e-05 | BF11: 1.2729031e-05 | BG11: 1.2831825e-05 | BH11: 1.2934868e-05 | BI11: 1.3038142e-05 | BJ11: 1.3141646e-05 | BK11: 1.3245362e-05 | BL11: 1.3349273e-05 | BM11: 1.3453362e-05 | BN11: 1.3557618e-05 | BO11: 1.3662013e-05 | BP11: 1.3766548e-05 | BQ11: 1.3871201e-05 | BR11: 1.3975979e-05 | BS11: 1.4080865e-05 | BT11: 1.4176706e-05 | BU11: 1.4272898e-05 | BV11: 1.4369405e-05 | BW11: 1.4466221e-05 | BX11: 1.4563333e-05 | BY11: 1.4660743e-05 | BZ11: 1.475844e-05 | CA11: 1.4856433e-05 | CB11: 1.4954724e-05 | CC11: 1.5053311e-05 | CD11: 1.5152187e-05 | CE11: 1.5251348e-05 | CF11: 1.5350789e-05 | CG11: 1.5450503e-05 | CH11: 1.5550494e-05 | CI11: 1.5650749e-05 | CJ11: 1.5751267e-05 | CK11: 1.5852033e-05 | CL11: 1.5953047e-05 | CM11: 1.605429e-05
A12: … | B12: 0 | C12: 0 | D12: 0 | E12: 0 | F12: 0 | G12: 0 | H12: 0 | I12: 0 | J12: 0 | K12: 0 | L12: 0 | M12: 0 | N12: 0 | O12: 0 | P12: 0 | Q12: 0 | R12: 0 | S12: 0 | T12: 0 | U12: 0 | V12: 0 | W12: 0 | X12: 0 | Y12: 0 | Z12: 0 | AA12: 0 | AB12: 0 | AC12: 0 | AD12: 0 | AE12: 0 | AF12: 2.1546611e-05 | AG12: 2.1548776e-05 | AH12: 2.1529814e-05 | AI12: 2.1511796e-05 | AJ12: 2.1494295e-05 | AK12: 2.1477259e-05 | AL12: 2.1460781e-05 | AM12: 2.1445238e-05 | AN12: 2.1430974e-05 | AO12: 2.1418246e-05 | AP12: 2.1406989e-05 | AQ12: 2.1396971e-05 | AR12: 2.1387819e-05 | AS12: 2.1379161e-05 | AT12: 2.1370586e-05 | AU12: 2.136208e-05 | AV12: 2.143122e-05 | AW12: 2.1500622e-05 | AX12: 2.1570179e-05 | AY12: 2.1639822e-05 | AZ12: 2.1709568e-05 | BA12: 2.1779463e-05 | BB12: 2.1849627e-05 | BC12: 2.1920278e-05 | BD12: 2.1991551e-05 | BE12: 2.2063476e-05 | BF12: 2.2136023e-05 | BG12: 2.2209233e-05 | BH12: 2.2283197e-05 | BI12: 2.2357891e-05 | BJ12: 2.2433347e-05 | BK12: 2.2509532e-05 | BL12: 2.258636e-05 | BM12: 2.266374e-05 | BN12: 2.2741629e-05 | BO12: 2.2819946e-05 | BP12: 2.2898701e-05 | BQ12: 2.2977839e-05 | BR12: 2.3057374e-05 | BS12: 2.3137229e-05 | BT12: 2.3220885e-05 | BU12: 2.3304857e-05 | BV12: 2.3389124e-05 | BW12: 2.3473653e-05 | BX12: 2.3558451e-05 | BY12: 2.3643525e-05 | BZ12: 2.372884e-05 | CA12: 2.3814449e-05 | CB12: 2.3900369e-05 | CC12: 2.3986619e-05 | CD12: 2.4073167e-05 | CE12: 2.4160049e-05 | CF12: 2.4247234e-05 | CG12: 2.433471e-05 | CH12: 2.4422475e-05 | CI12: 2.4510534e-05 | CJ12: 2.4598869e-05 | CK12: 2.4687475e-05 | CL12: 2.477636e-05 | CM12: 2.4865496e-05
A14: ROW.Per_capita_VFN_demand_Scenario | B14: 0 | C14: 0 | D14: 0 | E14: 0 | F14: 0 | G14: 0 | H14: 0 | I14: 0 | J14: 0 | K14: 0 | L14: 0 | M14: 0 | N14: 0 | O14: 0 | P14: 0 | Q14: 0 | R14: 0 | S14: 0 | T14: 0 | U14: 0 | V14: 0 | W14: 0 | X14: 0 | Y14: 0 | Z14: 0 | AA14: 0 | AB14: 0 | AC14: 0 | AD14: 0 | AE14: 0 | AF14: 7.2579401e-05 | AG14: 7.271075e-05 | AH14: 7.2835631e-05 | AI14: 7.2966845e-05 | AJ14: 7.310436e-05 | AK14: 7.3248247e-05 | AL14: 7.3398755e-05 | AM14: 7.3555626e-05 | AN14: 7.371863e-05 | AO14: 7.388793e-05 | AP14: 7.4063048e-05 | AQ14: 7.4244147e-05 | AR14: 7.4431632e-05 | AS14: 7.4625872e-05 | AT14: 7.4827372e-05 | AU14: 7.5036048e-05 | AV14: 7.519613e-05 | AW14: 7.5362227e-05 | AX14: 7.5533423e-05 | AY14: 7.5709183e-05 | AZ14: 7.5889042e-05 | BA14: 7.6072967e-05 | BB14: 7.626069e-05 | BC14: 7.6451712e-05 | BD14: 7.6645709e-05 | BE14: 7.6842654e-05 | BF14: 7.7042342e-05 | BG14: 7.7245071e-05 | BH14: 7.7450697e-05 | BI14: 7.7659336e-05 | BJ14: 7.7871119e-05 | BK14: 7.8085963e-05 | BL14: 7.8304194e-05 | BM14: 7.85262e-05 | BN14: 7.8752113e-05 | BO14: 7.898214e-05 | BP14: 7.9215968e-05 | BQ14: 7.9453663e-05 | BR14: 7.9694686e-05 | BS14: 8.093914e-05 | BT14: 8.1144581e-05 | BU14: 8.1352255e-05 | BV14: 8.156159e-05 | BW14: 8.1772239e-05 | BX14: 8.1983733e-05 | BY14: 8.2195785e-05 | BZ14: 8.240854e-05 | CA14: 8.262177e-05 | CB14: 8.2835636e-05 | CC14: 8.3049975e-05 | CD14: 8.3264965e-05 | CE14: 8.3480476e-05 | CF14: 8.3696427e-05 | CG14: 8.3912862e-05 | CH14: 8.4129688e-05 | CI14: 8.434705e-05 | CJ14: 8.4565e-05 | CK14: 8.4783853e-05 | CL14: 8.5003601e-05 | CM14: 8.5224739e-05
A16: USA.per_capita_animal_product_demand_scenario | B16: 0 | C16: 0 | D16: 0 | E16: 0 | F16: 0 | G16: 0 | H16: 0 | I16: 0 | J16: 0 | K16: 0 | L16: 0 | M16: 0 | N16: 0 | O16: 0 | P16: 0 | Q16: 0 | R16: 0 | S16: 0 | T16: 0 | U16: 0 | V16: 0 | W16: 0 | X16: 0 | Y16: 0 | Z16: 0 | AA16: 0 | AB16: 0 | AC16: 0 | AD16: 0 | AE16: 0 | AF16: 2.6047124e-05 | AG16: 2.5931821e-05 | AH16: 2.5817027e-05 | AI16: 2.5702742e-05 | AJ16: 2.5588963e-05 | AK16: 2.5475688e-05 | AL16: 2.5362914e-05 | AM16: 2.5250639e-05 | AN16: 2.5138861e-05 | AO16: 2.5027578e-05 | AP16: 2.4916788e-05 | AQ16: 2.4806488e-05 | AR16: 2.4696676e-05 | AS16: 2.458735e-05 | AT16: 2.4478509e-05 | AU16: 2.4370149e-05 | AV16: 2.4378852e-05 | AW16: 2.4387559e-05 | AX16: 2.4396268e-05 | AY16: 2.4404981e-05 | AZ16: 2.4413697e-05 | BA16: 2.4422416e-05 | BB16: 2.4431138e-05 | BC16: 2.4439863e-05 | BD16: 2.4448591e-05 | BE16: 2.4457323e-05 | BF16: 2.4466057e-05 | BG16: 2.4474795e-05 | BH16: 2.4483535e-05 | BI16: 2.4492279e-05 | BJ16: 2.4501026e-05 | BK16: 2.4509776e-05 | BL16: 2.451853e-05 | BM16: 2.4527286e-05 | BN16: 2.4536045e-05 | BO16: 2.4544808e-05 | BP16: 2.4553574e-05 | BQ16: 2.4562343e-05 | BR16: 2.4571115e-05 | BS16: 2.457989e-05 | BT16: 2.4588668e-05 | BU16: 2.4597449e-05 | BV16: 2.4606234e-05 | BW16: 2.4615022e-05 | BX16: 2.4623812e-05 | BY16: 2.4632606e-05 | BZ16: 2.4641404e-05 | CA16: 2.4650204e-05 | CB16: 2.4659007e-05 | CC16: 2.4667814e-05 | CD16: 2.4676623e-05 | CE16: 2.4685436e-05 | CF16: 2.4694252e-05 | CG16: 2.4703071e-05 | CH16: 2.4711893e-05 | CI16: 2.4720719e-05 | CJ16: 2.4729547e-05 | CK16: 2.4738379e-05 | CL16: 2.4747214e-05 | CM16: 2.4756052e-05
... A50: USA.Potential VFN yield | B50: 0 | C50: 0 | D50: 0 | E50: 0 | F50: 0 | G50: 0 | H50: 0 | I50: 0 | J50: 0 | K50: 0 | L50: 0 | M50: 0 | N50: 0 | O50: 0 | P50: 0 | Q50: 0 | R50: 0 | S50: 0 | T50: 0 | U50: 0 | V50: 0 | W50: 0 | X50: 0 | Y50: 0 | Z50: 0 | AA50: 0 | AB50: 0 | AC50: 0 | AD50: 0 | AE50: 0 | AF50: 0.00086618671 | AG50: 0.00087332066 | AH50: 0.0008804546 | AI50: 0.00088758854 | AJ50: 0.00089472249 | AK50: 0.00090185643 | AL50: 0.00090899038 | AM50: 0.00091612432 | AN50: 0.00092325827 | AO50: 0.00093039221 | AP50: 0.00093752615 | AQ50: 0.0009446601 | AR50: 0.00095179404 | AS50: 0.00095892799 | AT50: 0.00096606193 | AU50: 0.00097319588 | AV50: 0.00099072165 | AW50: 0.0010082474 | AX50: 0.0010257732 | AY50: 0.001043299 | AZ50: 0.0010608247 | BA50: 0.0010783505 | BB50: 0.0010958763 | BC50: 0.0011134021 | BD50: 0.0011309278 | BE50: 0.0011484536 | BF50: 0.0011659794 | BG50: 0.0011835052 | BH50: 0.0012010309 | BI50: 0.0012185567 | BJ50: 0.0012360825 | BK50: 0.0012536082 | BL50: 0.001271134 | BM50: 0.0012886598 | BN50: 0.0013061856 | BO50: 0.0013237113 | BP50: 0.0013412371 | BQ50: 0.0013587629 | BR50: 0.0013762887 | BS50: 0.0013938144 | BT50: 0.0014113402 | BU50: 0.001428866 | BV50: 0.0014463918 | BW50: 0.0014639175 | BX50: 0.0014814433 | BY50: 0.0014989691 | BZ50: 0.0015164948 | CA50: 0.0015340206 | CB50: 0.0015515464 | CC50: 0.0015690722 | CD50: 0.0015865979 | CE50: 0.0016041237 | CF50: 0.0016216495 | CG50: 0.0016391753 | CH50: 0.001656701 | CI50: 0.0016742268 | CJ50: 0.0016917526 | CK50: 0.0017092784 | CL50: 0.0017268041 | CM50: 0.0017443299
A52: USA.Crop Land Alloc to Cellulosic Energy Crop | B52: ='25% by 2050 Ag'!B27 -> 0 | C52: ='25% by 2050 Ag'!C27 -> 0 | D52: ='25% by 2050 Ag'!D27 -> 0 | E52: ='25% by 2050 Ag'!E27 -> 0 | F52: ='25% by 2050 Ag'!F27 -> 0 | G52: ='25% by 2050 Ag'!G27 -> 0 | H52: ='25% by 2050 Ag'!H27 -> 0 | I52: ='25% by 2050 Ag'!I27 -> 0 | ... CM52: ='25% by 2050 Ag'!CM27 -> 84257355
A54: ROW.Crop Land Alloc to Cellulosic Energy Crop | B54: ='25% by 2050 Ag'!B28 -> 0 | C54: ='25% by 2050 Ag'!C28 -> 0 | D54: ='25% by 2050 Ag'!D28 -> 0 | E54: ='25% by 2050 Ag'!E28 -> 0 | F54: ='25% by 2050 Ag'!F28 -> 0 | G54: ='25% by 2050 Ag'!G28 -> 0 | H54: ='25% by 2050 Ag'!H28 -> 0 | I54: ='25% by 2050 Ag'!I28 -> 0 | ... CM54: ='25% by 2050 Ag'!CM28 -> 6.0773426e+08

Sheet LUC-2012-08-10-Run4
B1: 1961 | C1: 1962 | D1: 1963 | E1: 1964 | F1: 1965 | G1: 1966 | H1: 1967 | I1: 1968 | J1: 1969 | K1: 1970 | L1: 1971 | M1: 1972 | N1: 1973 | O1: 1974 | P1: 1975 | Q1: 1976 | R1: 1977 | S1: 1978 | T1: 1979 | U1: 1980 | V1: 1981 | W1: 1982 | X1: 1983 | Y1: 1984 | Z1: 1985 | AA1: 1986 | AB1: 1987 | AC1: 1988 | AD1: 1989 | AE1: 1990 | AF1: 1991 | AG1: 1992 | AH1: 1993 | AI1: 1994 | AJ1: 1995 | AK1: 1996 | AL1: 1997 | AM1: 1998 | AN1: 1999 | AO1: 2000 | AP1: 2001 | AQ1: 2002 | AR1: 2003 | AS1: 2004 | AT1: 2005 | AU1: 2006 | AV1: 2007 | AW1: 2008 | AX1: 2009 | AY1: 2010 | AZ1: 2011 | BA1: 2012 | BB1: 2013 | BC1: 2014 | BD1: 2015 | BE1: 2016 | BF1: 2017 | BG1: 2018 | BH1: 2019 | BI1: 2020 | BJ1: 2021 | BK1: 2022 | BL1: 2023 | BM1: 2024 | BN1: 2025 | BO1: 2026 | BP1: 2027 | BQ1: 2028 | BR1: 2029 | BS1: 2030 | BT1: 2031 | BU1: 2032 | BV1: 2033 | BW1: 2034 | BX1: 2035 | BY1: 2036 | BZ1: 2037 | CA1: 2038 | CB1: 2039 | CC1: 2040 | CD1: 2041 | CE1: 2042 | CF1: 2043 | CG1: 2044 | CH1: 2045 | CI1: 2046 | CJ1: 2047 | CK1: 2048 | CL1: 2049 | CM1: 2050
A2: ROW.per_capita_animal_product_demand_scenario | B2: 0 | C2: 0 | D2: 0 | E2: 0 | F2: 0 | G2: 0 | H2: 0 | I2: 0 | J2: 0 | K2: 0 | L2: 0 | M2: 0 | N2: 0 | O2: 0 | P2: 0 | Q2: 0 | R2: 0 | S2: 0 | T2: 0 | U2: 0 | V2: 0 | W2: 0 | X2: 0 | Y2: 0 | Z2: 0 | AA2: 0 | AB2: 0 | AC2: 0 | AD2: 0 | AE2: 0 | AF2: 1.0508416e-05 | AG2: 1.0527619e-05 | AH2: 1.0524145e-05 | AI2: 1.0522463e-05 | AJ2: 1.0522681e-05 | AK2: 1.0524798e-05 | AL2: 1.0528849e-05 | AM2: 1.0535258e-05 | AN2: 1.0544408e-05 | AO2: 1.0556611e-05 | AP2: 1.0571845e-05 | AQ2: 1.058998e-05 | AR2: 1.0610719e-05 | AS2: 1.0633798e-05 | AT2: 1.0658935e-05 | AU2: 1.0847333e-05 | AV2: 1.0964836e-05 | AW2: 1.1083992e-05 | AX2: 1.120477e-05 | AY2: 1.1327126e-05 | AZ2: 1.1451083e-05 | BA2: 1.1576694e-05 | BB2: 1.170399e-05 | BC2: 1.1833063e-05 | BD2: 1.1963939e-05 | BE2: 1.2096649e-05 | BF2: 1.2231179e-05 | BG2: 1.2367491e-05 | BH2: 1.2505587e-05 | BI2: 1.2645391e-05 | BJ2: 1.2786913e-05 | BK2: 1.2930112e-05 | BL2: 1.3074987e-05 | BM2: 1.3221532e-05 | BN2: 1.3369756e-05 | BO2: 1.35196e-05 | BP2: 1.3671072e-05 | BQ2: 1.3824161e-05 | BR2: 1.3978933e-05 | BS2: 1.4135376e-05 | BT2: 1.429351e-05 | BU2: 1.4453327e-05 | BV2: 1.4614729e-05 | BW2: 1.4777609e-05 | BX2: 1.49419e-05 | BY2: 1.5107582e-05 | BZ2: 1.5274651e-05 | CA2: 1.5443153e-05 | CB2: 1.5613158e-05 | CC2: 1.5784721e-05 | CD2: 1.5957834e-05 | CE2: 1.6132525e-05 | CF2: 1.6308757e-05 | CG2: 1.6486516e-05 | CH2: 1.6665823e-05 | CI2: 1.6846654e-05 | CJ2: 1.7029046e-05 | CK2: 1.7213054e-05 | CL2: 1.7398717e-05 | CM2: 1.7586115e-05
A3: … | B3: 0 | C3: 0 | D3: 0 | E3: 0 | F3: 0 | G3: 0 | H3: 0 | I3: 0 | J3: 0 | K3: 0 | L3: 0 | M3: 0 | N3: 0 | O3: 0 | P3: 0 | Q3: 0 | R3: 0 | S3: 0 | T3: 0 | U3: 0 | V3: 0 | W3: 0 | X3: 0 | Y3: 0 | Z3: 0 | AA3: 0 | AB3: 0 | AC3: 0 | AD3: 0 | AE3: 0 | AF3: 7.000043e-05 | AG3: 7.0630961e-05 | AH3: 7.1066274e-05 | AI3: 7.150778e-05 | AJ3: 7.1952945e-05 | AK3: 7.2400862e-05 | AL3: 7.2852846e-05 | AM3: 7.3313274e-05 | AN3: 7.3787111e-05 | AO3: 7.4277958e-05 | AP3: 7.4785862e-05 | AQ3: 7.5308758e-05 | AR3: 7.584261e-05 | AS3: 7.638308e-05 | AT3: 7.6926134e-05 | AU3: 7.8564814e-05 | AV3: 7.9759633e-05 | AW3: 8.0954262e-05 | AX3: 8.2147892e-05 | AY3: 8.3339977e-05 | AZ3: 8.4530221e-05 | BA3: 8.5718612e-05 | BB3: 8.690567e-05 | BC3: 8.8092573e-05 | BD3: 8.9279967e-05 | BE3: 9.0467983e-05 | BF3: 9.1656452e-05 | BG3: 9.2845627e-05 | BH3: 9.4035979e-05 | BI3: 9.5227511e-05 | BJ3: 9.6420416e-05 | BK3: 9.7614504e-05 | BL3: 9.8809372e-05 | BM3: 0.00010000446 | BN3: 0.00010119957 | BO3: 0.00010239415 | BP3: 0.00010358838 | BQ3: 0.00010478176 | BR3: 0.00010597432 | BS3: 0.00010716565 | BT3: 0.00010822525 | BU3: 0.00010928723 | BV3: 0.00011035132 | BW3: 0.00011141784 | BX3: 0.00011248686 | BY3: 0.00011355858 | BZ3: 0.00011463261 | CA3: 0.0001157092 | CB3: 0.00011678824 | CC3: 0.0001178697 | CD3: 0.00011895337 | CE3: 0.00012003931 | CF3: 0.00012112748 | CG3: 0.00012221779 | CH3: 0.00012331033 | CI3: 0.00012440495 | CJ3: 0.00012550153 | CK3: 0.00012659968 | CL3: 0.00012769947 | CM3: 0.00012880035
A4: ... | B4: 0 | C4: 0 | D4: 0 | E4: 0 | F4: 0 | G4: 0 | H4: 0 | I4: 0 | J4: 0 | K4: 0 | L4: 0 | M4: 0 | N4: 0 | O4: 0 | P4: 0 | Q4: 0 | R4: 0 | S4: 0 | T4: 0 | U4: 0 | V4: 0 | W4: 0 | X4: 0 | Y4: 0 | Z4: 0 | AA4: 0 | AB4: 0 | AC4: 0 | AD4: 0 | AE4: 0 | AF4: 1.3228987e-05 | AG4: 1.3351004e-05 | AH4: 1.3448211e-05 | AI4: 1.3548882e-05 | AJ4: 1.365327e-05 | AK4: 1.3761501e-05 | AL4: 1.3873701e-05 | AM4: 1.3990475e-05 | AN4: 1.4112379e-05 | AO4: 1.4239928e-05 | AP4: 1.4373259e-05 | AQ4: 1.4512397e-05 | AR4: 1.4657165e-05 | AS4: 1.4807427e-05 | AT4: 1.4962997e-05 | AU4: 1.5469466e-05 | AV4: 1.5574976e-05 | AW4: 1.5682744e-05 | AX4: 1.5792765e-05 | AY4: 1.5905015e-05 | AZ4: 1.6019564e-05 | BA4: 1.6136521e-05 | BB4: 1.6255961e-05 | BC4: 1.6378047e-05 | BD4: 1.6502859e-05 | BE4: 1.6630486e-05 | BF4: 1.6760962e-05 | BG4: 1.6894312e-05 | BH4: 1.7030628e-05 | BI4: 1.716989e-05 | BJ4: 1.7312207e-05 | BK4: 1.7457606e-05 | BL4: 1.7606171e-05 | BM4: 1.7757978e-05 | BN4: 1.7913134e-05 | BO4: 1.8071653e-05 | BP4: 1.8233636e-05 | BQ4: 1.8399149e-05 | BR4: 1.8568334e-05 | BS4: 1.8741253e-05 | BT4: 1.8917994e-05 | BU4: 1.9098657e-05 | BV4: 1.9283182e-05 | BW4: 1.9471519e-05 | BX4: 1.9663666e-05 | BY4: 1.9859684e-05 | BZ4: 2.0059663e-05 | CA4: 2.0263768e-05 | CB4: 2.0472218e-05 | CC4: 2.0685178e-05 | CD4: 2.0902763e-05 | CE4: 2.1125138e-05 | CF4: 2.1352359e-05 | CG4: 2.158455e-05 | CH4: 2.182185e-05 | CI4: 2.20644e-05 | CJ4: 2.2312385e-05 | CK4: 2.2566061e-05 | CL4: 2.2825635e-05 | CM4: 2.3091433e-05
A5: ... | B5: 0 | C5: 0 | D5: 0 | E5: 0 | F5: 0 | G5: 0 | H5: 0 | I5: 0 | J5: 0 | K5: 0 | L5: 0 | M5: 0 | N5: 0 | O5: 0 | P5: 0 | Q5: 0 | R5: 0 | S5: 0 | T5: 0 | U5: 0 | V5: 0 | W5: 0 | X5: 0 | Y5: 0 | Z5: 0 | AA5: 0 | AB5: 0 | AC5: 0 | AD5: 0 | AE5: 0 | AF5: 7.0121002e-06 | AG5: 7.2210894e-06 | AH5: 7.4202146e-06 | AI5: 7.6288203e-06 | AJ5: 7.8474397e-06 | AK5: 8.0765895e-06 | AL5: 8.3168765e-06 | AM5: 8.5692634e-06 | AN5: 8.8347261e-06 | AO5: 9.1142143e-06 | AP5: 9.4084017e-06 | AQ5: 9.7178946e-06 | AR5: 1.0043174e-05 | AS5: 1.0384788e-05 | AT5: 1.0743309e-05 | AU5: 1.1732151e-05 | AV5: 1.2029102e-05 | AW5: 1.2330363e-05 | AX5: 1.2636011e-05 | AY5: 1.2946105e-05 | AZ5: 1.3260781e-05 | BA5: 1.3580209e-05 | BB5: 1.3904535e-05 | BC5: 1.4233979e-05 | BD5: 1.45687e-05 | BE5: 1.4908865e-05 | BF5: 1.5254594e-05 | BG5: 1.560599e-05 | BH5: 1.5963211e-05 | BI5: 1.6326322e-05 | BJ5: 1.6695498e-05 | BK5: 1.7070852e-05 | BL5: 1.7452545e-05 | BM5: 1.7840733e-05 | BN5: 1.8235602e-05 | BO5: 1.8637253e-05 | BP5: 1.9045874e-05 | BQ5: 1.9461628e-05 | BR5: 1.9884772e-05 | BS5: 2.0315474e-05 | BT5: 2.0753938e-05 | BU5: 2.1200362e-05 | BV5: 2.165481e-05 | BW5: 2.2117347e-05 | BX5: 2.258809e-05 | BY5: 2.3067222e-05 | BZ5: 2.3554949e-05 | CA5: 2.4051561e-05 | CB5: 2.4557389e-05 | CC5: 2.5072742e-05 | CD5: 2.5597856e-05 | CE5: 2.613303e-05 | CF5: 2.6678466e-05 | CG5: 2.7234421e-05 | CH5: 2.7801191e-05 | CI5: 2.8379046e-05 | CJ5: 2.8968324e-05 | CK5: 2.9569416e-05 | CL5: 3.0182697e-05 | CM5: 3.080862e-05
A7: ROW.per_capita_commodity_crop_demand_scenario | B7: 0 | C7: 0 | D7: 0 | E7: 0 | F7: 0 | G7: 0 | H7: 0 | I7: 0 | J7: 0 | K7: 0 | L7: 0 | M7: 0 | N7: 0 | O7: 0 | P7: 0 | Q7: 0 | R7: 0 | S7: 0 | T7: 0 | U7: 0 | V7: 0 | W7: 0 | X7: 0 | Y7: 0 | Z7: 0 | AA7: 0 | AB7: 0 | AC7: 0 | AD7: 0 | AE7: 0 | AF7: 3.6843337e-05 | AG7: 3.6790336e-05 | AH7: 3.6735361e-05 | AI7: 3.6679542e-05 | AJ7: 3.6623172e-05 | AK7: 3.6566333e-05 | AL7: 3.6509049e-05 | AM7: 3.6451466e-05 | AN7: 3.6393772e-05 | AO7: 3.6336058e-05 | AP7: 3.6278481e-05 | AQ7: 3.6221086e-05 | AR7: 3.6163908e-05 | AS7: 3.6106967e-05 | AT7: 3.6050252e-05 | AU7: 3.6181023e-05 | AV7: 3.6805881e-05 | AW7: 3.7432183e-05 | AX7: 3.805984e-05 | AY7: 3.8688784e-05 | AZ7: 3.9318985e-05 | BA7: 3.9950454e-05 | BB7: 4.0583238e-05 | BC7: 4.1217414e-05 | BD7: 4.1853032e-05 | BE7: 4.2490101e-05 | BF7: 4.3128576e-05 | BG7: 4.3768429e-05 | BH7: 4.4409623e-05 | BI7: 4.5052144e-05 | BJ7: 4.5695973e-05 | BK7: 4.6341127e-05 | BL7: 4.6987579e-05 | BM7: 4.7635341e-05 | BN7: 4.8284392e-05 | BO7: 4.8934736e-05 | BP7: 4.9586382e-05 | BQ7: 5.0239352e-05 | BR7: 5.0893685e-05 | BS7: 5.1549386e-05 | BT7: 5.1636306e-05 | BU7: 5.172455e-05 | BV7: 5.1814122e-05 | BW7: 5.1905017e-05 | BX7: 5.1997227e-05 | BY7: 5.2090743e-05 | BZ7: 5.2185572e-05 | CA7: 5.2281706e-05 | CB7: 5.2379129e-05 | CC7: 5.2477845e-05 | CD7: 5.2577842e-05 | CE7: 5.2679113e-05 | CF7: 5.2781652e-05 | CG7: 5.2885445e-05 | CH7: 5.2990488e-05 | CI7: 5.3096775e-05 | CJ7: 5.3204298e-05 | CK7: 5.3313061e-05 | CL7: 5.3423071e-05 | CM7: 5.3534324e-05
A8: … | B8: 0 | C8: 0 | D8: 0 | E8: 0 | F8: 0 | G8: 0 | H8: 0 | I8: 0 | J8: 0 | K8: 0 | L8: 0 | M8: 0 | N8: 0 | O8: 0 | P8: 0 | Q8: 0 | R8: 0 | S8: 0 | T8: 0 | U8: 0 | V8: 0 | W8: 0 | X8: 0 | Y8: 0 | Z8: 0 | AA8: 0 | AB8: 0 | AC8: 0 | AD8: 0 | AE8: 0 | AF8: 5.2769166e-05 | AG8: 5.2693256e-05 | AH8: 5.2614517e-05 | AI8: 5.253457e-05 | AJ8: 5.2453834e-05 | AK8: 5.2372426e-05 | AL8: 5.229038e-05 | AM8: 5.2207906e-05 | AN8: 5.2125274e-05 | AO8: 5.2042613e-05 | AP8: 5.1960147e-05 | AQ8: 5.1877943e-05 | AR8: 5.1796049e-05 | AS8: 5.1714495e-05 | AT8: 5.1633265e-05 | AU8: 5.1820562e-05 | AV8: 5.1885131e-05 | AW8: 5.1950214e-05 | AX8: 5.20157e-05 | AY8: 5.2081508e-05 | AZ8: 5.2147615e-05 | BA8: 5.2214059e-05 | BB8: 5.2280919e-05 | BC8: 5.2348326e-05 | BD8: 5.2416362e-05 | BE8: 5.2485056e-05 | BF8: 5.2554358e-05 | BG8: 5.2624227e-05 | BH8: 5.2694617e-05 | BI8: 5.2765503e-05 | BJ8: 5.2836861e-05 | BK8: 5.2908715e-05 | BL8: 5.2981037e-05 | BM8: 5.3053844e-05 | BN8: 5.3127113e-05 | BO8: 5.3200846e-05 | BP8: 5.3275066e-05 | BQ8: 5.3349808e-05 | BR8: 5.3425155e-05 | BS8: 5.3501125e-05 | BT8: 5.35859e-05 | BU8: 5.3672283e-05 | BV8: 5.376027e-05 | BW8: 5.3849853e-05 | BX8: 5.3941018e-05 | BY8: 5.4033763e-05 | BZ8: 5.4128092e-05 | CA8: 5.4224009e-05 | CB8: 5.4321497e-05 | CC8: 5.4420573e-05 | CD8: 5.4521219e-05 | CE8: 5.4623426e-05 | CF8: 5.4727189e-05 | CG8: 5.4832486e-05 | CH8: 5.4939322e-05 | CI8: 5.5047676e-05 | CJ8: 5.5157543e-05 | CK8: 5.5268921e-05 | CL8: 5.5381827e-05 | CM8: 5.5496248e-05
A9: … | B9: 0 | C9: 0 | D9: 0 | E9: 0 | F9: 0 | G9: 0 | H9: 0 | I9: 0 | J9: 0 | K9: 0 | L9: 0 | M9: 0 | N9: 0 | O9: 0 | P9: 0 | Q9: 0 | R9: 0 | S9: 0 | T9: 0 | U9: 0 | V9: 0 | W9: 0 | X9: 0 | Y9: 0 | Z9: 0 | AA9: 0 | AB9: 0 | AC9: 0 | AD9: 0 | AE9: 0 | AF9: 3.7556434e-05 | AG9: 3.7502407e-05 | AH9: 3.7446368e-05 | AI9: 3.7389469e-05 | AJ9: 3.7332008e-05 | AK9: 3.7274069e-05 | AL9: 3.7215676e-05 | AM9: 3.7156978e-05 | AN9: 3.7098168e-05 | AO9: 3.7039337e-05 | AP9: 3.6980645e-05 | AQ9: 3.6922139e-05 | AR9: 3.6863855e-05 | AS9: 3.6805812e-05 | AT9: 3.6747999e-05 | AU9: 3.6881301e-05 | AV9: 3.6933063e-05 | AW9: 3.6984803e-05 | AX9: 3.7036437e-05 | AY9: 3.7087902e-05 | AZ9: 3.7139177e-05 | BA9: 3.7190286e-05 | BB9: 3.7241284e-05 | BC9: 3.7292262e-05 | BD9: 3.7343281e-05 | BE9: 3.7394359e-05 | BF9: 3.7445462e-05 | BG9: 3.7496556e-05 | BH9: 3.7547609e-05 | BI9: 3.7598598e-05 | BJ9: 3.7649503e-05 | BK9: 3.7700339e-05 | BL9: 3.775108e-05 | BM9: 3.7801728e-05 | BN9: 3.7852263e-05 | BO9: 3.7902674e-05 | BP9: 3.795298e-05 | BQ9: 3.8003198e-05 | BR9: 3.8053394e-05 | BS9: 3.8103575e-05 | BT9: 3.8156453e-05 | BU9: 3.8210418e-05 | BV9: 3.8265476e-05 | BW9: 3.8321624e-05 | BX9: 3.837886e-05 | BY9: 3.8437188e-05 | BZ9: 3.8496608e-05 | CA9: 3.8557128e-05 | CB9: 3.8618734e-05 | CC9: 3.8681443e-05 | CD9: 3.8745238e-05 | CE9: 3.8810115e-05 | CF9: 3.8876073e-05 | CG9: 3.8943094e-05 | CH9: 3.9011184e-05 | CI9: 3.9080324e-05 | CJ9: 3.9150511e-05 | CK9: 3.9221738e-05 | CL9: 3.9294017e-05 | CM9: 3.936733e-05
A10: … | B10: 0 | C10: 0 | D10: 0 | E10: 0 | F10: 0 | G10: 0 | H10: 0 | I10: 0 | J10: 0 | K10: 0 | L10: 0 | M10: 0 | N10: 0 | O10: 0 | P10: 0 | Q10: 0 | R10: 0 | S10: 0 | T10: 0 | U10: 0 | V10: 0 | W10: 0 | X10: 0 | Y10: 0 | Z10: 0 | AA10: 0 | AB10: 0 | AC10: 0 | AD10: 0 | AE10: 0 | AF10: 3.2802455e-05 | AG10: 3.2755267e-05 | AH10: 3.2706321e-05 | AI10: 3.2656625e-05 | AJ10: 3.2606437e-05 | AK10: 3.2555832e-05 | AL10: 3.2504831e-05 | AM10: 3.2453563e-05 | AN10: 3.2402197e-05 | AO10: 3.2350813e-05 | AP10: 3.2299551e-05 | AQ10: 3.2248451e-05 | AR10: 3.2197544e-05 | AS10: 3.2146848e-05 | AT10: 3.2096354e-05 | AU10: 3.2212782e-05 | AV10: 3.2464153e-05 | AW10: 3.2716906e-05 | AX10: 3.2970962e-05 | AY10: 3.3226264e-05 | AZ10: 3.3482789e-05 | BA10: 3.374055e-05 | BB10: 3.3999588e-05 | BC10: 3.4259969e-05 | BD10: 3.4521734e-05 | BE10: 3.4784889e-05 | BF10: 3.5049395e-05 | BG10: 3.5315228e-05 | BH10: 3.5582358e-05 | BI10: 3.5850774e-05 | BJ10: 3.6120462e-05 | BK10: 3.6391437e-05 | BL10: 3.6663678e-05 | BM10: 3.6937198e-05 | BN10: 3.7211979e-05 | BO10: 3.7488031e-05 | BP10: 3.776536e-05 | BQ10: 3.8043985e-05 | BR10: 3.8323934e-05 | BS10: 3.860521e-05 | BT10: 3.867792e-05 | BU10: 3.8751713e-05 | BV10: 3.8826592e-05 | BW10: 3.8902553e-05 | BX10: 3.8979588e-05 | BY10: 3.9057691e-05 | BZ10: 3.9136866e-05 | CA10: 3.9217106e-05 | CB10: 3.9298399e-05 | CC10: 3.9380745e-05 | CD10: 3.9464137e-05 | CE10: 3.9548569e-05 | CF10: 3.9634035e-05 | CG10: 3.9720527e-05 | CH10: 3.9808039e-05 | CI10: 3.9896568e-05 | CJ10: 3.9986108e-05 | CK10: 4.0076663e-05 | CL10: 4.016824e-05 | CM10: 4.0260837e-05
A11: … | B11: 0 | C11: 0 | D11: 0 | E11: 0 | F11: 0 | G11: 0 | H11: 0 | I11: 0 | J11: 0 | K11: 0 | L11: 0 | M11: 0 | N11: 0 | O11: 0 | P11: 0 | Q11: 0 | R11: 0 | S11: 0 | T11: 0 | U11: 0 | V11: 0 | W11: 0 | X11: 0 | Y11: 0 | Z11: 0 | AA11: 0 | AB11: 0 | AC11: 0 | AD11: 0 | AE11: 0 | AF11: 9.8542367e-06 | AG11: 9.9823314e-06 | AH11: 1.0100377e-05 | AI11: 1.0217954e-05 | AJ11: 1.0335036e-05 | AK11: 1.045161e-05 | AL11: 1.0567721e-05 | AM11: 1.0683585e-05 | AN11: 1.0799445e-05 | AO11: 1.0915504e-05 | AP11: 1.1031807e-05 | AQ11: 1.114831e-05 | AR11: 1.126487e-05 | AS11: 1.1381328e-05 | AT11: 1.1497512e-05 | AU11: 1.1803464e-05 | AV11: 1.2071077e-05 | AW11: 1.2339033e-05 | AX11: 1.2607263e-05 | AY11: 1.2875722e-05 | AZ11: 1.3144398e-05 | BA11: 1.34133e-05 | BB11: 1.3682449e-05 | BC11: 1.3951887e-05 | BD11: 1.4221622e-05 | BE11: 1.4491644e-05 | BF11: 1.4761925e-05 | BG11: 1.5032444e-05 | BH11: 1.5303188e-05 | BI11: 1.5574123e-05 | BJ11: 1.5845232e-05 | BK11: 1.6116482e-05 | BL11: 1.6387847e-05 | BM11: 1.6659294e-05 | BN11: 1.6930805e-05 | BO11: 1.720234e-05 | BP11: 1.747389e-05 | BQ11: 1.7745422e-05 | BR11: 1.8016931e-05 | BS11: 1.8288393e-05 | BT11: 1.8537394e-05 | BU11: 1.8786939e-05 | BV11: 1.9037001e-05 | BW11: 1.9287579e-05 | BX11: 1.9538671e-05 | BY11: 1.9790284e-05 | BZ11: 2.0042405e-05 | CA11: 2.0295034e-05 | CB11: 2.0548157e-05 | CC11: 2.0801759e-05 | CD11: 2.1055828e-05 | CE11: 2.1310347e-05 | CF11: 2.1565315e-05 | CG11: 2.1820724e-05 | CH11: 2.2076568e-05 | CI11: 2.2332827e-05 | CJ11: 2.2589489e-05 | CK11: 2.284651e-05 | CL11: 2.3103865e-05 | CM11: 2.3361499e-05
A12: … | B12: 0 | C12: 0 | D12: 0 | E12: 0 | F12: 0 | G12: 0 | H12: 0 | I12: 0 | J12: 0 | K12: 0 | L12: 0 | M12: 0 | N12: 0 | O12: 0 | P12: 0 | Q12: 0 | R12: 0 | S12: 0 | T12: 0 | U12: 0 | V12: 0 | W12: 0 | X12: 0 | Y12: 0 | Z12: 0 | AA12: 0 | AB12: 0 | AC12: 0 | AD12: 0 | AE12: 0 | AF12: 2.1546611e-05 | AG12: 2.1548776e-05 | AH12: 2.1529814e-05 | AI12: 2.1511796e-05 | AJ12: 2.1494295e-05 | AK12: 2.1477259e-05 | AL12: 2.1460781e-05 | AM12: 2.1445238e-05 | AN12: 2.1430974e-05 | AO12: 2.1418246e-05 | AP12: 2.1406989e-05 | AQ12: 2.1396971e-05 | AR12: 2.1387819e-05 | AS12: 2.1379161e-05 | AT12: 2.1370586e-05 | AU12: 2.1564353e-05 | AV12: 2.1793341e-05 | AW12: 2.20229e-05 | AX12: 2.2252916e-05 | AY12: 2.2483317e-05 | AZ12: 2.2714122e-05 | BA12: 2.294537e-05 | BB12: 2.3177169e-05 | BC12: 2.3409715e-05 | BD12: 2.3643118e-05 | BE12: 2.3877389e-05 | BF12: 2.411249e-05 | BG12: 2.4348441e-05 | BH12: 2.4585313e-05 | BI12: 2.4823071e-05 | BJ12: 2.5061723e-05 | BK12: 2.5301223e-05 | BL12: 2.554147e-05 | BM12: 2.5782357e-05 | BN12: 2.6023827e-05 | BO12: 2.6265788e-05 | BP12: 2.650824e-05 | BQ12: 2.6751113e-05 | BR12: 2.6994399e-05 | BS12: 2.7238016e-05 | BT12: 2.7486278e-05 | BU12: 2.7735067e-05 | BV12: 2.7984373e-05 | BW12: 2.8234186e-05 | BX12: 2.8484527e-05 | BY12: 2.8735408e-05 | BZ12: 2.8986784e-05 | CA12: 2.9238689e-05 | CB12: 2.9491106e-05 | CC12: 2.974403e-05 | CD12: 2.9997419e-05 | CE12: 3.0251286e-05 | CF12: 3.0505605e-05 | CG12: 3.0760362e-05 | CH12: 3.1015538e-05 | CI12: 3.1271124e-05 | CJ12: 3.1527085e-05 | CK12: 3.1783371e-05 | CL12: 3.2039952e-05 | CM12: 3.2296748e-05
A14: ROW.Per_capita_VFN_demand_Scenario | B14: 0 | C14: 0 | D14: 0 | E14: 0 | F14: 0 | G14: 0 | H14: 0 | I14: 0 | J14: 0 | K14: 0 | L14: 0 | M14: 0 | N14: 0 | O14: 0 | P14: 0 | Q14: 0 | R14: 0 | S14: 0 | T14: 0 | U14: 0 | V14: 0 | W14: 0 | X14: 0 | Y14: 0 | Z14: 0 | AA14: 0 | AB14: 0 | AC14: 0 | AD14: 0 | AE14: 0 | AF14: 7.2579401e-05 | AG14: 7.271075e-05 | AH14: 7.2835631e-05 | AI14: 7.2966845e-05 | AJ14: 7.310436e-05 | AK14: 7.3248247e-05 | AL14: 7.3398755e-05 | AM14: 7.3555626e-05 | AN14: 7.371863e-05 | AO14: 7.388793e-05 | AP14: 7.4063048e-05 | AQ14: 7.4244147e-05 | AR14: 7.4431632e-05 | AS14: 7.4625872e-05 | AT14: 7.4827372e-05 | AU14: 7.5272799e-05 | AV14: 7.5653422e-05 | AW14: 7.6040194e-05 | AX14: 7.6432191e-05 | AY14: 7.682888e-05 | AZ14: 7.7229801e-05 | BA14: 7.7634911e-05 | BB14: 7.8043932e-05 | BC14: 7.8456345e-05 | BD14: 7.8871802e-05 | BE14: 7.9290254e-05 | BF14: 7.9711491e-05 | BG14: 8.0135789e-05 | BH14: 8.0562988e-05 | BI14: 8.0993198e-05 | BJ14: 8.1426527e-05 | BK14: 8.1862877e-05 | BL14: 8.2302563e-05 | BM14: 8.2745948e-05 | BN14: 8.3193151e-05 | BO14: 8.3644367e-05 | BP14: 8.4099277e-05 | BQ14: 8.4557926e-05 | BR14: 8.5019751e-05 | BS14: 8.8421504e-05 | BT14: 8.8842394e-05 | BU14: 8.9265304e-05 | BV14: 8.968967e-05 | BW14: 9.0115191e-05 | BX14: 9.0541413e-05 | BY14: 9.0968056e-05 | BZ14: 9.1395259e-05 | CA14: 9.1822764e-05 | CB14: 9.2250697e-05 | CC14: 9.2678861e-05 | CD14: 9.3107438e-05 | CE14: 9.3536263e-05 | CF14: 9.3965275e-05 | CG14: 9.4394519e-05 | CH14: 9.4823893e-05 | CI14: 9.5253529e-05 | CJ14: 9.5683466e-05 | CK14: 9.6113971e-05 | CL14: 9.6545001e-05 | CM14: 9.6977e-05
A16: USA.per_capita_animal_product_demand_scenario | B16: 0 | C16: 0 | D16: 0 | E16: 0 | F16: 0 | G16: 0 | H16: 0 | I16: 0 | J16: 0 | K16: 0 | L16: 0 | M16: 0 | N16: 0 | O16: 0 | P16: 0 | Q16: 0 | R16: 0 | S16: 0 | T16: 0 | U16: 0 | V16: 0 | W16: 0 | X16: 0 | Y16: 0 | Z16: 0 | AA16: 0 | AB16: 0 | AC16: 0 | AD16: 0 | AE16: 0 | AF16: 2.6047124e-05 | AG16: 2.5931821e-05 | AH16: 2.5817027e-05 | AI16: 2.5702742e-05 | AJ16: 2.5588963e-05 | AK16: 2.5475688e-05 | AL16: 2.5362914e-05 | AM16: 2.5250639e-05 | AN16: 2.5138861e-05 | AO16: 2.5027578e-05 | AP16: 2.4916788e-05 | AQ16: 2.4806488e-05 | AR16: 2.4696676e-05 | AS16: 2.458735e-05 | AT16: 2.4478509e-05 | AU16: 2.4527271e-05 | AV16: 2.4548594e-05 | AW16: 2.4569925e-05 | AX16: 2.4591263e-05 | AY16: 2.4612609e-05 | AZ16: 2.4633963e-05 | BA16: 2.4655324e-05 | BB16: 2.4676693e-05 | BC16: 2.469807e-05 | BD16: 2.4719454e-05 | BE16: 2.4740846e-05 | BF16: 2.4762246e-05 | BG16: 2.4783653e-05 | BH16: 2.4805068e-05 | BI16: 2.482649e-05 | BJ16: 2.484792e-05 | BK16: 2.4869358e-05 | BL16: 2.4890803e-05 | BM16: 2.4912256e-05 | BN16: 2.4933717e-05 | BO16: 2.4955185e-05 | BP16: 2.4976662e-05 | BQ16: 2.4998145e-05 | BR16: 2.5019637e-05 | BS16: 2.5041136e-05 | BT16: 2.5062642e-05 | BU16: 2.5084157e-05 | BV16: 2.5105679e-05 | BW16: 2.5127209e-05 | BX16: 2.5148746e-05 | BY16: 2.5170292e-05 | BZ16: 2.5191844e-05 | CA16: 2.5213405e-05 | CB16: 2.5234973e-05 | CC16: 2.5256549e-05 | CD16: 2.5278133e-05 | CE16: 2.5299724e-05 | CF16: 2.5321323e-05 | CG16: 2.534293e-05 | CH16: 2.5364545e-05 | CI16: 2.5386167e-05 | CJ16: 2.5407797e-05 | CK16: 2.5429435e-05 | CL16: 2.545108e-05 | CM16: 2.5472733e-05
... A50: USA.Potential VFN yield | B50: 0 | C50: 0 | D50: 0 | E50: 0 | F50: 0 | G50: 0 | H50: 0 | I50: 0 | J50: 0 | K50: 0 | L50: 0 | M50: 0 | N50: 0 | O50: 0 | P50: 0 | Q50: 0 | R50: 0 | S50: 0 | T50: 0 | U50: 0 | V50: 0 | W50: 0 | X50: 0 | Y50: 0 | Z50: 0 | AA50: 0 | AB50: 0 | AC50: 0 | AD50: 0 | AE50: 0 | AF50: 0.00086618671 | AG50: 0.00087332066 | AH50: 0.0008804546 | AI50: 0.00088758854 | AJ50: 0.00089472249 | AK50: 0.00090185643 | AL50: 0.00090899038 | AM50: 0.00091612432 | AN50: 0.00092325827 | AO50: 0.00093039221 | AP50: 0.00093752615 | AQ50: 0.0009446601 | AR50: 0.00095179404 | AS50: 0.00095892799 | AT50: 0.00096606193 | AU50: 0.00097319588 | AV50: 0.00099072165 | AW50: 0.0010082474 | AX50: 0.0010257732 | AY50: 0.001043299 | AZ50: 0.0010608247 | BA50: 0.0010783505 | BB50: 0.0010958763 | BC50: 0.0011134021 | BD50: 0.0011309278 | BE50: 0.0011484536 | BF50: 0.0011659794 | BG50: 0.0011835052 | BH50: 0.0012010309 | BI50: 0.0012185567 | BJ50: 0.0012360825 | BK50: 0.0012536082 | BL50: 0.001271134 | BM50: 0.0012886598 | BN50: 0.0013061856 | BO50: 0.0013237113 | BP50: 0.0013412371 | BQ50: 0.0013587629 | BR50: 0.0013762887 | BS50: 0.0013938144 | BT50: 0.0014113402 | BU50: 0.001428866 | BV50: 0.0014463918 | BW50: 0.0014639175 | BX50: 0.0014814433 | BY50: 0.0014989691 | BZ50: 0.0015164948 | CA50: 0.0015340206 | CB50: 0.0015515464 | CC50: 0.0015690722 | CD50: 0.0015865979 | CE50: 0.0016041237 | CF50: 0.0016216495 | CG50: 0.0016391753 | CH50: 0.001656701 | CI50: 0.0016742268 | CJ50: 0.0016917526 | CK50: 0.0017092784 | CL50: 0.0017268041 | CM50: 0.0017443299
A52: USA.Crop Land Alloc to Cellulosic Energy Crop | B52: ='25% by 2050 Ag'!B27 -> 0 | C52: ='25% by 2050 Ag'!C27 -> 0 | D52: ='25% by 2050 Ag'!D27 -> 0 | E52: ='25% by 2050 Ag'!E27 -> 0 | F52: ='25% by 2050 Ag'!F27 -> 0 | G52: ='25% by 2050 Ag'!G27 -> 0 | H52: ='25% by 2050 Ag'!H27 -> 0 | I52: ='25% by 2050 Ag'!I27 -> 0 | ... CM52: ='25% by 2050 Ag'!CM27 -> 84257355
A54: ROW.Crop Land Alloc to Cellulosic Energy Crop | B54: ='25% by 2050 Ag'!B28 -> 0 | C54: ='25% by 2050 Ag'!C28 -> 0 | D54: ='25% by 2050 Ag'!D28 -> 0 | E54: ='25% by 2050 Ag'!E28 -> 0 | F54: ='25% by 2050 Ag'!F28 -> 0 | G54: ='25% by 2050 Ag'!G28 -> 0 | H54: ='25% by 2050 Ag'!H28 -> 0 | I54: ='25% by 2050 Ag'!I28 -> 0 | ... CM54: ='25% by 2050 Ag'!CM28 -> 6.0773426e+08

Sheet Sheet2

Sheet RUN SPECS
A1: Run Configurations:
A2: Run # | B2: Input Sheet | C2: Tab | D2: Input | F2: Other Configurations
A3: 1 | B3: WAO Tables.xls | C3: Demand STELLA Base | D3: ROW.per_capita_animal_product_demand_scenario | G3: From | H3: 1991
D4: ROW.per_capita_commodity_crop_demand_scenario | G4: To | H4: 2050
D5: ROW.Per_capita_VFN_demand_Scenario
D6: USA.per_capita_animal_product_demand_scenario | G6: Land Initializations | I6: (1992 values, consistent with 19 region initialization, input data from Jordan)
D7: USA.per_capita_commodity_crop_demand_scenario | H7: Region | I7: Crop | J7: Pasture | K7: Available | L7: Abandoned
D8: USA.Per_capita_VFN_demand_Scenario | H8: USA | I8: 160408800 | J8: 265020200 | K8: 297107000 | L8: 19190000
C9: Yield STELLA | D9: ROW.potential commodity crop yield
D10: ROW.potential fiber yield
D11: ROW.Potential VFN yield | H11: EU27 | I11: 122366500 | J11: 76008500 | K11: 141287410 | L11: 414800000
D12: USA.potential commodity crop yield | H12: BRAZIL | I12: 56409850 | J12: 190299150 | K12: 569059800 | L12: 0
D13: USA.potential fiber yield | H13: CAN | I13: 45542000 | J13: 22272000 | K13: 310134000 | L13: 0
D14: USA.Potential VFN yield | H14: JAPAN | I14: 4929300 | J14: 685700 | K14: 24935200 | L14: 0
B15: WAO Scenario.csv | C15: WAO Scenario | D15: US.Crop Land Alloc to Cellulosic Energy Crop | H15: CHIHKG | I15: 126164900 | J15: 406219100 | K15: 161112580 | L15: 0
D16: ROW.Crop Land Alloc to Cellulosic Energy Crop | H16: INDIA | I16: 161635150 | J16: 19402850 | K16: 64374300 | L16: 0
H17: C_C_Amer | I17: 39321840 | J17: 95692860 | K17: 100559700 | L17: 0
A18: 2 | B18: WAO Tables.xls | C18: Demand STELLA High | D18: ROW.per_capita_animal_product_demand_scenario | H18: S_o_Amer | I18: 50341950 | J18: 260757050 | K18: 368967800 | L18: 0
D19: ROW.per_capita_commodity_crop_demand_scenario | H19: E_Asia | I19: 5635 | J19: 122621 | K19: 26673200 | L19: 0
D20: ROW.Per_capita_VFN_demand_Scenario | H20: Mala_Indo | I20: 35948500 | J20: 13077500 | K20: 136936800 | L20: 0
D21: USA.per_capita_animal_product_demand_scenario | H21: R_SE_Asia | I21: 49894450 | J21: 6538750 | K21: 105480500 | L21: 0
D22: USA.per_capita_commodity_crop_demand_scenario | H22: R_S_Asia | I22: 40480900 | J22: 40171100 | K22: 15270700 | L22: 0
D23: USA.Per_capita_VFN_demand_Scenario | H23: Russia | I23: 124818100 | J23: 93976900 | K23: 809045500 | L23: 0
C24: Yield STELLA | D24: ROW.potential commodity crop yield | H24: Oth_CEE_CIS | I24: 177782575 | J24: 266365625 | K24: 69822600 | L24: 0
D25: ROW.potential fiber yield | H25: R_Europe | I25: 1262100 | J25: 3608900 | K25: 10341040 | L25: 0
D26: ROW.Potential VFN yield | H26: MEAS_NAfr | I26: 61498865 | J26: 279712835 | K26: 22774380 | L26: 0
D27: USA.potential commodity crop yield | H27: S_S_AFR | I27: 173909900 | J27: 833409100 | K27: 732758790 | L27: 0
D28: USA.potential fiber yield | H28: Oceania | I28: 48397800 | J28: 435740000 | K28: 198523130 | L28: 0
D29: USA.Potential VFN yield | H29: TOTAL ROW | I29: =SUM(I11:I28) -> 1320710315 | J29: =SUM(J11:J28) -> 3044060541 | K29: =SUM(K11:K28) -> 3868057430 | L29: =SUM(L11:L28) -> 414800000
B30: WAO Scenario.csv | C30: WAO Scenario | D30: US.Crop Land Alloc to Cellulosic Energy Crop
D31: ROW.Crop Land Alloc to Cellulosic Energy Crop
A33: 3 | B33: WAO Tables.xls | C33: Demand STELLA Base | D33: ROW.per_capita_animal_product_demand_scenario | G33: Other notes:
D34: ROW.per_capita_commodity_crop_demand_scenario | G34: Meat crosswalk: Used a blended cosswalk, that reflects a weighted average of Danny's 6 different crosswalks
D35: ROW.Per_capita_VFN_demand_Scenario | G35: VFN yield factor: Introduced a calibration factor for VFN to increase VFN yield relative to input data values. Effect is to enable calibration of VFN land against input data
D36: USA.per_capita_animal_product_demand_scenario | G36: Forage, pasture yield: Instead of time series input (very noisy, very low values after "real" data ends), simply used initial potential crop land forage yield for base value
D37: USA.per_capita_commodity_crop_demand_scenario | G37: potential pasture land yield factor: set at 0.01 for both US and ROW. Captures idea that pasture lands are less than forage yields
D38: USA.Per_capita_VFN_demand_Scenario | G38: forage demand kludgita: set to value of 17 in US, 3 in ROW. This may actually reflect problem with estimation of forage yield.
C39: Yield STELLA | D39: ROW.potential commodity crop yield | G39: commodity product kludgita: set to value of 0.1 for cereal grain NEC, both in US and ROW. Number applies to meat crosswalk values, used to enable calibration of cereal grain nec against harvested data
D40: ROW.potential fiber yield
D41: ROW.Potential VFN yield | G41: calibration period: 1991-2005
D42: USA.potential commodity crop yield
D43: USA.potential fiber yield
D44: USA.Potential VFN yield
B45: 25% by 2050.csv | C45: 25% by 2050 | D45: US.Crop Land Alloc to Cellulosic Energy Crop
D46: ROW.Crop Land Alloc to Cellulosic Energy Crop
A48: 3 | B48: WAO Tables.xls | C48: Demand STELLA High | D48: ROW.per_capita_animal_product_demand_scenario
D49: ROW.per_capita_commodity_crop_demand_scenario
D50: ROW.Per_capita_VFN_demand_Scenario
D51: USA.per_capita_animal_product_demand_scenario
D52: USA.per_capita_commodity_crop_demand_scenario
D53: USA.Per_capita_VFN_demand_Scenario
C54: Yield STELLA | D54: ROW.potential commodity crop yield
D55: ROW.potential fiber yield
D56: ROW.Potential VFN yield
D57: USA.potential commodity crop yield
D58: USA.potential fiber yield
D59: USA.Potential VFN yield
B60: 25% by 2050.csv | C60: 25% by 2050 | D60: US.Crop Land Alloc to Cellulosic Energy Crop
D61: ROW.Crop Land Alloc to Cellulosic Energy Crop

Sheet WAO Scenario Ag
B1: 1961 | C1: 1962 | D1: 1963 | E1: 1964 | F1: 1965 | G1: 1966 | H1: 1967 | I1: 1968 | J1: 1969 | K1: 1970 | L1: 1971 | M1: 1972 | N1: 1973 | O1: 1974 | P1: 1975 | Q1: 1976 | R1: 1977 | S1: 1978 | T1: 1979 | U1: 1980 | V1: 1981 | W1: 1982 | X1: 1983 | Y1: 1984 | Z1: 1985 | AA1: 1986 | AB1: 1987 | AC1: 1988 | AD1: 1989 | AE1: 1990 | AF1: 1991 | AG1: 1992 | AH1: 1993 | AI1: 1994 | AJ1: 1995 | AK1: 1996 | AL1: 1997 | AM1: 1998 | AN1: 1999 | AO1: 2000 | AP1: 2001 | AQ1: 2002 | AR1: 2003 | AS1: 2004 | AT1: 2005 | AU1: 2006 | AV1: 2007 | AW1: 2008 | AX1: 2009 | AY1: 2010 | AZ1: 2011 | BA1: 2012 | BB1: 2013 | BC1: 2014 | BD1: 2015 | BE1: 2016 | BF1: 2017 | BG1: 2018 | BH1: 2019 | BI1: 2020 | BJ1: 2021 | BK1: 2022 | BL1: 2023 | BM1: 2024 | BN1: 2025 | BO1: 2026 | BP1: 2027 | BQ1: 2028 | BR1: 2029 | BS1: 2030 | BT1: 2031 | BU1: 2032 | BV1: 2033 | BW1: 2034 | BX1: 2035 | BY1: 2036 | BZ1: 2037 | CA1: 2038 | CB1: 2039 | CC1: 2040 | CD1: 2041 | CE1: 2042 | CF1: 2043 | CG1: 2044 | CH1: 2045 | CI1: 2046 | CJ1: 2047 | CK1: 2048 | CL1: 2049 | CM1: 2050
A2: US Cereal | B2: 0 | C2: 0 | D2: 0 | E2: 0 | F2: 0 | G2: 0 | H2: 0 | I2: 0 | J2: 0 | K2: 0 | L2: 0 | M2: 0 | N2: 0 | O2: 0 | P2: 0 | Q2: 0 | R2: 0 | S2: 0 | T2: 0 | U2: 0 | V2: 0 | W2: 0 | X2: 0 | Y2: 0 | Z2: 0 | AA2: 0 | AB2: 0 | AC2: 0 | AD2: 0 | AE2: 0 | AF2: 362052.24 | AG2: 713197.17 | AH2: 1053920.4 | AI2: 1384679 | AJ2: 1705904 | AK2: 2018001.5 | AL2: 2321355.3 | AM2: 2616327.6 | AN2: 2903261.1 | AO2: 3182480 | AP2: 3426203.3 | AQ2: 4099611.7 | AR2: 5302568.9 | AS2: 6337478.9 | AT2: 7196282 | AU2: 8890469.8 | AV2: 11817404 | AW2: 16628892 | AX2: 17981467 | AY2: 19322308 | AZ2: 20651567 | BA2: 21969394 | BB2: 23275936 | BC2: 24571337 | BD2: 25855738 | BE2: 27129280 | BF2: 28392099 | BG2: 29644331 | BH2: 30886108 | BI2: 30757708 | BJ2: 30630371 | BK2: 30504084 | BL2: 30378834 | BM2: 30254608 | BN2: 30131394 | BO2: 30009180 | BP2: 29887953 | BQ2: 29767701 | BR2: 29648413 | BS2: 29530078 | BT2: 29412683 | BU2: 29296219 | BV2: 29180672 | BW2: 29066034 | BX2: 28952293 | BY2: 28839438 | BZ2: 28727460 | CA2: 28616348 | CB2: 28506093 | CC2: 28396684 | CD2: 28288111 | CE2: 28180365 | CF2: 28073437 | CG2: 27967318 | CH2: 27861998 | CI2: 27757468 | CJ2: 27653719 | CK2: 27550743 | CL2: 27448531 | CM2: 27347075
A3: US Oil | B3: 0 | C3: 0 | D3: 0 | E3: 0 | F3: 0 | G3: 0 | H3: 0 | I3: 0 | J3: 0 | K3: 0 | L3: 0 | M3: 0 | N3: 0 | O3: 0 | P3: 0 | Q3: 0 | R3: 0 | S3: 0 | T3: 0 | U3: 0 | V3: 0 | W3: 0 | X3: 0 | Y3: 0 | Z3: 0 | AA3: 0 | AB3: 0 | AC3: 0 | AD3: 0 | AE3: 0 | AF3: 0 | AG3: 0 | AH3: 0 | AI3: 0 | AJ3: 0 | AK3: 0 | AL3: 0 | AM3: 0 | AN3: 0 | AO3: 0 | AP3: 68980.364 | AQ3: 83401.554 | AR3: 111702.67 | AS3: 216760.93 | AT3: 697208.05 | AU3: 1901550.9 | AV3: 3681291.6 | AW3: 4557838.1 | AX3: 4777637.3 | AY3: 4993103.8 | AZ3: 5204364.3 | BA3: 5411541 | BB3: 5614750.9 | BC3: 5814107.1 | BD3: 6009718 | BE3: 6201688.3 | BF3: 6390118.7 | BG3: 6575106.1 | BH3: 6756738.7 | BI3: 6696118 | BJ3: 6636575.3 | BK3: 6578082.3 | BL3: 6520611.3 | BM3: 6464135.8 | BN3: 6408630.2 | BO3: 6354069.7 | BP3: 6300430.4 | BQ3: 6247689.1 | BR3: 6195823.5 | BS3: 6144811.9 | BT3: 6094633.5 | BU3: 6045267.9 | BV3: 5996695.6 | BW3: 5948897.6 | BX3: 5901855.6 | BY3: 5855551.7 | BZ3: 5809968.7 | CA3: 5765089.9 | CB3: 5720899.2 | CC3: 5677380.7 | CD3: 5634519.4 | CE3: 5592300.3 | CF3: 5550709.3 | CG3: 5509732.3 | CH3: 5469355.9 | CI3: 5429566.9 | CJ3: 5390352.7 | CK3: 5351700.9 | CL3: 5313599.4 | CM3: 5276036.6
A4: ROW Oth Cereal | B4: 0 | C4: 0 | D4: 0 | E4: 0 | F4: 0 | G4: 0 | H4: 0 | I4: 0 | J4: 0 | K4: 0 | L4: 0 | M4: 0 | N4: 0 | O4: 0 | P4: 0 | Q4: 0 | R4: 0 | S4: 0 | T4: 0 | U4: 0 | V4: 0 | W4: 0 | X4: 0 | Y4: 0 | Z4: 0 | AA4: 0 | AB4: 0 | AC4: 0 | AD4: 0 | AE4: 0 | AF4: 270161.25 | AG4: 534967.18 | AH4: 794575.47 | AI4: 1049137.7 | AJ4: 1298799.4 | AK4: 1543701 | AL4: 1783977.1 | AM4: 2019757.7 | AN4: 2251167.8 | AO4: 2478327.6 | AP4: 2621817 | AQ4: 2913751.5 | AR4: 3281340.7 | AS4: 3066287.3 | AT4: 3453257.3 | AU4: 4019022.8 | AV4: 4818734.9 | AW4: 6331225.3 | AX4: 7184411.7 | AY4: 8025387.4 | AZ4: 8854412.6 | BA4: 9671740.2 | BB4: 10477616 | BC4: 11272279 | BD4: 12055962 | BE4: 12828891 | BF4: 13591285 | BG4: 14343359 | BH4: 15085319 | BI4: 14984577 | BJ4: 14885173 | BK4: 14787078 | BL4: 14690268 | BM4: 14594718 | BN4: 14500402 | BO4: 14407298 | BP4: 14315381 | BQ4: 14224630 | BR4: 14135022 | BS4: 14046536 | BT4: 13959151 | BU4: 13872847 | BV4: 13787603 | BW4: 13703401 | BX4: 13620220 | BY4: 13538044 | BZ4: 13456853 | CA4: 13376630 | CB4: 13297358 | CC4: 13219020 | CD4: 13141599 | CE4: 13065081 | CF4: 12989448 | CG4: 12914685 | CH4: 12840779 | CI4: 12767713 | CJ4: 12695474 | CK4: 12624048 | CL4: 12553422 | CM4: 12483581
A5: ROW maize | B5: 0 | C5: 0 | D5: 0 | E5: 0 | F5: 0 | G5: 0 | H5: 0 | I5: 0 | J5: 0 | K5: 0 | L5: 0 | M5: 0 | N5: 0 | O5: 0 | P5: 0 | Q5: 0 | R5: 0 | S5: 0 | T5: 0 | U5: 0 | V5: 0 | W5: 0 | X5: 0 | Y5: 0 | Z5: 0 | AA5: 0 | AB5: 0 | AC5: 0 | AD5: 0 | AE5: 0 | AF5: 194049.07 | AG5: 381255.24 | AH5: 561974.2 | AI5: 736537.39 | AJ5: 905254.08 | AK5: 1068413.2 | AL5: 1226284.8 | AM5: 1379121.8 | AN5: 1527161.4 | AO5: 1670625.9 | AP5: 1756440.2 | AQ5: 1940254.1 | AR5: 2172174.9 | AS5: 2018151.3 | AT5: 2260086.9 | AU5: 2615940.6 | AV5: 3132063.5 | AW5: 4109463.3 | AX5: 4656909.8 | AY5: 5195066.8 | AZ5: 5724168.7 | BA5: 6244442.1 | BB5: 6756106.2 | BC5: 7259373 | BD5: 7754447.4 | BE5: 8241527.9 | BF5: 8720806.6 | BG5: 9192469.4 | BH5: 9656695.6 | BI5: 9581171.9 | BJ5: 9506820.2 | BK5: 9433613.7 | BL5: 9361526 | BM5: 9290531.6 | BN5: 9220605.9 | BO5: 9151725 | BP5: 9083865.6 | BQ5: 9017005.1 | BR5: 8951121.6 | BS5: 8886194 | BT5: 8822201.4 | BU5: 8759124 | BV5: 8696942.1 | BW5: 8635636.8 | BX5: 8575189.9 | BY5: 8515583.2 | BZ5: 8456799.5 | CA5: 8398821.8 | CB5: 8341633.6 | CC5: 8285219 | CD5: 8229562.3 | CE5: 8174648.4 | CF5: 8120462.5 | CG5: 8066990.2 | CH5: 8014217.5 | CI5: 7962130.8 | CJ5: 7910716.8 | CK5: 7859962.4 | CL5: 7809855.3 | CM5: 7760382.9
A6: ROW wheat | B6: 0 | C6: 0 | D6: 0 | E6: 0 | F6: 0 | G6: 0 | H6: 0 | I6: 0 | J6: 0 | K6: 0 | L6: 0 | M6: 0 | N6: 0 | O6: 0 | P6: 0 | Q6: 0 | R6: 0 | S6: 0 | T6: 0 | U6: 0 | V6: 0 | W6: 0 | X6: 0 | Y6: 0 | Z6: 0 | AA6: 0 | AB6: 0 | AC6: 0 | AD6: 0 | AE6: 0 | AF6: 340168.03 | AG6: 669268.57 | AH6: 987833.09 | AI6: 1296359.6 | AJ6: 1595315.2 | AK6: 1885138.4 | AL6: 2166241.3 | AM6: 2439011.8 | AN6: 2703814.9 | AO6: 2960994.6 | AP6: 3116337.3 | AQ6: 3445952.3 | AR6: 3861646 | AS6: 3591256.1 | AT6: 4025513.1 | AU6: 4663547.3 | AV6: 5585113.7 | AW6: 7329892.3 | AX6: 8308439.7 | AY6: 9270861.9 | AZ6: 10217554 | BA6: 11148899 | BB6: 12065267 | BC6: 12967016 | BD6: 13854494 | BE6: 14728035 | BF6: 15587967 | BG6: 16434605 | BH6: 17268253 | BI6: 17136804 | BJ6: 17007342 | BK6: 16879820 | BL6: 16754197 | BM6: 16630430 | BN6: 16508478 | BO6: 16388302 | BP6: 16269863 | BQ6: 16153123 | BR6: 16038047 | BS6: 15924598 | BT6: 15812744 | BU6: 15702450 | BV6: 15593683 | BW6: 15486414 | BX6: 15380610 | BY6: 15276241 | BZ6: 15173280 | CA6: 15071697 | CB6: 14971466 | CC6: 14872559 | CD6: 14774950 | CE6: 14678614 | CF6: 14583526 | CG6: 14489662 | CH6: 14396998 | CI6: 14305512 | CJ6: 14215182 | CK6: 14125985 | CL6: 14037901 | CM6: 13950908
A7: ROW Sugar | B7: 0 | C7: 0 | D7: 0 | E7: 0 | F7: 0 | G7: 0 | H7: 0 | I7: 0 | J7: 0 | K7: 0 | L7: 0 | M7: 0 | N7: 0 | O7: 0 | P7: 0 | Q7: 0 | R7: 0 | S7: 0 | T7: 0 | U7: 0 | V7: 0 | W7: 0 | X7: 0 | Y7: 0 | Z7: 0 | AA7: 0 | AB7: 0 | AC7: 0 | AD7: 0 | AE7: 0 | AF7: 25254.418 | AG7: 50156.793 | AH7: 74714.436 | AI7: 98934.455 | AJ7: 122823.77 | AK7: 146389.1 | AL7: 169636.99 | AM7: 192573.83 | AN7: 215205.8 | AO7: 237538.95 | AP7: 254811.95 | AQ7: 295993.59 | AR7: 362040.29 | AS7: 394983.13 | AT7: 449369.33 | AU7: 546283.93 | AV7: 697057.23 | AW7: 953706.97 | AX7: 1040252.2 | AY7: 1124810.4 | AZ7: 1207449.3 | BA7: 1288233.5 | BB7: 1367224.6 | BC7: 1444481.8 | BD7: 1520061.5 | BE7: 1594017.8 | BF7: 1666402.4 | BG7: 1737264.9 | BH7: 1806652.8 | BI7: 1788048.9 | BJ7: 1769824.1 | BK7: 1751967.1 | BL7: 1734466.9 | BM7: 1717312.9 | BN7: 1700494.8 | BO7: 1684002.9 | BP7: 1667827.9 | BQ7: 1651960.6 | BR7: 1636392.4 | BS7: 1621114.8 | BT7: 1606119.9 | BU7: 1591399.9 | BV7: 1576947.2 | BW7: 1562754.7 | BX7: 1548815.4 | BY7: 1535122.5 | BZ7: 1521669.6 | CA7: 1508450.5 | CB7: 1495459 | CC7: 1482689.5 | CD7: 1470136.1 | CE7: 1457793.6 | CF7: 1445656.5 | CG7: 1433719.9 | CH7: 1421978.8 | CI7: 1410428.4 | CJ7: 1399064.2 | CK7: 1387881.6 | CL7: 1376876.4 | CM7: 1366044.3
A8: ROW Cassava | B8: 0 | C8: 0 | D8: 0 | E8: 0 | F8: 0 | G8: 0 | H8: 0 | I8: 0 | J8: 0 | K8: 0 | L8: 0 | M8: 0 | N8: 0 | O8: 0 | P8: 0 | Q8: 0 | R8: 0 | S8: 0 | T8: 0 | U8: 0 | V8: 0 | W8: 0 | X8: 0 | Y8: 0 | Z8: 0 | AA8: 0 | AB8: 0 | AC8: 0 | AD8: 0 | AE8: 0 | AF8: 3416.4413 | AG8: 6832.8825 | AH8: 10249.324 | AI8: 13665.765 | AJ8: 17082.206 | AK8: 20498.648 | AL8: 23915.089 | AM8: 27331.53 | AN8: 30747.971 | AO8: 34164.413 | AP8: 36890.677 | AQ8: 43133.845 | AR8: 53102.303 | AS8: 58309.241 | AT8: 66764.667 | AU8: 81682.375 | AV8: 105480.61 | AW8: 146033.35 | AX8: 161156.82 | AY8: 176280.28 | AZ8: 191403.75 | BA8: 206527.21 | BB8: 221650.68 | BC8: 236774.14 | BD8: 251897.6 | BE8: 267021.07 | BF8: 282144.53 | BG8: 297268 | BH8: 312391.46 | BI8: 312391.46 | BJ8: 312391.46 | BK8: 312391.46 | BL8: 312391.46 | BM8: 312391.46 | BN8: 312391.46 | BO8: 312391.46 | BP8: 312391.46 | BQ8: 312391.46 | BR8: 312391.46 | BS8: 312391.46 | BT8: 312391.46 | BU8: 312391.46 | BV8: 312391.46 | BW8: 312391.46 | BX8: 312391.46 | BY8: 312391.46 | BZ8: 312391.46 | CA8: 312391.46 | CB8: 312391.46 | CC8: 312391.46 | CD8: 312391.46 | CE8: 312391.46 | CF8: 312391.46 | CG8: 312391.46 | CH8: 312391.46 | CI8: 312391.46 | CJ8: 312391.46 | CK8: 312391.46 | CL8: 312391.46 | CM8: 312391.46
A9: ROW Oil | B9: 0 | C9: 0 | D9: 0 | E9: 0 | F9: 0 | G9: 0 | H9: 0 | I9: 0 | J9: 0 | K9: 0 | L9: 0 | M9: 0 | N9: 0 | O9: 0 | P9: 0 | Q9: 0 | R9: 0 | S9: 0 | T9: 0 | U9: 0 | V9: 0 | W9: 0 | X9: 0 | Y9: 0 | Z9: 0 | AA9: 0 | AB9: 0 | AC9: 0 | AD9: 0 | AE9: 0 | AF9: 213230.1 | AG9: 420704.18 | AH9: 622652.19 | AI9: 819292.03 | AJ9: 1010830.3 | AK9: 1197462.9 | AL9: 1379376 | AM9: 1556746.3 | AN9: 1729741.9 | AO9: 1898522.8 | AP9: 2350762 | AQ9: 3026354.6 | AR9: 3996955.4 | AS9: 5002175.2 | AT9: 7690715.8 | AU9: 12604336 | AV9: 16922282 | AW9: 25257774 | AX9: 29340684 | AY9: 33343110 | AZ9: 37267410 | BA9: 41115847 | BB9: 44890601 | BC9: 48593769 | BD9: 52227366 | BE9: 55793337 | BF9: 59293550 | BG9: 62729808 | BH9: 66103840 | BI9: 65510763 | BJ9: 64928234 | BK9: 64355973 | BL9: 63793712 | BM9: 63241190 | BN9: 62698157 | BO9: 62164370 | BP9: 61639596 | BQ9: 61123607 | BR9: 60616185 | BS9: 60117119 | BT9: 59626203 | BU9: 59143240 | BV9: 58668038 | BW9: 58200412 | BX9: 57740181 | BY9: 57287172 | BZ9: 56841216 | CA9: 56402149 | CB9: 55969813 | CC9: 55544055 | CD9: 55124726 | CE9: 54711680 | CF9: 54304778 | CG9: 53903884 | CH9: 53508866 | CI9: 53119595 | CJ9: 52735947 | CK9: 52357801 | CL9: 51985039 | CM9: 51617547
A11: Adjusted
B12: 1961 | C12: 1962 | D12: 1963 | E12: 1964 | F12: 1965 | G12: 1966 | H12: 1967 | I12: 1968 | J12: 1969 | K12: 1970 | L12: 1971 | M12: 1972 | N12: 1973 | O12: 1974 | P12: 1975 | Q12: 1976 | R12: 1977 | S12: 1978 | T12: 1979 | U12: 1980 | V12: 1981 | W12: 1982 | X12: 1983 | Y12: 1984 | Z12: 1985 | AA12: 1986 | AB12: 1987 | AC12: 1988 | AD12: 1989 | AE12: 1990 | AF12: 1991 | AG12: 1992 | AH12: 1993 | AI12: 1994 | AJ12: 1995 | AK12: 1996 | AL12: 1997 | AM12: 1998 | AN12: 1999 | AO12: 2000 | AP12: 2001 | AQ12: 2002 | AR12: 2003 | AS12: 2004 | AT12: 2005 | AU12: 2006 | AV12: 2007 | AW12: 2008 | AX12: 2009 | AY12: 2010 | AZ12: 2011 | BA12: 2012 | BB12: 2013 | BC12: 2014 | BD12: 2015 | BE12: 2016 | BF12: 2017 | BG12: 2018 | BH12: 2019 | BI12: 2020 | BJ12: 2021 | BK12: 2022 | BL12: 2023 | BM12: 2024 | BN12: 2025 | BO12: 2026 | BP12: 2027 | BQ12: 2028 | BR12: 2029 | BS12: 2030 | BT12: 2031 | BU12: 2032 | BV12: 2033 | BW12: 2034 | BX12: 2035 | BY12: 2036 | BZ12: 2037 | CA12: 2038 | CB12: 2039 | CC12: 2040 | CD12: 2041 | CE12: 2042 | CF12: 2043 | CG12: 2044 | CH12: 2045 | CI12: 2046 | CJ12: 2047 | CK12: 2048 | CL12: 2049 | CM12: 2050
A13: US Cereal | B13: =B2*0.73 -> 0 | C13: =C2*0.73 -> 0 | D13: =D2*0.73 -> 0 | E13: =E2*0.73 -> 0 | F13: =F2*0.73 -> 0 | G13: =G2*0.73 -> 0 | H13: =H2*0.73 -> 0 | I13: =I2*0.73 -> 0 | ... CM13: =CM2*0.73 -> 19963365
A14: US Oil | B14: =B3*0.39 -> 0 | C14: =C3*0.39 -> 0 | D14: =D3*0.39 -> 0 | E14: =E3*0.39 -> 0 | F14: =F3*0.39 -> 0 | G14: =G3*0.39 -> 0 | H14: =H3*0.39 -> 0 | I14: =I3*0.39 -> 0 | ... CM14: =CM3*0.39 -> 2057654.3
A15: ROW Oth | B15: =B4*0.77 -> 0 | C15: =C4*0.77 -> 0 | D15: =D4*0.77 -> 0 | E15: =E4*0.77 -> 0 | F15: =F4*0.77 -> 0 | G15: =G4*0.77 -> 0 | H15: =H4*0.77 -> 0 | I15: =I4*0.77 -> 0 | ... CM15: =CM4*0.77 -> 9612357.3
A16: ROW maize | B16: =B5*0.73 -> 0 | C16: =C5*0.73 -> 0 | D16: =D5*0.73 -> 0 | E16: =E5*0.73 -> 0 | F16: =F5*0.73 -> 0 | G16: =G5*0.73 -> 0 | H16: =H5*0.73 -> 0 | I16: =I5*0.73 -> 0 | ... CM16: =CM5*0.73 -> 5665079.5
A17: ROW wheat | B17: =B6*0.77 -> 0 | C17: =C6*0.77 -> 0 | D17: =D6*0.77 -> 0 | E17: =E6*0.77 -> 0 | F17: =F6*0.77 -> 0 | G17: =G6*0.77 -> 0 | H17: =H6*0.77 -> 0 | I17: =I6*0.77 -> 0 | ... CM17: =CM6*0.77 -> 10742199
A18: ROW Sugar | B18: =B7*0.98 -> 0 | C18: =C7*0.98 -> 0 | D18: =D7*0.98 -> 0 | E18: =E7*0.98 -> 0 | F18: =F7*0.98 -> 0 | G18: =G7*0.98 -> 0 | H18: =H7*0.98 -> 0 | I18: =I7*0.98 -> 0 | ... CM18: =CM7*0.98 -> 1338723.4
A19: ROW Cassava | B19: =B8*0.82 -> 0 | C19: =C8*0.82 -> 0 | D19: =D8*0.82 -> 0 | E19: =E8*0.82 -> 0 | F19: =F8*0.82 -> 0 | G19: =G8*0.82 -> 0 | H19: =H8*0.82 -> 0 | I19: =I8*0.82 -> 0 | ... CM19: =CM8*0.82 -> 256160.99
A20: ROW Oil | B20: =B9*0.65 -> 0 | C20: =C9*0.65 -> 0 | D20: =D9*0.65 -> 0 | E20: =E9*0.65 -> 0 | F20: =F9*0.65 -> 0 | G20: =G9*0.65 -> 0 | H20: =H9*0.65 -> 0 | I20: =I9*0.65 -> 0 | ... CM20: =CM9*0.65 -> 33551406
B22: 1961 | C22: 1962 | D22: 1963 | E22: 1964 | F22: 1965 | G22: 1966 | H22: 1967 | I22: 1968 | J22: 1969 | K22: 1970 | L22: 1971 | M22: 1972 | N22: 1973 | O22: 1974 | P22: 1975 | Q22: 1976 | R22: 1977 | S22: 1978 | T22: 1979 | U22: 1980 | V22: 1981 | W22: 1982 | X22: 1983 | Y22: 1984 | Z22: 1985 | AA22: 1986 | AB22: 1987 | AC22: 1988 | AD22: 1989 | AE22: 1990 | AF22: 1991 | AG22: 1992 | AH22: 1993 | AI22: 1994 | AJ22: 1995 | AK22: 1996 | AL22: 1997 | AM22: 1998 | AN22: 1999 | AO22: 2000 | AP22: 2001 | AQ22: 2002 | AR22: 2003 | AS22: 2004 | AT22: 2005 | AU22: 2006 | AV22: 2007 | AW22: 2008 | AX22: 2009 | AY22: 2010 | AZ22: 2011 | BA22: 2012 | BB22: 2013 | BC22: 2014 | BD22: 2015 | BE22: 2016 | BF22: 2017 | BG22: 2018 | BH22: 2019 | BI22: 2020 | BJ22: 2021 | BK22: 2022 | BL22: 2023 | BM22: 2024 | BN22: 2025 | BO22: 2026 | BP22: 2027 | BQ22: 2028 | BR22: 2029 | BS22: 2030 | BT22: 2031 | BU22: 2032 | BV22: 2033 | BW22: 2034 | BX22: 2035 | BY22: 2036 | BZ22: 2037 | CA22: 2038 | CB22: 2039 | CC22: 2040 | CD22: 2041 | CE22: 2042 | CF22: 2043 | CG22: 2044 | CH22: 2045 | CI22: 2046 | CJ22: 2047 | CK22: 2048 | CL22: 2049 | CM22: 2050
A23: US.Crop Land Alloc to Cellulosic Energy crop | B23: =SUM(B13:B14) -> 0 | C23: =SUM(C13:C14) -> 0 | D23: =SUM(D13:D14) -> 0 | E23: =SUM(E13:E14) -> 0 | F23: =SUM(F13:F14) -> 0 | G23: =SUM(G13:G14) -> 0 | H23: =SUM(H13:H14) -> 0 | I23: =SUM(I13:I14) -> 0 | ... CM23: =SUM(CM13:CM14) -> 22021019
A24: ROW.Crop Land Alloc to Cellulosic Energy Crop | B24: =SUM(B15:B20) -> 0 | C24: =SUM(C15:C20) -> 0 | D24: =SUM(D15:D20) -> 0 | E24: =SUM(E15:E20) -> 0 | F24: =SUM(F15:F20) -> 0 | G24: =SUM(G15:G20) -> 0 | H24: =SUM(H15:H20) -> 0 | I24: =SUM(I15:I20) -> 0 | ... CM24: =SUM(CM15:CM20) -> 61165926

Sheet 25% by 2050 Ag
B1: 1961 | C1: 1962 | D1: 1963 | E1: 1964 | F1: 1965 | G1: 1966 | H1: 1967 | I1: 1968 | J1: 1969 | K1: 1970 | L1: 1971 | M1: 1972 | N1: 1973 | O1: 1974 | P1: 1975 | Q1: 1976 | R1: 1977 | S1: 1978 | T1: 1979 | U1: 1980 | V1: 1981 | W1: 1982 | X1: 1983 | Y1: 1984 | Z1: 1985 | AA1: 1986 | AB1: 1987 | AC1: 1988 | AD1: 1989 | AE1: 1990 | AF1: 1991 | AG1: 1992 | AH1: 1993 | AI1: 1994 | AJ1: 1995 | AK1: 1996 | AL1: 1997 | AM1: 1998 | AN1: 1999 | AO1: 2000 | AP1: 2001 | AQ1: 2002 | AR1: 2003 | AS1: 2004 | AT1: 2005 | AU1: 2006 | AV1: 2007 | AW1: 2008 | AX1: 2009 | AY1: 2010 | AZ1: 2011 | BA1: 2012 | BB1: 2013 | BC1: 2014 | BD1: 2015 | BE1: 2016 | BF1: 2017 | BG1: 2018 | BH1: 2019 | BI1: 2020 | BJ1: 2021 | BK1: 2022 | BL1: 2023 | BM1: 2024 | BN1: 2025 | BO1: 2026 | BP1: 2027 | BQ1: 2028 | BR1: 2029 | BS1: 2030 | BT1: 2031 | BU1: 2032 | BV1: 2033 | BW1: 2034 | BX1: 2035 | BY1: 2036 | BZ1: 2037 | CA1: 2038 | CB1: 2039 | CC1: 2040 | CD1: 2041 | CE1: 2042 | CF1: 2043 | CG1: 2044 | CH1: 2045 | CI1: 2046 | CJ1: 2047 | CK1: 2048 | CL1: 2049 | CM1: 2050
A2: US maize | B2: 0 | C2: 0 | D2: 0 | E2: 0 | F2: 0 | G2: 0 | H2: 0 | I2: 0 | J2: 0 | K2: 0 | L2: 0 | M2: 0 | N2: 0 | O2: 0 | P2: 0 | Q2: 0 | R2: 0 | S2: 0 | T2: 0 | U2: 0 | V2: 0 | W2: 0 | X2: 0 | Y2: 0 | Z2: 0 | AA2: 0 | AB2: 0 | AC2: 0 | AD2: 0 | AE2: 0 | AF2: 362052.24 | AG2: 713197.17 | AH2: 1053920.4 | AI2: 1384679 | AJ2: 1705904 | AK2: 2018001.5 | AL2: 2321355.3 | AM2: 2616327.6 | AN2: 2903261.1 | AO2: 3182480 | AP2: 3426203.3 | AQ2: 4099611.7 | AR2: 5302568.9 | AS2: 6337478.9 | AT2: 7196282 | AU2: 8890469.8 | AV2: 11817404 | AW2: 16749587 | AX2: 17981467 | AY2: 19322308 | AZ2: 20651567 | BA2: 21969394 | BB2: 23275936 | BC2: 24571337 | BD2: 25855738 | BE2: 27129280 | BF2: 28392099 | BG2: 29644331 | BH2: 30886108 | BI2: 30757708 | BJ2: 30630371 | BK2: 30504084 | BL2: 30378834 | BM2: 30254608 | BN2: 30131394 | BO2: 30009180 | BP2: 29887953 | BQ2: 29767701 | BR2: 29648413 | BS2: 29530078 | BT2: 29412683 | BU2: 29296219 | BV2: 29180672 | BW2: 29066034 | BX2: 28952293 | BY2: 28839438 | BZ2: 28727460 | CA2: 28616348 | CB2: 28506093 | CC2: 28396684 | CD2: 28288111 | CE2: 28180365 | CF2: 28073437 | CG2: 27967318 | CH2: 27861998 | CI2: 27757468 | CJ2: 27653719 | CK2: 27550743 | CL2: 27448531 | CM2: 27347075
A3: US Cellulosic | B3: 0 | C3: 0 | D3: 0 | E3: 0 | F3: 0 | G3: 0 | H3: 0 | I3: 0 | J3: 0 | K3: 0 | L3: 0 | M3: 0 | N3: 0 | O3: 0 | P3: 0 | Q3: 0 | R3: 0 | S3: 0 | T3: 0 | U3: 0 | V3: 0 | W3: 0 | X3: 0 | Y3: 0 | Z3: 0 | AA3: 0 | AB3: 0 | AC3: 0 | AD3: 0 | AE3: 0 | AF3: 0 | AG3: 0 | AH3: 0 | AI3: 0 | AJ3: 0 | AK3: 0 | AL3: 0 | AM3: 0 | AN3: 0 | AO3: 0 | AP3: 0 | AQ3: 0 | AR3: 0 | AS3: 0 | AT3: 0 | AU3: 0 | AV3: 0 | AW3: 0 | AX3: 0 | AY3: 0 | AZ3: 0 | BA3: 0 | BB3: 0 | BC3: 0 | BD3: 0 | BE3: 0 | BF3: 0 | BG3: 0 | BH3: 0 | BI3: 1889155.9 | BJ3: 3740902.9 | BK3: 5555796.3 | BL3: 7334384.6 | BM3: 9077208.6 | BN3: 10784802 | BO3: 12457692 | BP3: 14096399 | BQ3: 15701434 | BR3: 17273305 | BS3: 18812511 | BT3: 20319543 | BU3: 21794890 | BV3: 23239029 | BW3: 24652436 | BX3: 26035576 | BY3: 27388910 | BZ3: 28712893 | CA3: 30007974 | CB3: 31274596 | CC3: 32513193 | CD3: 33724199 | CE3: 34908036 | CF3: 36065126 | CG3: 37195881 | CH3: 38300709 | CI3: 39380013 | CJ3: 40434190 | CK3: 41463632 | CL3: 42468725 | CM3: 43449851
A4: ROW Oth cer | B4: 0 | C4: 0 | D4: 0 | E4: 0 | F4: 0 | G4: 0 | H4: 0 | I4: 0 | J4: 0 | K4: 0 | L4: 0 | M4: 0 | N4: 0 | O4: 0 | P4: 0 | Q4: 0 | R4: 0 | S4: 0 | T4: 0 | U4: 0 | V4: 0 | W4: 0 | X4: 0 | Y4: 0 | Z4: 0 | AA4: 0 | AB4: 0 | AC4: 0 | AD4: 0 | AE4: 0 | AF4: 270161.25 | AG4: 534967.18 | AH4: 794575.47 | AI4: 1049137.7 | AJ4: 1298799.4 | AK4: 1543701 | AL4: 1783977.1 | AM4: 2019757.7 | AN4: 2251167.8 | AO4: 2478327.6 | AP4: 2621817 | AQ4: 2913751.5 | AR4: 3281340.7 | AS4: 3066287.3 | AT4: 3453257.3 | AU4: 4019022.8 | AV4: 4818734.9 | AW4: 5172925.8 | AX4: 7184411.7 | AY4: 8025387.4 | AZ4: 8854412.6 | BA4: 9671740.2 | BB4: 10477616 | BC4: 11272279 | BD4: 12055962 | BE4: 12828891 | BF4: 13591285 | BG4: 14343359 | BH4: 15085319 | BI4: 14984577 | BJ4: 14885173 | BK4: 14787078 | BL4: 14690268 | BM4: 14594718 | BN4: 14500402 | BO4: 14407298 | BP4: 14315381 | BQ4: 14224630 | BR4: 14135022 | BS4: 14046536 | BT4: 13959151 | BU4: 13872847 | BV4: 13787603 | BW4: 13703401 | BX4: 13620220 | BY4: 13538044 | BZ4: 13456853 | CA4: 13376630 | CB4: 13297358 | CC4: 13219020 | CD4: 13141599 | CE4: 13065081 | CF4: 12989448 | CG4: 12914685 | CH4: 12840779 | CI4: 12767713 | CJ4: 12695474 | CK4: 12624048 | CL4: 12553422 | CM4: 12483581
A5: ROW maize | B5: 0 | C5: 0 | D5: 0 | E5: 0 | F5: 0 | G5: 0 | H5: 0 | I5: 0 | J5: 0 | K5: 0 | L5: 0 | M5: 0 | N5: 0 | O5: 0 | P5: 0 | Q5: 0 | R5: 0 | S5: 0 | T5: 0 | U5: 0 | V5: 0 | W5: 0 | X5: 0 | Y5: 0 | Z5: 0 | AA5: 0 | AB5: 0 | AC5: 0 | AD5: 0 | AE5: 0 | AF5: 194049.07 | AG5: 381255.24 | AH5: 561974.2 | AI5: 736537.39 | AJ5: 905254.08 | AK5: 1068413.2 | AL5: 1226284.8 | AM5: 1379121.8 | AN5: 1527161.4 | AO5: 1670625.9 | AP5: 1756440.2 | AQ5: 1940254.1 | AR5: 2172174.9 | AS5: 2018151.3 | AT5: 2260086.9 | AU5: 2615940.6 | AV5: 3132063.5 | AW5: 3357635.8 | AX5: 4656909.8 | AY5: 5195066.8 | AZ5: 5724168.7 | BA5: 6244442.1 | BB5: 6756106.2 | BC5: 7259373 | BD5: 7754447.4 | BE5: 8241527.9 | BF5: 8720806.6 | BG5: 9192469.4 | BH5: 9656695.6 | BI5: 9581171.9 | BJ5: 9506820.2 | BK5: 9433613.7 | BL5: 9361526 | BM5: 9290531.6 | BN5: 9220605.9 | BO5: 9151725 | BP5: 9083865.6 | BQ5: 9017005.1 | BR5: 8951121.6 | BS5: 8886194 | BT5: 8822201.4 | BU5: 8759124 | BV5: 8696942.1 | BW5: 8635636.8 | BX5: 8575189.9 | BY5: 8515583.2 | BZ5: 8456799.5 | CA5: 8398821.8 | CB5: 8341633.6 | CC5: 8285219 | CD5: 8229562.3 | CE5: 8174648.4 | CF5: 8120462.5 | CG5: 8066990.2 | CH5: 8014217.5 | CI5: 7962130.8 | CJ5: 7910716.8 | CK5: 7859962.4 | CL5: 7809855.3 | CM5: 7760382.9
A6: ROW wheat | B6: 0 | C6: 0 | D6: 0 | E6: 0 | F6: 0 | G6: 0 | H6: 0 | I6: 0 | J6: 0 | K6: 0 | L6: 0 | M6: 0 | N6: 0 | O6: 0 | P6: 0 | Q6: 0 | R6: 0 | S6: 0 | T6: 0 | U6: 0 | V6: 0 | W6: 0 | X6: 0 | Y6: 0 | Z6: 0 | AA6: 0 | AB6: 0 | AC6: 0 | AD6: 0 | AE6: 0 | AF6: 340168.03 | AG6: 669268.57 | AH6: 987833.09 | AI6: 1296359.6 | AJ6: 1595315.2 | AK6: 1885138.4 | AL6: 2166241.3 | AM6: 2439011.8 | AN6: 2703814.9 | AO6: 2960994.6 | AP6: 3116337.3 | AQ6: 3445952.3 | AR6: 3861646 | AS6: 3591256.1 | AT6: 4025513.1 | AU6: 4663547.3 | AV6: 5585113.7 | AW6: 5988886.4 | AX6: 8308439.7 | AY6: 9270861.9 | AZ6: 10217554 | BA6: 11148899 | BB6: 12065267 | BC6: 12967016 | BD6: 13854494 | BE6: 14728035 | BF6: 15587967 | BG6: 16434605 | BH6: 17268253 | BI6: 17136804 | BJ6: 17007342 | BK6: 16879820 | BL6: 16754197 | BM6: 16630430 | BN6: 16508478 | BO6: 16388302 | BP6: 16269863 | BQ6: 16153123 | BR6: 16038047 | BS6: 15924598 | BT6: 15812744 | BU6: 15702450 | BV6: 15593683 | BW6: 15486414 | BX6: 15380610 | BY6: 15276241 | BZ6: 15173280 | CA6: 15071697 | CB6: 14971466 | CC6: 14872559 | CD6: 14774950 | CE6: 14678614 | CF6: 14583526 | CG6: 14489662 | CH6: 14396998 | CI6: 14305512 | CJ6: 14215182 | CK6: 14125985 | CL6: 14037901 | CM6: 13950908
A7: ROW sugar | B7: 0 | C7: 0 | D7: 0 | E7: 0 | F7: 0 | G7: 0 | H7: 0 | I7: 0 | J7: 0 | K7: 0 | L7: 0 | M7: 0 | N7: 0 | O7: 0 | P7: 0 | Q7: 0 | R7: 0 | S7: 0 | T7: 0 | U7: 0 | V7: 0 | W7: 0 | X7: 0 | Y7: 0 | Z7: 0 | AA7: 0 | AB7: 0 | AC7: 0 | AD7: 0 | AE7: 0 | AF7: 25254.418 | AG7: 50156.793 | AH7: 74714.436 | AI7: 98934.455 | AJ7: 122823.77 | AK7: 146389.1 | AL7: 169636.99 | AM7: 192573.83 | AN7: 215205.8 | AO7: 237538.95 | AP7: 254811.95 | AQ7: 295993.59 | AR7: 362040.29 | AS7: 394983.13 | AT7: 449369.33 | AU7: 546283.93 | AV7: 697057.23 | AW7: 904890.38 | AX7: 1040252.2 | AY7: 1124810.4 | AZ7: 1207449.3 | BA7: 1288233.5 | BB7: 1367224.6 | BC7: 1444481.8 | BD7: 1520061.5 | BE7: 1594017.8 | BF7: 1666402.4 | BG7: 1737264.9 | BH7: 1806652.8 | BI7: 1788048.9 | BJ7: 1769824.1 | BK7: 1751967.1 | BL7: 1734466.9 | BM7: 1717312.9 | BN7: 1700494.8 | BO7: 1684002.9 | BP7: 1667827.9 | BQ7: 1651960.6 | BR7: 1636392.4 | BS7: 1621114.8 | BT7: 1606119.9 | BU7: 1591399.9 | BV7: 1576947.2 | BW7: 1562754.7 | BX7: 1548815.4 | BY7: 1535122.5 | BZ7: 1521669.6 | CA7: 1508450.5 | CB7: 1495459 | CC7: 1482689.5 | CD7: 1470136.1 | CE7: 1457793.6 | CF7: 1445656.5 | CG7: 1433719.9 | CH7: 1421978.8 | CI7: 1410428.4 | CJ7: 1399064.2 | CK7: 1387881.6 | CL7: 1376876.4 | CM7: 1366044.3
A8: ROW cassava | B8: 0 | C8: 0 | D8: 0 | E8: 0 | F8: 0 | G8: 0 | H8: 0 | I8: 0 | J8: 0 | K8: 0 | L8: 0 | M8: 0 | N8: 0 | O8: 0 | P8: 0 | Q8: 0 | R8: 0 | S8: 0 | T8: 0 | U8: 0 | V8: 0 | W8: 0 | X8: 0 | Y8: 0 | Z8: 0 | AA8: 0 | AB8: 0 | AC8: 0 | AD8: 0 | AE8: 0 | AF8: 0 | AG8: 0 | AH8: 0 | AI8: 0 | AJ8: 0 | AK8: 0 | AL8: 0 | AM8: 0 | AN8: 0 | AO8: 0 | AP8: 0 | AQ8: 0 | AR8: 0 | AS8: 0 | AT8: 0 | AU8: 0 | AV8: 0 | AW8: 0 | AX8: 0 | AY8: 0 | AZ8: 0 | BA8: 0 | BB8: 0 | BC8: 0 | BD8: 0 | BE8: 0 | BF8: 0 | BG8: 0 | BH8: 0 | BI8: 5232247.3 | BJ8: 7009730.8 | BK8: 8751503.6 | BL8: 10458099 | BM8: 12130042 | BN8: 13767852 | BO8: 15372042 | BP8: 16943115 | BQ8: 18481571 | BR8: 19987902 | BS8: 21462593 | BT8: 22906123 | BU8: 24318963 | BV8: 25701582 | BW8: 27054437 | BX8: 28377984 | BY8: 29672671 | BZ8: 30938937 | CA8: 32177221 | CB8: 33387951 | CC8: 34571552 | CD8: 35728442 | CE8: 36859034 | CF8: 37963736 | CG8: 39042950 | CH8: 40097071 | CI8: 41126491 | CJ8: 42131596 | CK8: 43112767 | CL8: 44070378 | CM8: 45004800
A9: US Cellulosic | B9: 0 | C9: 0 | D9: 0 | E9: 0 | F9: 0 | G9: 0 | H9: 0 | I9: 0 | J9: 0 | K9: 0 | L9: 0 | M9: 0 | N9: 0 | O9: 0 | P9: 0 | Q9: 0 | R9: 0 | S9: 0 | T9: 0 | U9: 0 | V9: 0 | W9: 0 | X9: 0 | Y9: 0 | Z9: 0 | AA9: 0 | AB9: 0 | AC9: 0 | AD9: 0 | AE9: 0 | AF9: 3416.4413 | AG9: 6832.8825 | AH9: 10249.324 | AI9: 13665.765 | AJ9: 17082.206 | AK9: 20498.648 | AL9: 23915.089 | AM9: 27331.53 | AN9: 30747.971 | AO9: 34164.413 | AP9: 36890.677 | AQ9: 43133.845 | AR9: 53102.303 | AS9: 58309.241 | AT9: 66764.667 | AU9: 81682.375 | AV9: 105480.61 | AW9: 138558.47 | AX9: 161156.82 | AY9: 176280.28 | AZ9: 191403.75 | BA9: 206527.21 | BB9: 221650.68 | BC9: 236774.14 | BD9: 251897.6 | BE9: 267021.07 | BF9: 282144.53 | BG9: 297268 | BH9: 312391.46 | BI9: 312391.46 | BJ9: 312391.46 | BK9: 312391.46 | BL9: 312391.46 | BM9: 312391.46 | BN9: 312391.46 | BO9: 312391.46 | BP9: 312391.46 | BQ9: 312391.46 | BR9: 312391.46 | BS9: 312391.46 | BT9: 312391.46 | BU9: 312391.46 | BV9: 312391.46 | BW9: 312391.46 | BX9: 312391.46 | BY9: 312391.46 | BZ9: 312391.46 | CA9: 312391.46 | CB9: 312391.46 | CC9: 312391.46 | CD9: 312391.46 | CE9: 312391.46 | CF9: 312391.46 | CG9: 312391.46 | CH9: 312391.46 | CI9: 312391.46 | CJ9: 312391.46 | CK9: 312391.46 | CL9: 312391.46 | CM9: 312391.46
A10: US Oil | B10: 0 | C10: 0 | D10: 0 | E10: 0 | F10: 0 | G10: 0 | H10: 0 | I10: 0 | J10: 0 | K10: 0 | L10: 0 | M10: 0 | N10: 0 | O10: 0 | P10: 0 | Q10: 0 | R10: 0 | S10: 0 | T10: 0 | U10: 0 | V10: 0 | W10: 0 | X10: 0 | Y10: 0 | Z10: 0 | AA10: 0 | AB10: 0 | AC10: 0 | AD10: 0 | AE10: 0 | AF10: 0 | AG10: 0 | AH10: 0 | AI10: 0 | AJ10: 0 | AK10: 0 | AL10: 0 | AM10: 0 | AN10: 0 | AO10: 0 | AP10: 68980.364 | AQ10: 83401.554 | AR10: 111702.67 | AS10: 216760.93 | AT10: 697208.05 | AU10: 1901550.9 | AV10: 3681291.6 | AW10: 4557838.1 | AX10: 4777637.3 | AY10: 4993103.8 | AZ10: 5204364.3 | BA10: 5411541 | BB10: 5614750.9 | BC10: 5814107.1 | BD10: 6009718 | BE10: 6201688.3 | BF10: 6390118.7 | BG10: 6575106.1 | BH10: 6756738.7 | BI10: 8668243.4 | BJ10: 10545753 | BK10: 12390168 | BL10: 14202354 | BM10: 15983149 | BN10: 17733361 | BO10: 19453773 | BP10: 21145138 | BQ10: 22808186 | BR10: 24443622 | BS10: 26052128 | BT10: 27634364 | BU10: 29190969 | BV10: 30722559 | BW10: 32229734 | BX10: 33713072 | BY10: 35173135 | BZ10: 36610466 | CA10: 38025592 | CB10: 39419023 | CC10: 40791255 | CD10: 42142767 | CE10: 43474026 | CF10: 44785483 | CG10: 46077577 | CH10: 47350734 | CI10: 48605366 | CJ10: 49841876 | CK10: 51060652 | CL10: 52262075 | CM10: 53446511
A11: ROW oil | B11: 0 | C11: 0 | D11: 0 | E11: 0 | F11: 0 | G11: 0 | H11: 0 | I11: 0 | J11: 0 | K11: 0 | L11: 0 | M11: 0 | N11: 0 | O11: 0 | P11: 0 | Q11: 0 | R11: 0 | S11: 0 | T11: 0 | U11: 0 | V11: 0 | W11: 0 | X11: 0 | Y11: 0 | Z11: 0 | AA11: 0 | AB11: 0 | AC11: 0 | AD11: 0 | AE11: 0 | AF11: 213230.1 | AG11: 420704.18 | AH11: 622652.19 | AI11: 819292.03 | AJ11: 1010830.3 | AK11: 1197462.9 | AL11: 1379376 | AM11: 1556746.3 | AN11: 1729741.9 | AO11: 1898522.8 | AP11: 2350762 | AQ11: 3026354.6 | AR11: 3996955.4 | AS11: 5002175.2 | AT11: 7690715.8 | AU11: 12604336 | AV11: 16922282 | AW11: 25257774 | AX11: 29340684 | AY11: 33343110 | AZ11: 37267410 | BA11: 41115847 | BB11: 44890601 | BC11: 48593769 | BD11: 52227366 | BE11: 55793337 | BF11: 59293550 | BG11: 62729808 | BH11: 66103840 | BI11: 97608664 | BJ11: 1.285532e+08 | BK11: 1.5895226e+08 | BL11: 1.8882014e+08 | BM11: 2.1817065e+08 | BN11: 2.4701711e+08 | BO11: 2.7537239e+08 | BP11: 3.0324894e+08 | BQ11: 3.3065878e+08 | BR11: 3.5761353e+08 | BS11: 3.8412443e+08 | BT11: 4.1020235e+08 | BU11: 4.3585782e+08 | BV11: 4.6110102e+08 | BW11: 4.8594181e+08 | BX11: 5.1038973e+08 | BY11: 5.3445403e+08 | BZ11: 5.5814367e+08 | CA11: 5.8146733e+08 | CB11: 6.0443342e+08 | CC11: 6.2705012e+08 | CD11: 6.4932533e+08 | CE11: 6.7126672e+08 | CF11: 6.9288175e+08 | CG11: 7.1417764e+08 | CH11: 7.3516141e+08 | CI11: 7.5583987e+08 | CJ11: 7.7621963e+08 | CK11: 7.9630713e+08 | CL11: 8.161086e+08 | CM11: 8.3563011e+08
A13: Adjusted
B14: 1961 | C14: 1962 | D14: 1963 | E14: 1964 | F14: 1965 | G14: 1966 | H14: 1967 | I14: 1968 | J14: 1969 | K14: 1970 | L14: 1971 | M14: 1972 | N14: 1973 | O14: 1974 | P14: 1975 | Q14: 1976 | R14: 1977 | S14: 1978 | T14: 1979 | U14: 1980 | V14: 1981 | W14: 1982 | X14: 1983 | Y14: 1984 | Z14: 1985 | AA14: 1986 | AB14: 1987 | AC14: 1988 | AD14: 1989 | AE14: 1990 | AF14: 1991 | AG14: 1992 | AH14: 1993 | AI14: 1994 | AJ14: 1995 | AK14: 1996 | AL14: 1997 | AM14: 1998 | AN14: 1999 | AO14: 2000 | AP14: 2001 | AQ14: 2002 | AR14: 2003 | AS14: 2004 | AT14: 2005 | AU14: 2006 | AV14: 2007 | AW14: 2008 | AX14: 2009 | AY14: 2010 | AZ14: 2011 | BA14: 2012 | BB14: 2013 | BC14: 2014 | BD14: 2015 | BE14: 2016 | BF14: 2017 | BG14: 2018 | BH14: 2019 | BI14: 2020 | BJ14: 2021 | BK14: 2022 | BL14: 2023 | BM14: 2024 | BN14: 2025 | BO14: 2026 | BP14: 2027 | BQ14: 2028 | BR14: 2029 | BS14: 2030 | BT14: 2031 | BU14: 2032 | BV14: 2033 | BW14: 2034 | BX14: 2035 | BY14: 2036 | BZ14: 2037 | CA14: 2038 | CB14: 2039 | CC14: 2040 | CD14: 2041 | CE14: 2042 | CF14: 2043 | CG14: 2044 | CH14: 2045 | CI14: 2046 | CJ14: 2047 | CK14: 2048 | CL14: 2049 | CM14: 2050
A15: US maize | B15: =B2*0.73 -> 0 | C15: =C2*0.73 -> 0 | D15: =D2*0.73 -> 0 | E15: =E2*0.73 -> 0 | F15: =F2*0.73 -> 0 | G15: =G2*0.73 -> 0 | H15: =H2*0.73 -> 0 | I15: =I2*0.73 -> 0 | ... CM15: =CM2*0.73 -> 19963365
A16: US Cellulosic | B16: =B3 -> 0 | C16: =C3 -> 0 | D16: =D3 -> 0 | E16: =E3 -> 0 | F16: =F3 -> 0 | G16: =G3 -> 0 | H16: =H3 -> 0 | I16: =I3 -> 0 | ... CM16: =CM3 -> 43449851
A17: ROW Oth | B17: =B4*0.77 -> 0 | C17: =C4*0.77 -> 0 | D17: =D4*0.77 -> 0 | E17: =E4*0.77 -> 0 | F17: =F4*0.77 -> 0 | G17: =G4*0.77 -> 0 | H17: =H4*0.77 -> 0 | I17: =I4*0.77 -> 0 | ... CM17: =CM4*0.77 -> 9612357.3
A18: ROW maize | B18: =B5*0.73 -> 0 | C18: =C5*0.73 -> 0 | D18: =D5*0.73 -> 0 | E18: =E5*0.73 -> 0 | F18: =F5*0.73 -> 0 | G18: =G5*0.73 -> 0 | H18: =H5*0.73 -> 0 | I18: =I5*0.73 -> 0 | ... CM18: =CM5*0.73 -> 5665079.5
A19: ROW wheat | B19: =B6*0.77 -> 0 | C19: =C6*0.77 -> 0 | D19: =D6*0.77 -> 0 | E19: =E6*0.77 -> 0 | F19: =F6*0.77 -> 0 | G19: =G6*0.77 -> 0 | H19: =H6*0.77 -> 0 | I19: =I6*0.77 -> 0 | ... CM19: =CM6*0.77 -> 10742199
A20: ROW sugar | B20: =B7*0.98 -> 0 | C20: =C7*0.98 -> 0 | D20: =D7*0.98 -> 0 | E20: =E7*0.98 -> 0 | F20: =F7*0.98 -> 0 | G20: =G7*0.98 -> 0 | H20: =H7*0.98 -> 0 | I20: =I7*0.98 -> 0 | ... CM20: =CM7*0.98 -> 1338723.4
A21: ROW cassava | B21: =B8*0.82 -> 0 | C21: =C8*0.82 -> 0 | D21: =D8*0.82 -> 0 | E21: =E8*0.82 -> 0 | F21: =F8*0.82 -> 0 | G21: =G8*0.82 -> 0 | H21: =H8*0.82 -> 0 | I21: =I8*0.82 -> 0 | ... CM21: =CM8*0.82 -> 36903936
A22: ROW Cellulosic | B22: =B9 -> 0 | C22: =C9 -> 0 | D22: =D9 -> 0 | E22: =E9 -> 0 | F22: =F9 -> 0 | G22: =G9 -> 0 | H22: =H9 -> 0 | I22: =I9 -> 0 | ... CM22: =CM9 -> 312391.46
A23: US Oil | B23: =B10*0.39 -> 0 | C23: =C10*0.39 -> 0 | D23: =D10*0.39 -> 0 | E23: =E10*0.39 -> 0 | F23: =F10*0.39 -> 0 | G23: =G10*0.39 -> 0 | H23: =H10*0.39 -> 0 | I23: =I10*0.39 -> 0 | ... CM23: =CM10*0.39 -> 20844139
A24: ROW oil | B24: =B11*0.65 -> 0 | C24: =C11*0.65 -> 0 | D24: =D11*0.65 -> 0 | E24: =E11*0.65 -> 0 | F24: =F11*0.65 -> 0 | G24: =G11*0.65 -> 0 | H24: =H11*0.65 -> 0 | I24: =I11*0.65 -> 0 | ... CM24: =CM11*0.65 -> 5.4315957e+08
B26: 1961 | C26: 1962 | D26: 1963 | E26: 1964 | F26: 1965 | G26: 1966 | H26: 1967 | I26: 1968 | J26: 1969 | K26: 1970 | L26: 1971 | M26: 1972 | N26: 1973 | O26: 1974 | P26: 1975 | Q26: 1976 | R26: 1977 | S26: 1978 | T26: 1979 | U26: 1980 | V26: 1981 | W26: 1982 | X26: 1983 | Y26: 1984 | Z26: 1985 | AA26: 1986 | AB26: 1987 | AC26: 1988 | AD26: 1989 | AE26: 1990 | AF26: 1991 | AG26: 1992 | AH26: 1993 | AI26: 1994 | AJ26: 1995 | AK26: 1996 | AL26: 1997 | AM26: 1998 | AN26: 1999 | AO26: 2000 | AP26: 2001 | AQ26: 2002 | AR26: 2003 | AS26: 2004 | AT26: 2005 | AU26: 2006 | AV26: 2007 | AW26: 2008 | AX26: 2009 | AY26: 2010 | AZ26: 2011 | BA26: 2012 | BB26: 2013 | BC26: 2014 | BD26: 2015 | BE26: 2016 | BF26: 2017 | BG26: 2018 | BH26: 2019 | BI26: 2020 | BJ26: 2021 | BK26: 2022 | BL26: 2023 | BM26: 2024 | BN26: 2025 | BO26: 2026 | BP26: 2027 | BQ26: 2028 | BR26: 2029 | BS26: 2030 | BT26: 2031 | BU26: 2032 | BV26: 2033 | BW26: 2034 | BX26: 2035 | BY26: 2036 | BZ26: 2037 | CA26: 2038 | CB26: 2039 | CC26: 2040 | CD26: 2041 | CE26: 2042 | CF26: 2043 | CG26: 2044 | CH26: 2045 | CI26: 2046 | CJ26: 2047 | CK26: 2048 | CL26: 2049 | CM26: 2050
A27: US.Crop Land Alloc to Cellulosic Energy Crop | B27: =SUM(B15,B16,B23) -> 0 | C27: =SUM(C15,C16,C23) -> 0 | D27: =SUM(D15,D16,D23) -> 0 | E27: =SUM(E15,E16,E23) -> 0 | F27: =SUM(F15,F16,F23) -> 0 | G27: =SUM(G15,G16,G23) -> 0 | H27: =SUM(H15,H16,H23) -> 0 | I27: =SUM(I15,I16,I23) -> 0 | ... CM27: =SUM(CM15,CM16,CM23) -> 84257355
A28: ROW.Crop Land Alloc to Cellulosic Energy Crop | B28: =SUM(B17:B22,B24) -> 0 | C28: =SUM(C17:C22,C24) -> 0 | D28: =SUM(D17:D22,D24) -> 0 | E28: =SUM(E17:E22,E24) -> 0 | F28: =SUM(F17:F22,F24) -> 0 | G28: =SUM(G17:G22,G24) -> 0 | H28: =SUM(H17:H22,H24) -> 0 | I28: =SUM(I17:I22,I24) -> 0 | ... CM28: =SUM(CM17:CM22,CM24) -> 6.0773426e+08

Sheet Land Init
C1: Cropland | D1: Pasture | E1: Forest and Grassland | F1: Abandoned
A2: USA | B2: million ha | C2: ='RUN SPECS'!I8/1000000 -> 160.4088 | D2: ='RUN SPECS'!J8/1000000 -> 265.0202 | E2: ='RUN SPECS'!K8/1000000 -> 297.107 | F2: ='RUN SPECS'!L8/1000000 -> 19.19
A3: ROW | B3: million ha | C3: ='RUN SPECS'!I29/1000000 -> 1320.7103 | D3: ='RUN SPECS'!J29/1000000 -> 3044.0605 | E3: ='RUN SPECS'!K29/1000000 -> 3868.0574 | F3: ='RUN SPECS'!L29/1000000 -> 414.8
A4: World | B4: million ha | C4: =SUM(C2:C3) -> 1481.1191 | D4: =SUM(D2:D3) -> 3309.0807 | E4: =SUM(E2:E3) -> 4165.1644 | F4: =SUM(F2:F3) -> 433.99

Sheet Sce 1 Table
A1: Location | B1: Commodity Type | C1: Units | D1: 1991 | E1: 1992 | F1: 1993 | G1: 1994 | H1: 1995 | I1: 1996 | J1: 1997 | K1: 1998 | L1: 1999 | M1: 2000 | N1: 2001 | O1: 2002 | P1: 2003 | Q1: 2004 | R1: 2005 | S1: 2006 | T1: 2007 | U1: 2008 | V1: 2009 | W1: 2010 | X1: 2011 | Y1: 2012 | Z1: 2013 | AA1: 2014 | AB1: 2015 | AC1: 2016 | AD1: 2017 | AE1: 2018 | AF1: 2019 | AG1: 2020 | AH1: 2021 | AI1: 2022 | AJ1: 2023 | AK1: 2024 | AL1: 2025 | AM1: 2026 | AN1: 2027 | AO1: 2028 | AP1: 2029 | AQ1: 2030 | AR1: 2031 | AS1: 2032 | AT1: 2033 | AU1: 2034 | AV1: 2035 | AW1: 2036 | AX1: 2037 | AY1: 2038 | AZ1: 2039 | BA1: 2040 | BB1: 2041 | BC1: 2042 | BD1: 2043 | BE1: 2044 | BF1: 2045 | BG1: 2046 | BH1: 2047 | BI1: 2048 | BJ1: 2049 | BK1: 2050 | BM1: Location | BN1: Commodity Type | BO1: 1991 | BP1: 2000 | BQ1: 2010 | BR1: 2020 | BS1: 2030 | BT1: 2040 | BU1: 2050 | BV1: 2005 Estimate | BW1: 2050 Estimate | BX1: 2050 Change
A2: ROW | B2: cow/sheep/goat like meat | C2: Gg/capita/year | D2: ='LUC-2012-08-10-Run1'!AF2 -> 1.0508416e-05 | E2: ='LUC-2012-08-10-Run1'!AG2 -> 1.0527619e-05 | F2: ='LUC-2012-08-10-Run1'!AH2 -> 1.0524145e-05 | G2: ='LUC-2012-08-10-Run1'!AI2 -> 1.0522463e-05 | H2: ='LUC-2012-08-10-Run1'!AJ2 -> 1.0522681e-05 | I2: ='LUC-2012-08-10-Run1'!AK2 -> 1.0524798e-05 | J2: ='LUC-2012-08-10-Run1'!AL2 -> 1.0528849e-05 | K2: ='LUC-2012-08-10-Run1'!AM2 -> 1.0535258e-05 | ... BK2: ='LUC-2012-08-10-Run1'!CM2 -> 1.2497423e-05 | BM2: ROW | BN2: cow/sheep/goat like meat | BO2: =D2*1000000 -> 10.508416 | BP2: =M2*1000000 -> 10.556611 | BQ2: =W2*1000000 -> 10.774564 | BR2: =AG2*1000000 -> 11.064614 | BS2: =AQ2*1000000 -> 11.455315 | BT2: =BA2*1000000 -> 11.935118 | BU2: =BK2*1000000 -> 12.497423 | BV2: =SUM(M2:M5)*1000000 -> 108.18871 | BW2: =SUM(BU2:BU5) -> 141.39257 | BX2: =(BK2-R2)/R2 -> 0.17248326
A3: ROW | B3: diary | C3: Gg/capita/year | D3: ='LUC-2012-08-10-Run1'!AF3 -> 7.000043e-05 | E3: ='LUC-2012-08-10-Run1'!AG3 -> 7.0630961e-05 | F3: ='LUC-2012-08-10-Run1'!AH3 -> 7.1066274e-05 | G3: ='LUC-2012-08-10-Run1'!AI3 -> 7.150778e-05 | H3: ='LUC-2012-08-10-Run1'!AJ3 -> 7.1952945e-05 | I3: ='LUC-2012-08-10-Run1'!AK3 -> 7.2400862e-05 | J3: ='LUC-2012-08-10-Run1'!AL3 -> 7.2852846e-05 | K3: ='LUC-2012-08-10-Run1'!AM3 -> 7.3313274e-05 | ... BK3: ='LUC-2012-08-10-Run1'!CM3 -> 9.3985309e-05 | BN3: diary | BO3: =D3*1000000 -> 70.00043 | BP3: =M3*1000000 -> 74.277958 | BQ3: =W3*1000000 -> 78.932911 | BR3: =AG3*1000000 -> 82.633806 | BS3: =AQ3*1000000 -> 86.562047 | BT3: =BA3*1000000 -> 90.152 | BU3: =BK3*1000000 -> 93.985309 | BX3: =(BK3-R3)/R3 -> 0.22176046
A4: ROW | B4: pig like meat | C4: Gg/capita/year | D4: ='LUC-2012-08-10-Run1'!AF4 -> 1.3228987e-05 | E4: ='LUC-2012-08-10-Run1'!AG4 -> 1.3351004e-05 | F4: ='LUC-2012-08-10-Run1'!AH4 -> 1.3448211e-05 | G4: ='LUC-2012-08-10-Run1'!AI4 -> 1.3548882e-05 | H4: ='LUC-2012-08-10-Run1'!AJ4 -> 1.365327e-05 | I4: ='LUC-2012-08-10-Run1'!AK4 -> 1.3761501e-05 | J4: ='LUC-2012-08-10-Run1'!AL4 -> 1.3873701e-05 | K4: ='LUC-2012-08-10-Run1'!AM4 -> 1.3990475e-05 | ... BK4: ='LUC-2012-08-10-Run1'!CM4 -> 1.6936941e-05 | BN4: pig like meat | BO4: =D4*1000000 -> 13.228987 | BP4: =M4*1000000 -> 14.239928 | BQ4: =W4*1000000 -> 15.154462 | BR4: =AG4*1000000 -> 15.32978 | BS4: =AQ4*1000000 -> 15.671044 | BT4: =BA4*1000000 -> 16.196177 | BU4: =BK4*1000000 -> 16.936941 | BX4: =(BK4-R4)/R4 -> 0.13192171
A5: ROW | B5: poultry like meat | C5: Gg/capita/year | D5: ='LUC-2012-08-10-Run1'!AF5 -> 7.0121002e-06 | E5: ='LUC-2012-08-10-Run1'!AG5 -> 7.2210894e-06 | F5: ='LUC-2012-08-10-Run1'!AH5 -> 7.4202146e-06 | G5: ='LUC-2012-08-10-Run1'!AI5 -> 7.6288203e-06 | H5: ='LUC-2012-08-10-Run1'!AJ5 -> 7.8474397e-06 | I5: ='LUC-2012-08-10-Run1'!AK5 -> 8.0765895e-06 | J5: ='LUC-2012-08-10-Run1'!AL5 -> 8.3168765e-06 | K5: ='LUC-2012-08-10-Run1'!AM5 -> 8.5692634e-06 | ... BK5: ='LUC-2012-08-10-Run1'!CM5 -> 1.7972898e-05 | BN5: poultry like meat | BO5: =D5*1000000 -> 7.0121002 | BP5: =M5*1000000 -> 9.1142143 | BQ5: =W5*1000000 -> 11.508781 | BR5: =AG5*1000000 -> 12.642778 | BS5: =AQ5*1000000 -> 14.05517 | BT5: =BA5*1000000 -> 15.804431 | BU5: =BK5*1000000 -> 17.972898 | BX5: =(BK5-R5)/R5 -> 0.67293878
A6: ROW | B6: maize | C6: Gg/capita/year | D6: ='LUC-2012-08-10-Run1'!AF7 -> 3.6843337e-05 | E6: ='LUC-2012-08-10-Run1'!AG7 -> 3.6790336e-05 | F6: ='LUC-2012-08-10-Run1'!AH7 -> 3.6735361e-05 | G6: ='LUC-2012-08-10-Run1'!AI7 -> 3.6679542e-05 | H6: ='LUC-2012-08-10-Run1'!AJ7 -> 3.6623172e-05 | I6: ='LUC-2012-08-10-Run1'!AK7 -> 3.6566333e-05 | J6: ='LUC-2012-08-10-Run1'!AL7 -> 3.6509049e-05 | K6: ='LUC-2012-08-10-Run1'!AM7 -> 3.6451466e-05 | ... BK6: ='LUC-2012-08-10-Run1'!CM7 -> 4.1992888e-05 | BN6: maize | BO6: =D6*1000000 -> 36.843337 | BP6: =M6*1000000 -> 36.336058 | BQ6: =W6*1000000 -> 36.984942 | BR6: =AG6*1000000 -> 39.499679 | BS6: =AQ6*1000000 -> 42.067778 | BT6: =BA6*1000000 -> 41.994954 | BU6: =BK6*1000000 -> 41.992888 | BV6: =SUM(M6:M12)*1000000 -> 263.9905 | BW6: =SUM(BU6:BU12) -> 284.80838 | BX6: =(BK6-R6)/R6 -> 0.16484311
A7: ROW | B7: wheat | C7: Gg/capita/year | D7: ='LUC-2012-08-10-Run1'!AF8 -> 5.2769166e-05 | E7: ='LUC-2012-08-10-Run1'!AG8 -> 5.2693256e-05 | F7: ='LUC-2012-08-10-Run1'!AH8 -> 5.2614517e-05 | G7: ='LUC-2012-08-10-Run1'!AI8 -> 5.253457e-05 | H7: ='LUC-2012-08-10-Run1'!AJ8 -> 5.2453834e-05 | I7: ='LUC-2012-08-10-Run1'!AK8 -> 5.2372426e-05 | J7: ='LUC-2012-08-10-Run1'!AL8 -> 5.229038e-05 | K7: ='LUC-2012-08-10-Run1'!AM8 -> 5.2207906e-05 | ... BK7: ='LUC-2012-08-10-Run1'!CM8 -> 4.8703092e-05 | BN7: wheat | BO7: =D7*1000000 -> 52.769166 | BP7: =M7*1000000 -> 52.042613 | BQ7: =W7*1000000 -> 51.055095 | BR7: =AG7*1000000 -> 49.875874 | BS7: =AQ7*1000000 -> 48.789948 | BT7: =BA7*1000000 -> 48.705488 | BU7: =BK7*1000000 -> 48.703092 | BX7: =(BK7-R7)/R7 -> -0.056749708
A8: ROW | B8: rice | C8: Gg/capita/year | D8: ='LUC-2012-08-10-Run1'!AF9 -> 3.7556434e-05 | E8: ='LUC-2012-08-10-Run1'!AG9 -> 3.7502407e-05 | F8: ='LUC-2012-08-10-Run1'!AH9 -> 3.7446368e-05 | G8: ='LUC-2012-08-10-Run1'!AI9 -> 3.7389469e-05 | H8: ='LUC-2012-08-10-Run1'!AJ9 -> 3.7332008e-05 | I8: ='LUC-2012-08-10-Run1'!AK9 -> 3.7274069e-05 | J8: ='LUC-2012-08-10-Run1'!AL9 -> 3.7215676e-05 | K8: ='LUC-2012-08-10-Run1'!AM9 -> 3.7156978e-05 | ... BK8: ='LUC-2012-08-10-Run1'!CM9 -> 3.3551019e-05 | BN8: rice | BO8: =D8*1000000 -> 37.556434 | BP8: =M8*1000000 -> 37.039337 | BQ8: =W8*1000000 -> 36.150285 | BR8: =AG8*1000000 -> 34.84655 | BS8: =AQ8*1000000 -> 33.610853 | BT8: =BA8*1000000 -> 33.55267 | BU8: =BK8*1000000 -> 33.551019 | BX8: =(BK8-R8)/R8 -> -0.086997397
A9: ROW | B9: other cereals | C9: Gg/capita/year | D9: ='LUC-2012-08-10-Run1'!AF10 -> 3.2802455e-05 | E9: ='LUC-2012-08-10-Run1'!AG10 -> 3.2755267e-05 | F9: ='LUC-2012-08-10-Run1'!AH10 -> 3.2706321e-05 | G9: ='LUC-2012-08-10-Run1'!AI10 -> 3.2656625e-05 | H9: ='LUC-2012-08-10-Run1'!AJ10 -> 3.2606437e-05 | I9: ='LUC-2012-08-10-Run1'!AK10 -> 3.2555832e-05 | J9: ='LUC-2012-08-10-Run1'!AL10 -> 3.2504831e-05 | K9: ='LUC-2012-08-10-Run1'!AM10 -> 3.2453563e-05 | ... BK9: ='LUC-2012-08-10-Run1'!CM10 -> 3.4416852e-05 | BN9: other cereals | BO9: =D9*1000000 -> 32.802455 | BP9: =M9*1000000 -> 32.350813 | BQ9: =W9*1000000 -> 32.430883 | BR9: =AG9*1000000 -> 33.428612 | BS9: =AQ9*1000000 -> 34.47823 | BT9: =BA9*1000000 -> 34.418545 | BU9: =BK9*1000000 -> 34.416852 | BX9: =(BK9-R9)/R9 -> 0.072297868
A10: ROW | B10: oils (from crops) | C10: Gg/capita/year | D10: ='LUC-2012-08-10-Run1'!AF11 -> 9.8542367e-06 | E10: ='LUC-2012-08-10-Run1'!AG11 -> 9.9823314e-06 | F10: ='LUC-2012-08-10-Run1'!AH11 -> 1.0100377e-05 | G10: ='LUC-2012-08-10-Run1'!AI11 -> 1.0217954e-05 | H10: ='LUC-2012-08-10-Run1'!AJ11 -> 1.0335036e-05 | I10: ='LUC-2012-08-10-Run1'!AK11 -> 1.045161e-05 | J10: ='LUC-2012-08-10-Run1'!AL11 -> 1.0567721e-05 | K10: ='LUC-2012-08-10-Run1'!AM11 -> 1.0683585e-05 | ... BK10: ='LUC-2012-08-10-Run1'!CM11 -> 1.605429e-05 | BN10: oils (from crops) | BO10: =D10*1000000 -> 9.8542367 | BP10: =M10*1000000 -> 10.915504 | BQ10: =W10*1000000 -> 12.016381 | BR10: =AG10*1000000 -> 13.038142 | BS10: =AQ10*1000000 -> 14.080865 | BT10: =BA10*1000000 -> 15.053311 | BU10: =BK10*1000000 -> 16.05429 | BX10: =(BK10-R10)/R10 -> 0.39632726
A11: ROW | B11: sugar | C11: Gg/capita/year | D11: ='LUC-2012-08-10-Run1'!AF12 -> 2.1546611e-05 | E11: ='LUC-2012-08-10-Run1'!AG12 -> 2.1548776e-05 | F11: ='LUC-2012-08-10-Run1'!AH12 -> 2.1529814e-05 | G11: ='LUC-2012-08-10-Run1'!AI12 -> 2.1511796e-05 | H11: ='LUC-2012-08-10-Run1'!AJ12 -> 2.1494295e-05 | I11: ='LUC-2012-08-10-Run1'!AK12 -> 2.1477259e-05 | J11: ='LUC-2012-08-10-Run1'!AL12 -> 2.1460781e-05 | K11: ='LUC-2012-08-10-Run1'!AM12 -> 2.1445238e-05 | ... BK11: ='LUC-2012-08-10-Run1'!CM12 -> 2.4865496e-05 | BN11: sugar | BO11: =D11*1000000 -> 21.546611 | BP11: =M11*1000000 -> 21.418246 | BQ11: =W11*1000000 -> 21.639822 | BR11: =AG11*1000000 -> 22.357891 | BS11: =AQ11*1000000 -> 23.137229 | BT11: =BA11*1000000 -> 23.986619 | BU11: =BK11*1000000 -> 24.865496 | BX11: =(BK11-R11)/R11 -> 0.16353834
A12: ROW | B12: vegetable, fruit, and nuts | C12: Gg/capita/year | D12: ='LUC-2012-08-10-Run1'!AF14 -> 7.2579401e-05 | E12: ='LUC-2012-08-10-Run1'!AG14 -> 7.271075e-05 | F12: ='LUC-2012-08-10-Run1'!AH14 -> 7.2835631e-05 | G12: ='LUC-2012-08-10-Run1'!AI14 -> 7.2966845e-05 | H12: ='LUC-2012-08-10-Run1'!AJ14 -> 7.310436e-05 | I12: ='LUC-2012-08-10-Run1'!AK14 -> 7.3248247e-05 | J12: ='LUC-2012-08-10-Run1'!AL14 -> 7.3398755e-05 | K12: ='LUC-2012-08-10-Run1'!AM14 -> 7.3555626e-05 | ... BK12: ='LUC-2012-08-10-Run1'!CM14 -> 8.5224739e-05 | BN12: vegetable, fruit, and nuts | BO12: =D12*1000000 -> 72.579401 | BP12: =M12*1000000 -> 73.88793 | BQ12: =W12*1000000 -> 75.709183 | BR12: =AG12*1000000 -> 77.659336 | BS12: =AQ12*1000000 -> 80.93914 | BT12: =BA12*1000000 -> 83.049975 | BU12: =BK12*1000000 -> 85.224739 | BX12: =(BK12-R12)/R12 -> 0.13895138 | BY12: =SUM(BX2:BX12) -> 1.9913151 | BZ12: =BY12/12 -> 0.16594292
BM13: USA | BN13: cow/sheep/goat like meat | BO13: =D14*1000000 -> 26.047124 | BP13: =M14*1000000 -> 25.027578 | BQ13: =W14*1000000 -> 24.404981 | BR13: =AG14*1000000 -> 24.492279 | BS13: =AQ14*1000000 -> 24.57989 | BT13: =BA14*1000000 -> 24.667814 | BU13: =BK14*1000000 -> 24.756052 | BV13: =SUM(M14:M17)*1000000 -> 280.89504 | BW13: =SUM(BU13:BU16) -> 314.252 | BX13: =(BK14-R14)/R14 -> 0.011338246
A14: USA | B14: cow/sheep/goat like meat | C14: Gg/capita/year | D14: ='LUC-2012-08-10-Run1'!AF16 -> 2.6047124e-05 | E14: ='LUC-2012-08-10-Run1'!AG16 -> 2.5931821e-05 | F14: ='LUC-2012-08-10-Run1'!AH16 -> 2.5817027e-05 | G14: ='LUC-2012-08-10-Run1'!AI16 -> 2.5702742e-05 | H14: ='LUC-2012-08-10-Run1'!AJ16 -> 2.5588963e-05 | I14: ='LUC-2012-08-10-Run1'!AK16 -> 2.5475688e-05 | J14: ='LUC-2012-08-10-Run1'!AL16 -> 2.5362914e-05 | K14: ='LUC-2012-08-10-Run1'!AM16 -> 2.5250639e-05 | ... BK14: ='LUC-2012-08-10-Run1'!CM16 -> 2.4756052e-05 | BN14: diary | BO14: =D15*1000000 -> 201 | BP14: =M15*1000000 -> 201.6 | BQ14: =W15*1000000 -> 204.16667 | BR14: =AG15*1000000 -> 209.58333 | BS14: =AQ15*1000000 -> 215 | BT14: =BA15*1000000 -> 218.5 | BU14: =BK15*1000000 -> 222 | BX14: =(BK15-R15)/R15 -> 0.09937273
A15: USA | B15: diary | C15: Gg/capita/year | D15: ='LUC-2012-08-10-Run1'!AF17 -> 0.000201 | E15: ='LUC-2012-08-10-Run1'!AG17 -> 0.00020106667 | F15: ='LUC-2012-08-10-Run1'!AH17 -> 0.00020113333 | G15: ='LUC-2012-08-10-Run1'!AI17 -> 0.0002012 | H15: ='LUC-2012-08-10-Run1'!AJ17 -> 0.00020126667 | I15: ='LUC-2012-08-10-Run1'!AK17 -> 0.00020133333 | J15: ='LUC-2012-08-10-Run1'!AL17 -> 0.0002014 | K15: ='LUC-2012-08-10-Run1'!AM17 -> 0.00020146667 | ... BK15: ='LUC-2012-08-10-Run1'!CM17 -> 0.000222 | BN15: pig like meat | BO15: =D16*1000000 -> 31.090008 | BP15: =M16*1000000 -> 32.231965 | BQ15: =W16*1000000 -> 33.148743 | BR15: =AG16*1000000 -> 33.481726 | BS15: =AQ16*1000000 -> 33.818054 | BT15: =BA16*1000000 -> 34.15776 | BU15: =BK16*1000000 -> 34.500879 | BX15: =(BK16-R16)/R16 -> 0.049156005
A16: USA | B16: pig like meat | C16: Gg/capita/year | D16: ='LUC-2012-08-10-Run1'!AF18 -> 3.1090008e-05 | E16: ='LUC-2012-08-10-Run1'!AG18 -> 3.1214867e-05 | F16: ='LUC-2012-08-10-Run1'!AH18 -> 3.1340228e-05 | G16: ='LUC-2012-08-10-Run1'!AI18 -> 3.1466092e-05 | H16: ='LUC-2012-08-10-Run1'!AJ18 -> 3.1592462e-05 | I16: ='LUC-2012-08-10-Run1'!AK18 -> 3.1719339e-05 | J16: ='LUC-2012-08-10-Run1'!AL18 -> 3.1846726e-05 | K16: ='LUC-2012-08-10-Run1'!AM18 -> 3.1974625e-05 | ... BK16: ='LUC-2012-08-10-Run1'!CM18 -> 3.4500879e-05 | BN16: poultry like meat | BO16: =D17*1000000 -> 19.058063 | BP16: =M17*1000000 -> 22.035498 | BQ16: =W17*1000000 -> 24.96147 | BR16: =AG17*1000000 -> 26.764853 | BS16: =AQ17*1000000 -> 28.698524 | BT16: =BA17*1000000 -> 30.771897 | BU16: =BK17*1000000 -> 32.995064 | BX16: =(BK17-R17)/R17 -> 0.38134324
A17: USA | B17: poultry like meat | C17: Gg/capita/year | D17: ='LUC-2012-08-10-Run1'!AF19 -> 1.9058063e-05 | E17: ='LUC-2012-08-10-Run1'!AG19 -> 1.936795e-05 | F17: ='LUC-2012-08-10-Run1'!AH19 -> 1.9682876e-05 | G17: ='LUC-2012-08-10-Run1'!AI19 -> 2.0002922e-05 | H17: ='LUC-2012-08-10-Run1'!AJ19 -> 2.0328173e-05 | I17: ='LUC-2012-08-10-Run1'!AK19 -> 2.0658713e-05 | J17: ='LUC-2012-08-10-Run1'!AL19 -> 2.0994627e-05 | K17: ='LUC-2012-08-10-Run1'!AM19 -> 2.1336003e-05 | ... BK17: ='LUC-2012-08-10-Run1'!CM19 -> 3.2995064e-05 | BN17: maize | BO17: =D18*1000000 -> 37.31055 | BP17: =M18*1000000 -> 38.001486 | BQ17: =W18*1000000 -> 39.374178 | BR17: =AG18*1000000 -> 41.654347 | BS17: =AQ18*1000000 -> 43.934516 | BT17: =BA18*1000000 -> 43.934516 | BU17: =BK18*1000000 -> 43.934516 | BV17: =SUM(M18:M24)*1000000 -> 297.9 | BW17: =SUM(BU17:BU23) -> 295.1 | BX17: =(BK18-R18)/R18 -> 0.144565
A18: USA | B18: maize | C18: Gg/capita/year | D18: ='LUC-2012-08-10-Run1'!AF21 -> 3.731055e-05 | E18: ='LUC-2012-08-10-Run1'!AG21 -> 3.738732e-05 | F18: ='LUC-2012-08-10-Run1'!AH21 -> 3.7464091e-05 | G18: ='LUC-2012-08-10-Run1'!AI21 -> 3.7540862e-05 | H18: ='LUC-2012-08-10-Run1'!AJ21 -> 3.7617632e-05 | I18: ='LUC-2012-08-10-Run1'!AK21 -> 3.7694403e-05 | J18: ='LUC-2012-08-10-Run1'!AL21 -> 3.7771174e-05 | K18: ='LUC-2012-08-10-Run1'!AM21 -> 3.7847945e-05 | ... BK18: ='LUC-2012-08-10-Run1'!CM21 -> 4.3934516e-05 | BN18: wheat | BO18: =D19*1000000 -> 53.438336 | BP18: =M19*1000000 -> 54.427935 | BQ18: =W19*1000000 -> 54.398886 | BR18: =AG19*1000000 -> 52.676933 | BS18: =AQ19*1000000 -> 50.95498 | BT18: =BA19*1000000 -> 50.95498 | BU18: =BK19*1000000 -> 50.95498 | BX18: =(BK19-R19)/R19 -> -0.073170237
A19: USA | B19: wheat | C19: Gg/capita/year | D19: ='LUC-2012-08-10-Run1'!AF22 -> 5.3438336e-05 | E19: ='LUC-2012-08-10-Run1'!AG22 -> 5.3548291e-05 | F19: ='LUC-2012-08-10-Run1'!AH22 -> 5.3658247e-05 | G19: ='LUC-2012-08-10-Run1'!AI22 -> 5.3768202e-05 | H19: ='LUC-2012-08-10-Run1'!AJ22 -> 5.3878158e-05 | I19: ='LUC-2012-08-10-Run1'!AK22 -> 5.3988113e-05 | J19: ='LUC-2012-08-10-Run1'!AL22 -> 5.4098068e-05 | K19: ='LUC-2012-08-10-Run1'!AM22 -> 5.4208024e-05 | ... BK19: ='LUC-2012-08-10-Run1'!CM22 -> 5.095498e-05 | BN19: rice | BO19: =D20*1000000 -> 38.032689 | BP19: =M20*1000000 -> 38.736999 | BQ19: =W20*1000000 -> 38.522501 | BR19: =AG20*1000000 -> 36.81241 | BS19: =AQ20*1000000 -> 35.102319 | BT19: =BA20*1000000 -> 35.102319 | BU19: =BK20*1000000 -> 35.102319 | BX19: =(BK20-R20)/R20 -> -0.10289136
A20: USA | B20: rice | C20: Gg/capita/year | D20: ='LUC-2012-08-10-Run1'!AF23 -> 3.8032689e-05 | E20: ='LUC-2012-08-10-Run1'!AG23 -> 3.8110946e-05 | F20: ='LUC-2012-08-10-Run1'!AH23 -> 3.8189203e-05 | G20: ='LUC-2012-08-10-Run1'!AI23 -> 3.8267459e-05 | H20: ='LUC-2012-08-10-Run1'!AJ23 -> 3.8345716e-05 | I20: ='LUC-2012-08-10-Run1'!AK23 -> 3.8423972e-05 | J20: ='LUC-2012-08-10-Run1'!AL23 -> 3.8502229e-05 | K20: ='LUC-2012-08-10-Run1'!AM23 -> 3.8580485e-05 | ... BK20: ='LUC-2012-08-10-Run1'!CM23 -> 3.5102319e-05 | BN20: other cereals | BO20: =D21*1000000 -> 33.218425 | BP20: =M21*1000000 -> 33.833581 | BQ20: =W21*1000000 -> 34.537768 | BR20: =AG21*1000000 -> 35.272977 | BS20: =AQ21*1000000 -> 36.008186 | BT20: =BA21*1000000 -> 36.008186 | BU20: =BK21*1000000 -> 36.008186 | BX20: =(BK21-R21)/R21 -> 0.05363082
A21: USA | B21: other cereals | C21: Gg/capita/year | D21: ='LUC-2012-08-10-Run1'!AF24 -> 3.3218425e-05 | E21: ='LUC-2012-08-10-Run1'!AG24 -> 3.3286776e-05 | F21: ='LUC-2012-08-10-Run1'!AH24 -> 3.3355126e-05 | G21: ='LUC-2012-08-10-Run1'!AI24 -> 3.3423477e-05 | H21: ='LUC-2012-08-10-Run1'!AJ24 -> 3.3491828e-05 | I21: ='LUC-2012-08-10-Run1'!AK24 -> 3.3560178e-05 | J21: ='LUC-2012-08-10-Run1'!AL24 -> 3.3628529e-05 | K21: ='LUC-2012-08-10-Run1'!AM24 -> 3.369688e-05 | ... BK21: ='LUC-2012-08-10-Run1'!CM24 -> 3.6008186e-05 | BN21: oils (from crops) | BO21: =D22*1000000 -> 16 | BP21: =M22*1000000 -> 17.8 | BQ21: =W22*1000000 -> 19.166667 | BR21: =AG22*1000000 -> 19.583333 | BS21: =AQ22*1000000 -> 20 | BT21: =BA22*1000000 -> 20.5 | BU21: =BK22*1000000 -> 21 | BX21: =(BK22-R22)/R22 -> 0.11702128
A22: USA | B22: oils (from crops) | C22: Gg/capita/year | D22: ='LUC-2012-08-10-Run1'!AF25 -> 1.6e-05 | E22: ='LUC-2012-08-10-Run1'!AG25 -> 1.62e-05 | F22: ='LUC-2012-08-10-Run1'!AH25 -> 1.64e-05 | G22: ='LUC-2012-08-10-Run1'!AI25 -> 1.66e-05 | H22: ='LUC-2012-08-10-Run1'!AJ25 -> 1.68e-05 | I22: ='LUC-2012-08-10-Run1'!AK25 -> 1.7e-05 | J22: ='LUC-2012-08-10-Run1'!AL25 -> 1.72e-05 | K22: ='LUC-2012-08-10-Run1'!AM25 -> 1.74e-05 | ... BK22: ='LUC-2012-08-10-Run1'!CM25 -> 2.1e-05 | BN22: sugar | BO22: =D23*1000000 -> 36 | BP22: =M23*1000000 -> 34.8 | BQ22: =W23*1000000 -> 33.833333 | BR22: =AG23*1000000 -> 33.416667 | BS22: =AQ23*1000000 -> 33 | BT22: =BA23*1000000 -> 33 | BU22: =BK23*1000000 -> 33 | BX22: =(BK23-R23)/R23 -> -0.033203125
A23: USA | B23: sugar | C23: Gg/capita/year | D23: ='LUC-2012-08-10-Run1'!AF26 -> 3.6e-05 | E23: ='LUC-2012-08-10-Run1'!AG26 -> 3.5866667e-05 | F23: ='LUC-2012-08-10-Run1'!AH26 -> 3.5733333e-05 | G23: ='LUC-2012-08-10-Run1'!AI26 -> 3.56e-05 | H23: ='LUC-2012-08-10-Run1'!AJ26 -> 3.5466667e-05 | I23: ='LUC-2012-08-10-Run1'!AK26 -> 3.5333333e-05 | J23: ='LUC-2012-08-10-Run1'!AL26 -> 3.52e-05 | K23: ='LUC-2012-08-10-Run1'!AM26 -> 3.5066667e-05 | ... BK23: ='LUC-2012-08-10-Run1'!CM26 -> 3.3e-05 | BN23: vegetable, fruit, and nuts | BO23: =D24*1000000 -> 80.9 | BP23: =M24*1000000 -> 80.3 | BQ23: =W24*1000000 -> 79.463636 | BR23: =AG24*1000000 -> 78.372727 | BS23: =AQ24*1000000 -> 76 | BT23: =BA24*1000000 -> 75.55 | BU23: =BK24*1000000 -> 75.1 | BX23: =(BK24-R24)/R24 -> -0.060858691 | BY23: =SUM(BX13:BX23) -> 0.5863039
A24: USA | B24: vegetable, fruit, and nuts | C24: Gg/capita/year | D24: ='LUC-2012-08-10-Run1'!AF28 -> 8.09e-05 | E24: ='LUC-2012-08-10-Run1'!AG28 -> 8.0833333e-05 | F24: ='LUC-2012-08-10-Run1'!AH28 -> 8.0766667e-05 | G24: ='LUC-2012-08-10-Run1'!AI28 -> 8.07e-05 | H24: ='LUC-2012-08-10-Run1'!AJ28 -> 8.0633333e-05 | I24: ='LUC-2012-08-10-Run1'!AK28 -> 8.0566667e-05 | J24: ='LUC-2012-08-10-Run1'!AL28 -> 8.05e-05 | K24: ='LUC-2012-08-10-Run1'!AM28 -> 8.0433333e-05 | ... BK24: ='LUC-2012-08-10-Run1'!CM28 -> 7.51e-05 | BN24: kg/capita/yr
BM25: Location | BN25: Commodity Type | BO25: 1991 | BP25: 2000 | BQ25: 2010 | BR25: 2020 | BS25: 2030 | BT25: 2040 | BU25: 2050
A26: ROW | B26: maize | C26: Gg/ha/year | D26: ='LUC-2012-08-10-Run1'!AF30 -> 0.0028586557 | E26: ='LUC-2012-08-10-Run1'!AG30 -> 0.0029099639 | F26: ='LUC-2012-08-10-Run1'!AH30 -> 0.0029612721 | G26: ='LUC-2012-08-10-Run1'!AI30 -> 0.0030125802 | H26: ='LUC-2012-08-10-Run1'!AJ30 -> 0.0030638884 | I26: ='LUC-2012-08-10-Run1'!AK30 -> 0.0031151966 | J26: ='LUC-2012-08-10-Run1'!AL30 -> 0.0031665047 | K26: ='LUC-2012-08-10-Run1'!AM30 -> 0.0032178129 | ... BK26: ='LUC-2012-08-10-Run1'!CM30 -> 0.0050303517 | BM26: ROW | BN26: maize | BO26: =D26*1000 -> 2.8586557 | BP26: =M26*1000 -> 3.3204293 | BQ26: =W26*1000 -> 3.7557395 | BR26: =AG26*1000 -> 4.0743925 | BS26: =AQ26*1000 -> 4.3930456 | BT26: =BA26*1000 -> 4.7116986 | BU26: =BK26*1000 -> 5.0303517
A27: ROW | B27: wheat | C27: Gg/ha/year | D27: ='LUC-2012-08-10-Run1'!AF31 -> 0.0022199163 | E27: ='LUC-2012-08-10-Run1'!AG31 -> 0.0022566263 | F27: ='LUC-2012-08-10-Run1'!AH31 -> 0.0022933364 | G27: ='LUC-2012-08-10-Run1'!AI31 -> 0.0023300465 | H27: ='LUC-2012-08-10-Run1'!AJ31 -> 0.0023667566 | I27: ='LUC-2012-08-10-Run1'!AK31 -> 0.0024034667 | J27: ='LUC-2012-08-10-Run1'!AL31 -> 0.0024401768 | K27: ='LUC-2012-08-10-Run1'!AM31 -> 0.0024768869 | ... BK27: ='LUC-2012-08-10-Run1'!CM31 -> 0.0038092166 | BN27: wheat | BO27: =D27*1000 -> 2.2199163 | BP27: =M27*1000 -> 2.550307 | BQ27: =W27*1000 -> 2.8649902 | BR27: =AG27*1000 -> 3.1010468 | BS27: =AQ27*1000 -> 3.3371034 | BT27: =BA27*1000 -> 3.57316 | BU27: =BK27*1000 -> 3.8092166
A28: ROW | B28: rice | C28: Gg/ha/year | D28: ='LUC-2012-08-10-Run1'!AF32 -> 0.0032695631 | E28: ='LUC-2012-08-10-Run1'!AG32 -> 0.0033190681 | F28: ='LUC-2012-08-10-Run1'!AH32 -> 0.0033685731 | G28: ='LUC-2012-08-10-Run1'!AI32 -> 0.003418078 | H28: ='LUC-2012-08-10-Run1'!AJ32 -> 0.003467583 | I28: ='LUC-2012-08-10-Run1'!AK32 -> 0.003517088 | J28: ='LUC-2012-08-10-Run1'!AL32 -> 0.0035665929 | K28: ='LUC-2012-08-10-Run1'!AM32 -> 0.0036160979 | ... BK28: ='LUC-2012-08-10-Run1'!CM32 -> 0.0052814251 | BN28: rice | BO28: =D28*1000 -> 3.2695631 | BP28: =M28*1000 -> 3.7151078 | BQ28: =W28*1000 -> 4.1275274 | BR28: =AG28*1000 -> 4.4160018 | BS28: =AQ28*1000 -> 4.7044763 | BT28: =BA28*1000 -> 4.9929507 | BU28: =BK28*1000 -> 5.2814251
A29: ROW | B29: other cereals | C29: Gg/ha/year | D29: ='LUC-2012-08-10-Run1'!AF33 -> 0.0014251346 | E29: ='LUC-2012-08-10-Run1'!AG33 -> 0.001439401 | F29: ='LUC-2012-08-10-Run1'!AH33 -> 0.0014536674 | G29: ='LUC-2012-08-10-Run1'!AI33 -> 0.0014679338 | H29: ='LUC-2012-08-10-Run1'!AJ33 -> 0.0014822002 | I29: ='LUC-2012-08-10-Run1'!AK33 -> 0.0014964666 | J29: ='LUC-2012-08-10-Run1'!AL33 -> 0.0015107329 | K29: ='LUC-2012-08-10-Run1'!AM33 -> 0.0015249993 | ... BK29: ='LUC-2012-08-10-Run1'!CM33 -> 0.0021704403 | BN29: other cereals | BO29: =D29*1000 -> 1.4251346 | BP29: =M29*1000 -> 1.5535321 | BQ29: =W29*1000 -> 1.6874313 | BR29: =AG29*1000 -> 1.8081836 | BS29: =AQ29*1000 -> 1.9289358 | BT29: =BA29*1000 -> 2.049688 | BU29: =BK29*1000 -> 2.1704403
A30: ROW | B30: oils (from crops) | C30: Gg/ha/year | D30: ='LUC-2012-08-10-Run1'!AF34 -> 0.0016577549 | E30: ='LUC-2012-08-10-Run1'!AG34 -> 0.0016804361 | F30: ='LUC-2012-08-10-Run1'!AH34 -> 0.0017031173 | G30: ='LUC-2012-08-10-Run1'!AI34 -> 0.0017257985 | H30: ='LUC-2012-08-10-Run1'!AJ34 -> 0.0017484797 | I30: ='LUC-2012-08-10-Run1'!AK34 -> 0.0017711609 | J30: ='LUC-2012-08-10-Run1'!AL34 -> 0.0017938421 | K30: ='LUC-2012-08-10-Run1'!AM34 -> 0.0018165233 | ... BK30: ='LUC-2012-08-10-Run1'!CM34 -> 0.0029 | BN30: oils (from crops) | BO30: =D30*1000 -> 1.6577549 | BP30: =M30*1000 -> 1.8618857 | BQ30: =W30*1000 -> 2.0799754 | BR30: =AG30*1000 -> 2.2849816 | BS30: =AQ30*1000 -> 2.4899877 | BT30: =BA30*1000 -> 2.6949939 | BU30: =BK30*1000 -> 2.9
A31: ROW | B31: sugar | C31: Gg/ha/year | D31: ='LUC-2012-08-10-Run1'!AF35 -> 0.061522727 | E31: ='LUC-2012-08-10-Run1'!AG35 -> 0.061954545 | F31: ='LUC-2012-08-10-Run1'!AH35 -> 0.062386364 | G31: ='LUC-2012-08-10-Run1'!AI35 -> 0.062818182 | H31: ='LUC-2012-08-10-Run1'!AJ35 -> 0.06325 | I31: ='LUC-2012-08-10-Run1'!AK35 -> 0.063681818 | J31: ='LUC-2012-08-10-Run1'!AL35 -> 0.064113636 | K31: ='LUC-2012-08-10-Run1'!AM35 -> 0.064545455 | ... BK31: ='LUC-2012-08-10-Run1'!CM35 -> 0.104 | BN31: sugar | BO31: =D31*1000 -> 61.522727 | BP31: =M31*1000 -> 65.409091 | BQ31: =W31*1000 -> 71.272727 | BR31: =AG31*1000 -> 79.454545 | BS31: =AQ31*1000 -> 87.636364 | BT31: =BA31*1000 -> 95.818182 | BU31: =BK31*1000 -> 104
A32: ROW | B32: vegetable, fruit, and nuts | C32: Gg/ha/year | D32: ='LUC-2012-08-10-Run1'!AF39 -> 0.00086618671 | E32: ='LUC-2012-08-10-Run1'!AG39 -> 0.00087332066 | F32: ='LUC-2012-08-10-Run1'!AH39 -> 0.0008804546 | G32: ='LUC-2012-08-10-Run1'!AI39 -> 0.00088758854 | H32: ='LUC-2012-08-10-Run1'!AJ39 -> 0.00089472249 | I32: ='LUC-2012-08-10-Run1'!AK39 -> 0.00090185643 | J32: ='LUC-2012-08-10-Run1'!AL39 -> 0.00090899038 | K32: ='LUC-2012-08-10-Run1'!AM39 -> 0.00091612432 | ... BK32: ='LUC-2012-08-10-Run1'!CM39 -> 0.0017443299 | BN32: vegetable, fruit, and nuts | BO32: =D32*1000 -> 0.86618671 | BP32: =M32*1000 -> 0.93039221 | BQ32: =W32*1000 -> 1.043299 | BR32: =AG32*1000 -> 1.2185567 | BS32: =AQ32*1000 -> 1.3938144 | BT32: =BA32*1000 -> 1.5690722 | BU32: =BK32*1000 -> 1.7443299
BM33: USA | BN33: maize | BO33: =D34*1000 -> 5.0675 | BP33: =M34*1000 -> 5.765 | BQ33: =W34*1000 -> 6.34 | BR33: =AG34*1000 -> 6.615 | BS33: =AQ34*1000 -> 6.89 | BT33: =BA34*1000 -> 7.165 | BU33: =BK34*1000 -> 7.44
A34: USA | B34: maize | C34: Gg/ha/year | D34: ='LUC-2012-08-10-Run1'!AF41 -> 0.0050675 | E34: ='LUC-2012-08-10-Run1'!AG41 -> 0.005145 | F34: ='LUC-2012-08-10-Run1'!AH41 -> 0.0052225 | G34: ='LUC-2012-08-10-Run1'!AI41 -> 0.0053 | H34: ='LUC-2012-08-10-Run1'!AJ41 -> 0.0053775 | I34: ='LUC-2012-08-10-Run1'!AK41 -> 0.005455 | J34: ='LUC-2012-08-10-Run1'!AL41 -> 0.0055325 | K34: ='LUC-2012-08-10-Run1'!AM41 -> 0.00561 | ... BK34: ='LUC-2012-08-10-Run1'!CM41 -> 0.00744 | BN34: wheat | BO34: =D35*1000 -> 2.3129545 | BP34: =M35*1000 -> 2.5931818 | BQ34: =W35*1000 -> 2.8572727 | BR34: =AG35*1000 -> 3.0504545 | BS34: =AQ35*1000 -> 3.2436364 | BT34: =BA35*1000 -> 3.4368182 | BU34: =BK35*1000 -> 3.63
A35: USA | B35: wheat | C35: Gg/ha/year | D35: ='LUC-2012-08-10-Run1'!AF42 -> 0.0023129545 | E35: ='LUC-2012-08-10-Run1'!AG42 -> 0.0023440909 | F35: ='LUC-2012-08-10-Run1'!AH42 -> 0.0023752273 | G35: ='LUC-2012-08-10-Run1'!AI42 -> 0.0024063636 | H35: ='LUC-2012-08-10-Run1'!AJ42 -> 0.0024375 | I35: ='LUC-2012-08-10-Run1'!AK42 -> 0.0024686364 | J35: ='LUC-2012-08-10-Run1'!AL42 -> 0.0024997727 | K35: ='LUC-2012-08-10-Run1'!AM42 -> 0.0025309091 | ... BK35: ='LUC-2012-08-10-Run1'!CM42 -> 0.00363 | BN35: rice | BO35: =D36*1000 -> 3.4209091 | BP35: =M36*1000 -> 3.8463636 | BQ35: =W36*1000 -> 4.2418182 | BR35: =AG36*1000 -> 4.5213636 | BS35: =AQ36*1000 -> 4.8009091 | BT35: =BA36*1000 -> 5.0804545 | BU35: =BK36*1000 -> 5.36
A36: USA | B36: rice | C36: Gg/ha/year | D36: ='LUC-2012-08-10-Run1'!AF43 -> 0.0034209091 | E36: ='LUC-2012-08-10-Run1'!AG43 -> 0.0034681818 | F36: ='LUC-2012-08-10-Run1'!AH43 -> 0.0035154545 | G36: ='LUC-2012-08-10-Run1'!AI43 -> 0.0035627273 | H36: ='LUC-2012-08-10-Run1'!AJ43 -> 0.00361 | I36: ='LUC-2012-08-10-Run1'!AK43 -> 0.0036572727 | J36: ='LUC-2012-08-10-Run1'!AL43 -> 0.0037045455 | K36: ='LUC-2012-08-10-Run1'!AM43 -> 0.0037518182 | ... BK36: ='LUC-2012-08-10-Run1'!CM43 -> 0.00536 | BN36: other cereals | BO36: =D37*1000 -> 1.4251346 | BP36: =M37*1000 -> 1.5535321 | BQ36: =W37*1000 -> 1.6874313 | BR36: =AG37*1000 -> 1.8081836 | BS36: =AQ37*1000 -> 1.9289358 | BT36: =BA37*1000 -> 2.049688 | BU36: =BK37*1000 -> 2.1704403
A37: USA | B37: other cereals | C37: Gg/ha/year | D37: ='LUC-2012-08-10-Run1'!AF44 -> 0.0014251346 | E37: ='LUC-2012-08-10-Run1'!AG44 -> 0.001439401 | F37: ='LUC-2012-08-10-Run1'!AH44 -> 0.0014536674 | G37: ='LUC-2012-08-10-Run1'!AI44 -> 0.0014679338 | H37: ='LUC-2012-08-10-Run1'!AJ44 -> 0.0014822002 | I37: ='LUC-2012-08-10-Run1'!AK44 -> 0.0014964666 | J37: ='LUC-2012-08-10-Run1'!AL44 -> 0.0015107329 | K37: ='LUC-2012-08-10-Run1'!AM44 -> 0.0015249993 | ... BK37: ='LUC-2012-08-10-Run1'!CM44 -> 0.0021704403 | BN37: oils (from crops) | BO37: =D38*1000 -> 1.6577549 | BP37: =M38*1000 -> 1.8618857 | BQ37: =W38*1000 -> 2.0799754 | BR37: =AG38*1000 -> 2.2849816 | BS37: =AQ38*1000 -> 2.4899877 | BT37: =BA38*1000 -> 2.6949939 | BU37: =BK38*1000 -> 2.9
A38: USA | B38: oils (from crops) | C38: Gg/ha/year | D38: ='LUC-2012-08-10-Run1'!AF45 -> 0.0016577549 | E38: ='LUC-2012-08-10-Run1'!AG45 -> 0.0016804361 | F38: ='LUC-2012-08-10-Run1'!AH45 -> 0.0017031173 | G38: ='LUC-2012-08-10-Run1'!AI45 -> 0.0017257985 | H38: ='LUC-2012-08-10-Run1'!AJ45 -> 0.0017484797 | I38: ='LUC-2012-08-10-Run1'!AK45 -> 0.0017711609 | J38: ='LUC-2012-08-10-Run1'!AL45 -> 0.0017938421 | K38: ='LUC-2012-08-10-Run1'!AM45 -> 0.0018165233 | ... BK38: ='LUC-2012-08-10-Run1'!CM45 -> 0.0029 | BN38: sugar | BO38: =D39*1000 -> 61.522727 | BP38: =M39*1000 -> 65.409091 | BQ38: =W39*1000 -> 71.272727 | BR38: =AG39*1000 -> 79.454545 | BS38: =AQ39*1000 -> 87.636364 | BT38: =BA39*1000 -> 95.818182 | BU38: =BK39*1000 -> 104
A39: USA | B39: sugar | C39: Gg/ha/year | D39: ='LUC-2012-08-10-Run1'!AF46 -> 0.061522727 | E39: ='LUC-2012-08-10-Run1'!AG46 -> 0.061954545 | F39: ='LUC-2012-08-10-Run1'!AH46 -> 0.062386364 | G39: ='LUC-2012-08-10-Run1'!AI46 -> 0.062818182 | H39: ='LUC-2012-08-10-Run1'!AJ46 -> 0.06325 | I39: ='LUC-2012-08-10-Run1'!AK46 -> 0.063681818 | J39: ='LUC-2012-08-10-Run1'!AL46 -> 0.064113636 | K39: ='LUC-2012-08-10-Run1'!AM46 -> 0.064545455 | ... BK39: ='LUC-2012-08-10-Run1'!CM46 -> 0.104 | BN39: vegetable, fruit, and nuts | BO39: =D40*1000 -> 0.86618671 | BP39: =M40*1000 -> 0.93039221 | BQ39: =W40*1000 -> 1.043299 | BR39: =AG40*1000 -> 1.2185567 | BS39: =AQ40*1000 -> 1.3938144 | BT39: =BA40*1000 -> 1.5690722 | BU39: =BK40*1000 -> 1.7443299
A40: USA | B40: vegetable, fruit, and nuts | C40: Gg/ha/year | D40: ='LUC-2012-08-10-Run1'!AF50 -> 0.00086618671 | E40: ='LUC-2012-08-10-Run1'!AG50 -> 0.00087332066 | F40: ='LUC-2012-08-10-Run1'!AH50 -> 0.0008804546 | G40: ='LUC-2012-08-10-Run1'!AI50 -> 0.00088758854 | H40: ='LUC-2012-08-10-Run1'!AJ50 -> 0.00089472249 | I40: ='LUC-2012-08-10-Run1'!AK50 -> 0.00090185643 | J40: ='LUC-2012-08-10-Run1'!AL50 -> 0.00090899038 | K40: ='LUC-2012-08-10-Run1'!AM50 -> 0.00091612432 | ... BK40: ='LUC-2012-08-10-Run1'!CM50 -> 0.0017443299 | BN40: Mg/ha/year
BM41: Location | BN41: Commodity Type | BO41: 1991 | BP41: 2000 | BQ41: 2010 | BR41: 2020 | BS41: 2030 | BT41: 2040 | BU41: 2050
A42: USA | B42: ethanol | C42: ha/year | D42: ='WAO Scenario Ag'!AF13 -> 264298.13 | E42: ='WAO Scenario Ag'!AG13 -> 520633.93 | F42: ='WAO Scenario Ag'!AH13 -> 769361.87 | G42: ='WAO Scenario Ag'!AI13 -> 1010815.7 | H42: ='WAO Scenario Ag'!AJ13 -> 1245309.9 | I42: ='WAO Scenario Ag'!AK13 -> 1473141.1 | J42: ='WAO Scenario Ag'!AL13 -> 1694589.3 | K42: ='WAO Scenario Ag'!AM13 -> 1909919.1 | ... BK42: ='WAO Scenario Ag'!CM13 -> 19963365 | BM42: USA | BN42: ethanol | BO42: =D42/1000000 -> 0.26429813 | BP42: =M42/1000000 -> 2.3232104 | BQ42: =W42/1000000 -> 14.105285 | BR42: =AG42/1000000 -> 22.453127 | BS42: =AQ42/1000000 -> 21.556957 | BT42: =BA42/1000000 -> 20.729579 | BU42: =BK42/1000000 -> 19.963365
A43: USA | B43: biodiesel/renewable diesel | C43: ha/year | D43: ='WAO Scenario Ag'!AF14 -> 0 | E43: ='WAO Scenario Ag'!AG14 -> 0 | F43: ='WAO Scenario Ag'!AH14 -> 0 | G43: ='WAO Scenario Ag'!AI14 -> 0 | H43: ='WAO Scenario Ag'!AJ14 -> 0 | I43: ='WAO Scenario Ag'!AK14 -> 0 | J43: ='WAO Scenario Ag'!AL14 -> 0 | K43: ='WAO Scenario Ag'!AM14 -> 0 | ... BK43: ='WAO Scenario Ag'!CM14 -> 2057654.3 | BN43: biodiesel/renewable diesel | BO43: =D43/1000000 -> 0 | BP43: =M43/1000000 -> 0 | BQ43: =W43/1000000 -> 1.9473105 | BR43: =AG43/1000000 -> 2.611486 | BS43: =AQ43/1000000 -> 2.3964766 | BT43: =BA43/1000000 -> 2.2141785 | BU43: =BK43/1000000 -> 2.0576543
A44: ROW | B44: ethanol | C44: ha/year | D44: =SUM('WAO Scenario Ag'!AF15:AF19) -> 639160.18 | E44: =SUM('WAO Scenario Ag'!AG15:AG19) -> 1260334.5 | F44: =SUM('WAO Scenario Ag'!AH15:AH19) -> 1864320.4 | G44: =SUM('WAO Scenario Ag'!AI15:AI19) -> 2451866.9 | H44: =SUM('WAO Scenario Ag'!AJ15:AJ19) -> 3023678.4 | I44: =SUM('WAO Scenario Ag'!AK15:AK19) -> 3580418.1 | J44: =SUM('WAO Scenario Ag'!AL15:AL19) -> 4122710.7 | K44: =SUM('WAO Scenario Ag'!AM15:AM19) -> 4651145.7 | ... BK44: =SUM('WAO Scenario Ag'!CM15:CM19) -> 27614521 | BM44: ROW | BN44: ethanol | BO44: =D44/1000000 -> 0.63916018 | BP44: =M44/1000000 -> 5.668638 | BQ44: =W44/1000000 -> 18.357375 | BR44: =AG44/1000000 -> 33.736168 | BS44: =AQ44/1000000 -> 31.409549 | BT44: =BA44/1000000 -> 29.387922 | BU44: =BK44/1000000 -> 27.614521
A45: ROW | B45: biodiesel/renewable diesel | C45: ha/year | D45: ='WAO Scenario Ag'!AF20 -> 138599.56 | E45: ='WAO Scenario Ag'!AG20 -> 273457.71 | F45: ='WAO Scenario Ag'!AH20 -> 404723.93 | G45: ='WAO Scenario Ag'!AI20 -> 532539.82 | H45: ='WAO Scenario Ag'!AJ20 -> 657039.67 | I45: ='WAO Scenario Ag'!AK20 -> 778350.87 | J45: ='WAO Scenario Ag'!AL20 -> 896594.37 | K45: ='WAO Scenario Ag'!AM20 -> 1011885.1 | ... BK45: ='WAO Scenario Ag'!CM20 -> 33551406 | BN45: biodiesel/renewable diesel | BO45: =D45/1000000 -> 0.13859956 | BP45: =M45/1000000 -> 1.2340398 | BQ45: =W45/1000000 -> 21.673022 | BR45: =AG45/1000000 -> 42.581996 | BS45: =AQ45/1000000 -> 39.076127 | BT45: =BA45/1000000 -> 36.103636 | BU45: =BK45/1000000 -> 33.551406 | BV45: =SUM(BP42:BP45) -> 9.2258882
BN46: million ha/year
A47: USA | B47: ethanol | C47: MJ/year | D47: =D52*$D$65 -> 2.0945864e+10 | E47: =E52*$D$65 -> 4.1891728e+10 | F47: =F52*$D$65 -> 6.2837591e+10 | G47: =G52*$D$65 -> 8.3783455e+10 | H47: =H52*$D$65 -> 1.0472932e+11 | I47: =I52*$D$65 -> 1.2567518e+11 | J47: =J52*$D$65 -> 1.4662105e+11 | K47: =K52*$D$65 -> 1.6756691e+11 | ... BK47: =BK52*$D$65 -> 2322829800000 | BM47: Location | BN47: Commodity Type | BO47: 1991 | BP47: 2000 | BQ47: 2010 | BR47: 2020 | BS47: 2030 | BT47: 2040 | BU47: 2050
A48: USA | B48: biodiesel/renewable diesel | C48: MJ/year | D48: =D53*$D$66 -> 0 | E48: =E53*$D$66 -> 0 | F48: =F53*$D$66 -> 0 | G48: =G53*$D$66 -> 0 | H48: =H53*$D$66 -> 0 | I48: =I53*$D$66 -> 0 | J48: =J53*$D$66 -> 0 | K48: =K53*$D$66 -> 0 | ... BK48: =BK53*$D$66 -> 142411400000 | BM48: USA | BN48: ethanol | BO48: =D47/1000000000000 -> 0.020945864 | BP48: =M47/1000000000000 -> 0.20945864 | BQ48: =W47/1000000000000 -> 1.3985624 | BR48: =AG47/1000000000000 -> 2.3228298 | BS48: =AQ47/1000000000000 -> 2.3228298 | BT48: =BA47/1000000000000 -> 2.3228298 | BU48: =BK47/1000000000000 -> 2.3228298
A49: ROW | B49: ethanol | C49: MJ/year | D49: =D54*$D$65 -> 3.8467633e+10 | E49: =E54*$D$65 -> 7.6935265e+10 | F49: =F54*$D$65 -> 1.154029e+11 | G49: =G54*$D$65 -> 1.5387053e+11 | H49: =H54*$D$65 -> 1.9233816e+11 | I49: =I54*$D$65 -> 2.308058e+11 | J49: =J54*$D$65 -> 2.6927343e+11 | K49: =K54*$D$65 -> 3.0774106e+11 | ... BK49: =BK54*$D$65 -> 3109806000000 | BN49: biodiesel/renewable diesel | BO49: =D48/1000000000000 -> 0 | BP49: =M48/1000000000000 -> 0 | BQ49: =W48/1000000000000 -> 0.096664666 | BR49: =AG48/1000000000000 -> 0.1424114 | BS49: =AQ48/1000000000000 -> 0.1424114 | BT49: =BA48/1000000000000 -> 0.1424114 | BU49: =BK48/1000000000000 -> 0.1424114
A50: ROW | B50: biodiesel/renewable diesel | C50: MJ/year | D50: =D55*$D$66 -> 3.2900879e+09 | E50: =E55*$D$66 -> 6.5801758e+09 | F50: =F55*$D$66 -> 9.8702637e+09 | G50: =G55*$D$66 -> 1.3160352e+10 | H50: =H55*$D$66 -> 1.6450439e+10 | I50: =I55*$D$66 -> 1.9740527e+10 | J50: =J55*$D$66 -> 2.3030615e+10 | K50: =K55*$D$66 -> 2.6320703e+10 | ... BK50: =BK55*$D$66 -> 1.3932669e+12 | BM50: ROW | BN50: ethanol | BO50: =D49/1000000000000 -> 0.038467633 | BP50: =M49/1000000000000 -> 0.38467633 | BQ50: =W49/1000000000000 -> 1.6670355 | BR50: =AG49/1000000000000 -> 3.109806 | BS50: =AQ49/1000000000000 -> 3.109806 | BT50: =BA49/1000000000000 -> 3.109806 | BU50: =BK49/1000000000000 -> 3.109806
BN51: biodiesel/renewable diesel | BO51: =D50/1000000000000 -> 0.0032900879 | BP51: =M50/1000000000000 -> 0.032900879 | BQ51: =W50/1000000000000 -> 0.64551044 | BR51: =AG50/1000000000000 -> 1.3932669 | BS51: =AQ50/1000000000000 -> 1.3932669 | BT51: =BA50/1000000000000 -> 1.3932669 | BU51: =BK50/1000000000000 -> 1.3932669 | BV51: =SUM(BP48:BP51) -> 0.62703584
A52: USA | B52: ethanol | C52: gal/yr | D52: ='Sce 3 Table'!D52 -> 161792820 | E52: ='Sce 3 Table'!E52 -> 323585640 | F52: ='Sce 3 Table'!F52 -> 485378460 | G52: ='Sce 3 Table'!G52 -> 647171280 | H52: ='Sce 3 Table'!H52 -> 808964100 | I52: ='Sce 3 Table'!I52 -> 9.7075692e+08 | J52: ='Sce 3 Table'!J52 -> 1132549740 | K52: ='Sce 3 Table'!K52 -> 1294342560 | ... T52: ='Sce 3 Table'!T52 -> 6521044740 | U52: =U57*1000000/$D$64 -> 9.2164389e+09 | V52: =V57*1000000/$D$64 -> 1.00097e+10 | W52: =W57*1000000/$D$64 -> 1.0802961e+10 | X52: =X57*1000000/$D$64 -> 1.1596222e+10 | Y52: =Y57*1000000/$D$64 -> 1.2389483e+10 | Z52: =Z57*1000000/$D$64 -> 1.3182744e+10 | AA52: =AA57*1000000/$D$64 -> 1.3976005e+10 | AB52: =AB57*1000000/$D$64 -> 1.4769266e+10 | ... BK52: =BK57*1000000/$D$64 -> 1.794231e+10 | BM52: EJ/yr
A53: USA | B53: biodiesel/renewable diesel | C53: gal/yr | D53: ='Sce 3 Table'!D53 -> 0 | E53: ='Sce 3 Table'!E53 -> 0 | F53: ='Sce 3 Table'!F53 -> 0 | G53: ='Sce 3 Table'!G53 -> 0 | H53: ='Sce 3 Table'!H53 -> 0 | I53: ='Sce 3 Table'!I53 -> 0 | J53: ='Sce 3 Table'!J53 -> 0 | K53: ='Sce 3 Table'!K53 -> 0 | ... T53: ='Sce 3 Table'!T53 -> 489824160 | U53: =U58*1000000/$D$64 -> 6.1261528e+08 | V53: =V58*1000000/$D$64 -> 6.4861481e+08 | W53: =W58*1000000/$D$64 -> 6.8461435e+08 | X53: =X58*1000000/$D$64 -> 7.2061388e+08 | Y53: =Y58*1000000/$D$64 -> 7.5661342e+08 | Z53: =Z58*1000000/$D$64 -> 7.9261295e+08 | AA53: =AA58*1000000/$D$64 -> 8.2861249e+08 | AB53: =AB58*1000000/$D$64 -> 8.6461202e+08 | ... BK53: =BK58*1000000/$D$64 -> 1.0086094e+09
A54: ROW | B54: ethanol | C54: gal/yr | D54: ='Sce 3 Table'!D54 -> 297136791 | E54: ='Sce 3 Table'!E54 -> 594273582 | F54: ='Sce 3 Table'!F54 -> 8.9141037e+08 | G54: ='Sce 3 Table'!G54 -> 1188547164 | H54: ='Sce 3 Table'!H54 -> 1485683955 | I54: ='Sce 3 Table'!I54 -> 1.7828207e+09 | J54: ='Sce 3 Table'!J54 -> 2079957537 | K54: ='Sce 3 Table'!K54 -> 2377094328 | ... T54: ='Sce 3 Table'!T54 -> 7.648137e+09 | U54: =U59*1000000/$D$64 -> 1.0400194e+10 | V54: =V59*1000000/$D$64 -> 1.1638466e+10 | W54: =W59*1000000/$D$64 -> 1.2876737e+10 | X54: =X59*1000000/$D$64 -> 1.4115008e+10 | Y54: =Y59*1000000/$D$64 -> 1.5353279e+10 | Z54: =Z59*1000000/$D$64 -> 1.659155e+10 | AA54: =AA59*1000000/$D$64 -> 1.7829821e+10 | AB54: =AB59*1000000/$D$64 -> 1.9068092e+10 | ... BK54: =BK59*1000000/$D$64 -> 2.4021176e+10
A55: ROW | B55: biodiesel/renewable diesel | C55: gal/yr | D55: ='Sce 3 Table'!D55 -> 23301600 | E55: ='Sce 3 Table'!E55 -> 46603200 | F55: ='Sce 3 Table'!F55 -> 69904800 | G55: ='Sce 3 Table'!G55 -> 93206400 | H55: ='Sce 3 Table'!H55 -> 116508000 | I55: ='Sce 3 Table'!I55 -> 139809600 | J55: ='Sce 3 Table'!J55 -> 1.631112e+08 | K55: ='Sce 3 Table'!K55 -> 1.864128e+08 | ... T55: ='Sce 3 Table'!T55 -> 2251639740 | U55: =U60*1000000/$D$64 -> 3.3948766e+09 | V55: =V60*1000000/$D$64 -> 3.9833083e+09 | W55: =W60*1000000/$D$64 -> 4.5717399e+09 | X55: =X60*1000000/$D$64 -> 5.1601716e+09 | Y55: =Y60*1000000/$D$64 -> 5.7486032e+09 | Z55: =Z60*1000000/$D$64 -> 6.3370348e+09 | AA55: =AA60*1000000/$D$64 -> 6.9254665e+09 | AB55: =AB60*1000000/$D$64 -> 7.5138981e+09 | ... BK55: =BK60*1000000/$D$64 -> 9.8676233e+09
A57: USA | B57: ethanol | C57: m liters/yr | U57: 34888 | V57: 37890.818 | W57: 40893.636 | X57: 43896.454 | Y57: 46899.272 | Z57: 49902.09 | AA57: 52904.908 | AB57: 55907.726 | AC57: 58910.544 | AD57: 61913.362 | AE57: 64916.18 | AF57: 67919 | AG57: 67919 | AH57: 67919 | AI57: 67919 | AJ57: 67919 | AK57: 67919 | AL57: 67919 | AM57: 67919 | AN57: 67919 | AO57: 67919 | AP57: 67919 | AQ57: 67919 | AR57: 67919 | AS57: 67919 | AT57: 67919 | AU57: 67919 | AV57: 67919 | AW57: 67919 | AX57: 67919 | AY57: 67919 | AZ57: 67919 | BA57: 67919 | BB57: 67919 | BC57: 67919 | BD57: 67919 | BE57: 67919 | BF57: 67919 | BG57: 67919 | BH57: 67919 | BI57: 67919 | BJ57: 67919 | BK57: 67919
A58: USA | B58: biodiesel/renewable diesel | C58: m liters/yr | U58: 2319 | V58: 2455.273 | W58: 2591.546 | X58: 2727.819 | Y58: 2864.092 | Z58: 3000.365 | AA58: 3136.638 | AB58: 3272.911 | AC58: 3409.184 | AD58: 3545.457 | AE58: 3681.73 | AF58: 3818 | AG58: 3818 | AH58: 3818 | AI58: 3818 | AJ58: 3818 | AK58: 3818 | AL58: 3818 | AM58: 3818 | AN58: 3818 | AO58: 3818 | AP58: 3818 | AQ58: 3818 | AR58: 3818 | AS58: 3818 | AT58: 3818 | AU58: 3818 | AV58: 3818 | AW58: 3818 | AX58: 3818 | AY58: 3818 | AZ58: 3818 | BA58: 3818 | BB58: 3818 | BC58: 3818 | BD58: 3818 | BE58: 3818 | BF58: 3818 | BG58: 3818 | BH58: 3818 | BI58: 3818 | BJ58: 3818 | BK58: 3818
A59: ROW | B59: ethanol | C59: m liters/yr | U59: 39369 | V59: 44056.364 | W59: 48743.728 | X59: 53431.092 | Y59: 58118.456 | Z59: 62805.82 | AA59: 67493.184 | AB59: 72180.548 | AC59: 76867.912 | AD59: 81555.276 | AE59: 86242.64 | AF59: 90930 | AG59: 90930 | AH59: 90930 | AI59: 90930 | AJ59: 90930 | AK59: 90930 | AL59: 90930 | AM59: 90930 | AN59: 90930 | AO59: 90930 | AP59: 90930 | AQ59: 90930 | AR59: 90930 | AS59: 90930 | AT59: 90930 | AU59: 90930 | AV59: 90930 | AW59: 90930 | AX59: 90930 | AY59: 90930 | AZ59: 90930 | BA59: 90930 | BB59: 90930 | BC59: 90930 | BD59: 90930 | BE59: 90930 | BF59: 90930 | BG59: 90930 | BH59: 90930 | BI59: 90930 | BJ59: 90930 | BK59: 90930
A60: ROW | B60: biodiesel/renewable diesel | C60: m liters/yr | U60: 12851 | V60: 15078.455 | W60: 17305.91 | X60: 19533.365 | Y60: 21760.82 | Z60: 23988.275 | AA60: 26215.73 | AB60: 28443.185 | AC60: 30670.64 | AD60: 32898.095 | AE60: 35125.55 | AF60: 37353 | AG60: 37353 | AH60: 37353 | AI60: 37353 | AJ60: 37353 | AK60: 37353 | AL60: 37353 | AM60: 37353 | AN60: 37353 | AO60: 37353 | AP60: 37353 | AQ60: 37353 | AR60: 37353 | AS60: 37353 | AT60: 37353 | AU60: 37353 | AV60: 37353 | AW60: 37353 | AX60: 37353 | AY60: 37353 | AZ60: 37353 | BA60: 37353 | BB60: 37353 | BC60: 37353 | BD60: 37353 | BE60: 37353 | BF60: 37353 | BG60: 37353 | BH60: 37353 | BI60: 37353 | BJ60: 37353 | BK60: 37353
D62: 34.2 | E62: MJ/L | F62: gasoline
D63: 37.3 | E63: MJ/L | F63: diesel
D64: 3.78541 | E64: L/gal
D65: =D62*D64 -> 129.46102 | E65: MJ/gal | F65: gasoline
D66: =D63*D64 -> 141.19579 | E66: MJ/gal | F66: diesel
D67: 24 | E67: MJ/L | F67: ethanol
D68: 33 | E68: MJ/L | F68: biodiesel
D69: =D64*D67 -> 90.84984 | E69: MJ/gal | F69: ethanol
D70: =D64*D68 -> 124.91853 | E70: MJ/gal | F70: biodiesel

Sheet Sce 2 Table
A1: Location | B1: Commodity Type | C1: Units | D1: 1991 | E1: 1992 | F1: 1993 | G1: 1994 | H1: 1995 | I1: 1996 | J1: 1997 | K1: 1998 | L1: 1999 | M1: 2000 | N1: 2001 | O1: 2002 | P1: 2003 | Q1: 2004 | R1: 2005 | S1: 2006 | T1: 2007 | U1: 2008 | V1: 2009 | W1: 2010 | X1: 2011 | Y1: 2012 | Z1: 2013 | AA1: 2014 | AB1: 2015 | AC1: 2016 | AD1: 2017 | AE1: 2018 | AF1: 2019 | AG1: 2020 | AH1: 2021 | AI1: 2022 | AJ1: 2023 | AK1: 2024 | AL1: 2025 | AM1: 2026 | AN1: 2027 | AO1: 2028 | AP1: 2029 | AQ1: 2030 | AR1: 2031 | AS1: 2032 | AT1: 2033 | AU1: 2034 | AV1: 2035 | AW1: 2036 | AX1: 2037 | AY1: 2038 | AZ1: 2039 | BA1: 2040 | BB1: 2041 | BC1: 2042 | BD1: 2043 | BE1: 2044 | BF1: 2045 | BG1: 2046 | BH1: 2047 | BI1: 2048 | BJ1: 2049 | BK1: 2050 | BM1: Location | BN1: Commodity Type | BO1: 1991 | BP1: 2000 | BQ1: 2010 | BR1: 2020 | BS1: 2030 | BT1: 2040 | BU1: 2050 | BV1: 2005 Estimate | BW1: 2050 Estimate | BX1: 2005-2050 Change | BZ1: 2050 BAU to Hich Change
A2: ROW | B2: cow/sheep/goat like meat | C2: Gg/capita/year | D2: ='LUC-2012-08-10-Run2'!AF2 -> 1.0508416e-05 | E2: ='LUC-2012-08-10-Run2'!AG2 -> 1.0527619e-05 | F2: ='LUC-2012-08-10-Run2'!AH2 -> 1.0524145e-05 | G2: ='LUC-2012-08-10-Run2'!AI2 -> 1.0522463e-05 | H2: ='LUC-2012-08-10-Run2'!AJ2 -> 1.0522681e-05 | I2: ='LUC-2012-08-10-Run2'!AK2 -> 1.0524798e-05 | J2: ='LUC-2012-08-10-Run2'!AL2 -> 1.0528849e-05 | K2: ='LUC-2012-08-10-Run2'!AM2 -> 1.0535258e-05 | ... BK2: ='LUC-2012-08-10-Run2'!CM2 -> 1.7586115e-05 | BM2: ROW | BN2: cow/sheep/goat like meat | BO2: =D2*1000000 -> 10.508416 | BP2: =M2*1000000 -> 10.556611 | BQ2: =W2*1000000 -> 11.327126 | BR2: =AG2*1000000 -> 12.645391 | BS2: =AQ2*1000000 -> 14.135376 | BT2: =BA2*1000000 -> 15.784721 | BU2: =BK2*1000000 -> 17.586115 | BV2: =SUM(M2:M5)*1000000 -> 108.18871 | BW2: =SUM(BU2:BU5) -> 200.28652 | BX2: =(BK2-R2)/R2 -> 0.64989421 | BZ2: =(BK2-'Sce 1 Table'!BK2)/'Sce 1 Table'!BK2 -> 0.40717933 | CB2: =BU2+BU4+BU5 -> 71.486167
A3: ROW | B3: diary | C3: Gg/capita/year | D3: ='LUC-2012-08-10-Run2'!AF3 -> 7.000043e-05 | E3: ='LUC-2012-08-10-Run2'!AG3 -> 7.0630961e-05 | F3: ='LUC-2012-08-10-Run2'!AH3 -> 7.1066274e-05 | G3: ='LUC-2012-08-10-Run2'!AI3 -> 7.150778e-05 | H3: ='LUC-2012-08-10-Run2'!AJ3 -> 7.1952945e-05 | I3: ='LUC-2012-08-10-Run2'!AK3 -> 7.2400862e-05 | J3: ='LUC-2012-08-10-Run2'!AL3 -> 7.2852846e-05 | K3: ='LUC-2012-08-10-Run2'!AM3 -> 7.3313274e-05 | ... BK3: ='LUC-2012-08-10-Run2'!CM3 -> 0.00012880035 | BN3: diary | BO3: =D3*1000000 -> 70.00043 | BP3: =M3*1000000 -> 74.277958 | BQ3: =W3*1000000 -> 83.339977 | BR3: =AG3*1000000 -> 95.227511 | BS3: =AQ3*1000000 -> 107.16565 | BT3: =BA3*1000000 -> 117.8697 | BU3: =BK3*1000000 -> 128.80035 | BX3: =(BK3-R3)/R3 -> 0.67433806 | BZ3: =(BK3-'Sce 1 Table'!BK3)/'Sce 1 Table'!BK3 -> 0.37043071
A4: ROW | B4: pig like meat | C4: Gg/capita/year | D4: ='LUC-2012-08-10-Run2'!AF4 -> 1.3228987e-05 | E4: ='LUC-2012-08-10-Run2'!AG4 -> 1.3351004e-05 | F4: ='LUC-2012-08-10-Run2'!AH4 -> 1.3448211e-05 | G4: ='LUC-2012-08-10-Run2'!AI4 -> 1.3548882e-05 | H4: ='LUC-2012-08-10-Run2'!AJ4 -> 1.365327e-05 | I4: ='LUC-2012-08-10-Run2'!AK4 -> 1.3761501e-05 | J4: ='LUC-2012-08-10-Run2'!AL4 -> 1.3873701e-05 | K4: ='LUC-2012-08-10-Run2'!AM4 -> 1.3990475e-05 | ... BK4: ='LUC-2012-08-10-Run2'!CM4 -> 2.3091433e-05 | BN4: pig like meat | BO4: =D4*1000000 -> 13.228987 | BP4: =M4*1000000 -> 14.239928 | BQ4: =W4*1000000 -> 15.905015 | BR4: =AG4*1000000 -> 17.16989 | BS4: =AQ4*1000000 -> 18.741253 | BT4: =BA4*1000000 -> 20.685178 | BU4: =BK4*1000000 -> 23.091433 | BX4: =(BK4-R4)/R4 -> 0.54323581 | BZ4: =(BK4-'Sce 1 Table'!BK4)/'Sce 1 Table'!BK4 -> 0.36337681
A5: ROW | B5: poultry like meat | C5: Gg/capita/year | D5: ='LUC-2012-08-10-Run2'!AF5 -> 7.0121002e-06 | E5: ='LUC-2012-08-10-Run2'!AG5 -> 7.2210894e-06 | F5: ='LUC-2012-08-10-Run2'!AH5 -> 7.4202146e-06 | G5: ='LUC-2012-08-10-Run2'!AI5 -> 7.6288203e-06 | H5: ='LUC-2012-08-10-Run2'!AJ5 -> 7.8474397e-06 | I5: ='LUC-2012-08-10-Run2'!AK5 -> 8.0765895e-06 | J5: ='LUC-2012-08-10-Run2'!AL5 -> 8.3168765e-06 | K5: ='LUC-2012-08-10-Run2'!AM5 -> 8.5692634e-06 | ... BK5: ='LUC-2012-08-10-Run2'!CM5 -> 3.080862e-05 | BN5: poultry like meat | BO5: =D5*1000000 -> 7.0121002 | BP5: =M5*1000000 -> 9.1142143 | BQ5: =W5*1000000 -> 12.946105 | BR5: =AG5*1000000 -> 16.326322 | BS5: =AQ5*1000000 -> 20.315474 | BT5: =BA5*1000000 -> 25.072742 | BU5: =BK5*1000000 -> 30.80862 | BX5: =(BK5-R5)/R5 -> 1.8677031 | BZ5: =(BK5-'Sce 1 Table'!BK5)/'Sce 1 Table'!BK5 -> 0.71417096
A6: ROW | B6: maize | C6: Gg/capita/year | D6: ='LUC-2012-08-10-Run2'!AF7 -> 3.6843337e-05 | E6: ='LUC-2012-08-10-Run2'!AG7 -> 3.6790336e-05 | F6: ='LUC-2012-08-10-Run2'!AH7 -> 3.6735361e-05 | G6: ='LUC-2012-08-10-Run2'!AI7 -> 3.6679542e-05 | H6: ='LUC-2012-08-10-Run2'!AJ7 -> 3.6623172e-05 | I6: ='LUC-2012-08-10-Run2'!AK7 -> 3.6566333e-05 | J6: ='LUC-2012-08-10-Run2'!AL7 -> 3.6509049e-05 | K6: ='LUC-2012-08-10-Run2'!AM7 -> 3.6451466e-05 | ... BK6: ='LUC-2012-08-10-Run2'!CM7 -> 5.3534324e-05 | BN6: maize | BO6: =D6*1000000 -> 36.843337 | BP6: =M6*1000000 -> 36.336058 | BQ6: =W6*1000000 -> 38.688784 | BR6: =AG6*1000000 -> 45.052144 | BS6: =AQ6*1000000 -> 51.549386 | BT6: =BA6*1000000 -> 52.477845 | BU6: =BK6*1000000 -> 53.534324 | BV6: =SUM(M6:M12)*1000000 -> 263.9905 | BW6: =SUM(BU6:BU12) -> 341.29399 | BX6: =(BK6-R6)/R6 -> 0.48499166 | BZ6: =(BK6-'Sce 1 Table'!BK6)/'Sce 1 Table'!BK6 -> 0.27484264
A7: ROW | B7: wheat | C7: Gg/capita/year | D7: ='LUC-2012-08-10-Run2'!AF8 -> 5.2769166e-05 | E7: ='LUC-2012-08-10-Run2'!AG8 -> 5.2693256e-05 | F7: ='LUC-2012-08-10-Run2'!AH8 -> 5.2614517e-05 | G7: ='LUC-2012-08-10-Run2'!AI8 -> 5.253457e-05 | H7: ='LUC-2012-08-10-Run2'!AJ8 -> 5.2453834e-05 | I7: ='LUC-2012-08-10-Run2'!AK8 -> 5.2372426e-05 | J7: ='LUC-2012-08-10-Run2'!AL8 -> 5.229038e-05 | K7: ='LUC-2012-08-10-Run2'!AM8 -> 5.2207906e-05 | ... BK7: ='LUC-2012-08-10-Run2'!CM8 -> 5.5496248e-05 | BN7: wheat | BO7: =D7*1000000 -> 52.769166 | BP7: =M7*1000000 -> 52.042613 | BQ7: =W7*1000000 -> 52.081508 | BR7: =AG7*1000000 -> 52.765503 | BS7: =AQ7*1000000 -> 53.501125 | BT7: =BA7*1000000 -> 54.420573 | BU7: =BK7*1000000 -> 55.496248 | BX7: =(BK7-R7)/R7 -> 0.07481578 | BZ7: =(BK7-'Sce 1 Table'!BK7)/'Sce 1 Table'!BK7 -> 0.13948099
A8: ROW | B8: rice | C8: Gg/capita/year | D8: ='LUC-2012-08-10-Run2'!AF9 -> 3.7556434e-05 | E8: ='LUC-2012-08-10-Run2'!AG9 -> 3.7502407e-05 | F8: ='LUC-2012-08-10-Run2'!AH9 -> 3.7446368e-05 | G8: ='LUC-2012-08-10-Run2'!AI9 -> 3.7389469e-05 | H8: ='LUC-2012-08-10-Run2'!AJ9 -> 3.7332008e-05 | I8: ='LUC-2012-08-10-Run2'!AK9 -> 3.7274069e-05 | J8: ='LUC-2012-08-10-Run2'!AL9 -> 3.7215676e-05 | K8: ='LUC-2012-08-10-Run2'!AM9 -> 3.7156978e-05 | ... BK8: ='LUC-2012-08-10-Run2'!CM9 -> 3.936733e-05 | BN8: rice | BO8: =D8*1000000 -> 37.556434 | BP8: =M8*1000000 -> 37.039337 | BQ8: =W8*1000000 -> 37.087902 | BR8: =AG8*1000000 -> 37.598598 | BS8: =AQ8*1000000 -> 38.103575 | BT8: =BA8*1000000 -> 38.681443 | BU8: =BK8*1000000 -> 39.36733 | BX8: =(BK8-R8)/R8 -> 0.0712782 | BZ8: =(BK8-'Sce 1 Table'!BK8)/'Sce 1 Table'!BK8 -> 0.17335722
A9: ROW | B9: other cereals | C9: Gg/capita/year | D9: ='LUC-2012-08-10-Run2'!AF10 -> 3.2802455e-05 | E9: ='LUC-2012-08-10-Run2'!AG10 -> 3.2755267e-05 | F9: ='LUC-2012-08-10-Run2'!AH10 -> 3.2706321e-05 | G9: ='LUC-2012-08-10-Run2'!AI10 -> 3.2656625e-05 | H9: ='LUC-2012-08-10-Run2'!AJ10 -> 3.2606437e-05 | I9: ='LUC-2012-08-10-Run2'!AK10 -> 3.2555832e-05 | J9: ='LUC-2012-08-10-Run2'!AL10 -> 3.2504831e-05 | K9: ='LUC-2012-08-10-Run2'!AM10 -> 3.2453563e-05 | ... BK9: ='LUC-2012-08-10-Run2'!CM10 -> 4.0260837e-05 | BN9: other cereals | BO9: =D9*1000000 -> 32.802455 | BP9: =M9*1000000 -> 32.350813 | BQ9: =W9*1000000 -> 33.226264 | BR9: =AG9*1000000 -> 35.850774 | BS9: =AQ9*1000000 -> 38.60521 | BT9: =BA9*1000000 -> 39.380745 | BU9: =BK9*1000000 -> 40.260837 | BX9: =(BK9-R9)/R9 -> 0.25437418 | BZ9: =(BK9-'Sce 1 Table'!BK9)/'Sce 1 Table'!BK9 -> 0.16980012
A10: ROW | B10: oils (from crops) | C10: Gg/capita/year | D10: ='LUC-2012-08-10-Run2'!AF11 -> 9.8542367e-06 | E10: ='LUC-2012-08-10-Run2'!AG11 -> 9.9823314e-06 | F10: ='LUC-2012-08-10-Run2'!AH11 -> 1.0100377e-05 | G10: ='LUC-2012-08-10-Run2'!AI11 -> 1.0217954e-05 | H10: ='LUC-2012-08-10-Run2'!AJ11 -> 1.0335036e-05 | I10: ='LUC-2012-08-10-Run2'!AK11 -> 1.045161e-05 | J10: ='LUC-2012-08-10-Run2'!AL11 -> 1.0567721e-05 | K10: ='LUC-2012-08-10-Run2'!AM11 -> 1.0683585e-05 | ... BK10: ='LUC-2012-08-10-Run2'!CM11 -> 2.3361499e-05 | BN10: oils (from crops) | BO10: =D10*1000000 -> 9.8542367 | BP10: =M10*1000000 -> 10.915504 | BQ10: =W10*1000000 -> 12.875722 | BR10: =AG10*1000000 -> 15.574123 | BS10: =AQ10*1000000 -> 18.288393 | BT10: =BA10*1000000 -> 20.801759 | BU10: =BK10*1000000 -> 23.361499 | BX10: =(BK10-R10)/R10 -> 1.0318742 | BZ10: =(BK10-'Sce 1 Table'!BK10)/'Sce 1 Table'!BK10 -> 0.45515613
A11: ROW | B11: sugar | C11: Gg/capita/year | D11: ='LUC-2012-08-10-Run2'!AF12 -> 2.1546611e-05 | E11: ='LUC-2012-08-10-Run2'!AG12 -> 2.1548776e-05 | F11: ='LUC-2012-08-10-Run2'!AH12 -> 2.1529814e-05 | G11: ='LUC-2012-08-10-Run2'!AI12 -> 2.1511796e-05 | H11: ='LUC-2012-08-10-Run2'!AJ12 -> 2.1494295e-05 | I11: ='LUC-2012-08-10-Run2'!AK12 -> 2.1477259e-05 | J11: ='LUC-2012-08-10-Run2'!AL12 -> 2.1460781e-05 | K11: ='LUC-2012-08-10-Run2'!AM12 -> 2.1445238e-05 | ... BK11: ='LUC-2012-08-10-Run2'!CM12 -> 3.2296748e-05 | BN11: sugar | BO11: =D11*1000000 -> 21.546611 | BP11: =M11*1000000 -> 21.418246 | BQ11: =W11*1000000 -> 22.483317 | BR11: =AG11*1000000 -> 24.823071 | BS11: =AQ11*1000000 -> 27.238016 | BT11: =BA11*1000000 -> 29.74403 | BU11: =BK11*1000000 -> 32.296748 | BW11: =(BW12-BV12)/BV12 -> 0.45516055 | BX11: =(BK11-R11)/R11 -> 0.51127104 | BZ11: =(BK11-'Sce 1 Table'!BK11)/'Sce 1 Table'!BK11 -> 0.29885797
A12: ROW | B12: vegetable, fruit, and nuts | C12: Gg/capita/year | D12: ='LUC-2012-08-10-Run2'!AF14 -> 7.2579401e-05 | E12: ='LUC-2012-08-10-Run2'!AG14 -> 7.271075e-05 | F12: ='LUC-2012-08-10-Run2'!AH14 -> 7.2835631e-05 | G12: ='LUC-2012-08-10-Run2'!AI14 -> 7.2966845e-05 | H12: ='LUC-2012-08-10-Run2'!AJ14 -> 7.310436e-05 | I12: ='LUC-2012-08-10-Run2'!AK14 -> 7.3248247e-05 | J12: ='LUC-2012-08-10-Run2'!AL14 -> 7.3398755e-05 | K12: ='LUC-2012-08-10-Run2'!AM14 -> 7.3555626e-05 | ... BK12: ='LUC-2012-08-10-Run2'!CM14 -> 9.6977e-05 | BN12: vegetable, fruit, and nuts | BO12: =D12*1000000 -> 72.579401 | BP12: =M12*1000000 -> 73.88793 | BQ12: =W12*1000000 -> 76.82888 | BR12: =AG12*1000000 -> 80.993198 | BS12: =AQ12*1000000 -> 88.421504 | BT12: =BA12*1000000 -> 92.678861 | BU12: =BK12*1000000 -> 96.977 | BV12: =SUM(BV2:BV6) -> 372.17921 | BW12: =SUM(BW2:BW6) -> 541.58051 | BX12: =(BK12-R12)/R12 -> 0.29600969 | BY12: =SUM(BX2:BX12) -> 6.4597859 | BZ12: =(BK12-'Sce 1 Table'!BK12)/'Sce 1 Table'!BK12 -> 0.13789729 | CA12: =SUM(BZ2:BZ12) -> 3.5045502
BM13: USA | BN13: cow/sheep/goat like meat | BO13: =D14*1000000 -> 26.047124 | BP13: =M14*1000000 -> 25.027578 | BQ13: =W14*1000000 -> 24.612609 | BR13: =AG14*1000000 -> 24.82649 | BS13: =AQ14*1000000 -> 25.041136 | BT13: =BA14*1000000 -> 25.256549 | BU13: =BK14*1000000 -> 25.472733 | BV13: =SUM(M14:M17)*1000000 -> 280.89504 | BW13: =SUM(BU13:BU16) -> 359.61705 | BX13: =(BK14-R14)/R14 -> 0.040616225 | BZ13: =(BK14-'Sce 1 Table'!BK14)/'Sce 1 Table'!BK14 -> 0.02894974
A14: USA | B14: cow/sheep/goat like meat | C14: Gg/capita/year | D14: ='LUC-2012-08-10-Run2'!AF16 -> 2.6047124e-05 | E14: ='LUC-2012-08-10-Run2'!AG16 -> 2.5931821e-05 | F14: ='LUC-2012-08-10-Run2'!AH16 -> 2.5817027e-05 | G14: ='LUC-2012-08-10-Run2'!AI16 -> 2.5702742e-05 | H14: ='LUC-2012-08-10-Run2'!AJ16 -> 2.5588963e-05 | I14: ='LUC-2012-08-10-Run2'!AK16 -> 2.5475688e-05 | J14: ='LUC-2012-08-10-Run2'!AL16 -> 2.5362914e-05 | K14: ='LUC-2012-08-10-Run2'!AM16 -> 2.5250639e-05 | ... BK14: ='LUC-2012-08-10-Run2'!CM16 -> 2.5472733e-05 | BN14: diary | BO14: =D15*1000000 -> 201 | BP14: =M15*1000000 -> 201.6 | BQ14: =W15*1000000 -> 207.405 | BR14: =AG15*1000000 -> 220.67583 | BS14: =AQ15*1000000 -> 233.94667 | BT14: =BA15*1000000 -> 242.52167 | BU14: =BK15*1000000 -> 251.09667 | BX14: =(BK15-R15)/R15 -> 0.24346319 | BZ14: =(BK15-'Sce 1 Table'!BK15)/'Sce 1 Table'!BK15 -> 0.13106607
A15: USA | B15: diary | C15: Gg/capita/year | D15: ='LUC-2012-08-10-Run2'!AF17 -> 0.000201 | E15: ='LUC-2012-08-10-Run2'!AG17 -> 0.00020106667 | F15: ='LUC-2012-08-10-Run2'!AH17 -> 0.00020113333 | G15: ='LUC-2012-08-10-Run2'!AI17 -> 0.0002012 | H15: ='LUC-2012-08-10-Run2'!AJ17 -> 0.00020126667 | I15: ='LUC-2012-08-10-Run2'!AK17 -> 0.00020133333 | J15: ='LUC-2012-08-10-Run2'!AL17 -> 0.0002014 | K15: ='LUC-2012-08-10-Run2'!AM17 -> 0.00020146667 | ... BK15: ='LUC-2012-08-10-Run2'!CM17 -> 0.00025109667 | BN15: pig like meat | BO15: =D16*1000000 -> 31.090008 | BP15: =M16*1000000 -> 32.231965 | BQ15: =W16*1000000 -> 33.532021 | BR15: =AG16*1000000 -> 34.34783 | BS15: =AQ16*1000000 -> 35.171833 | BT15: =BA16*1000000 -> 36.004114 | BU15: =BK16*1000000 -> 36.844755 | BX15: =(BK16-R16)/R16 -> 0.12043221 | BZ15: =(BK16-'Sce 1 Table'!BK16)/'Sce 1 Table'!BK16 -> 0.06793671 | CB15: =BU16+BU15+BU13 -> 108.52038
A16: USA | B16: pig like meat | C16: Gg/capita/year | D16: ='LUC-2012-08-10-Run2'!AF18 -> 3.1090008e-05 | E16: ='LUC-2012-08-10-Run2'!AG18 -> 3.1214867e-05 | F16: ='LUC-2012-08-10-Run2'!AH18 -> 3.1340228e-05 | G16: ='LUC-2012-08-10-Run2'!AI18 -> 3.1466092e-05 | H16: ='LUC-2012-08-10-Run2'!AJ18 -> 3.1592462e-05 | I16: ='LUC-2012-08-10-Run2'!AK18 -> 3.1719339e-05 | J16: ='LUC-2012-08-10-Run2'!AL18 -> 3.1846726e-05 | K16: ='LUC-2012-08-10-Run2'!AM18 -> 3.1974625e-05 | ... BK16: ='LUC-2012-08-10-Run2'!CM18 -> 3.6844755e-05 | BN16: poultry like meat | BO16: =D17*1000000 -> 19.058063 | BP16: =M17*1000000 -> 22.035498 | BQ16: =W17*1000000 -> 26.520587 | BR16: =AG17*1000000 -> 30.938875 | BS16: =AQ17*1000000 -> 35.67637 | BT16: =BA17*1000000 -> 40.756133 | BU16: =BK17*1000000 -> 46.202892 | BX16: =(BK17-R17)/R17 -> 0.93429093 | BZ16: =(BK17-'Sce 1 Table'!BK17)/'Sce 1 Table'!BK17 -> 0.4002971
A17: USA | B17: poultry like meat | C17: Gg/capita/year | D17: ='LUC-2012-08-10-Run2'!AF19 -> 1.9058063e-05 | E17: ='LUC-2012-08-10-Run2'!AG19 -> 1.936795e-05 | F17: ='LUC-2012-08-10-Run2'!AH19 -> 1.9682876e-05 | G17: ='LUC-2012-08-10-Run2'!AI19 -> 2.0002922e-05 | H17: ='LUC-2012-08-10-Run2'!AJ19 -> 2.0328173e-05 | I17: ='LUC-2012-08-10-Run2'!AK19 -> 2.0658713e-05 | J17: ='LUC-2012-08-10-Run2'!AL19 -> 2.0994627e-05 | K17: ='LUC-2012-08-10-Run2'!AM19 -> 2.1336003e-05 | ... BK17: ='LUC-2012-08-10-Run2'!CM19 -> 4.6202892e-05 | BN17: maize | BO17: =D18*1000000 -> 37.31055 | BP17: =M18*1000000 -> 38.001486 | BQ17: =W18*1000000 -> 40.807993 | BR17: =AG18*1000000 -> 46.394407 | BS17: =AQ18*1000000 -> 51.980821 | BT17: =BA18*1000000 -> 51.980821 | BU17: =BK18*1000000 -> 51.980821 | BV17: =SUM(M18:M24)*1000000 -> 297.9 | BW17: =SUM(BU17:BU23) -> 329.91036 | BX17: =(BK18-R18)/R18 -> 0.35418424 | BZ17: =(BK18-'Sce 1 Table'!BK18)/'Sce 1 Table'!BK18 -> 0.18314315
A18: USA | B18: maize | C18: Gg/capita/year | D18: ='LUC-2012-08-10-Run2'!AF21 -> 3.731055e-05 | E18: ='LUC-2012-08-10-Run2'!AG21 -> 3.738732e-05 | F18: ='LUC-2012-08-10-Run2'!AH21 -> 3.7464091e-05 | G18: ='LUC-2012-08-10-Run2'!AI21 -> 3.7540862e-05 | H18: ='LUC-2012-08-10-Run2'!AJ21 -> 3.7617632e-05 | I18: ='LUC-2012-08-10-Run2'!AK21 -> 3.7694403e-05 | J18: ='LUC-2012-08-10-Run2'!AL21 -> 3.7771174e-05 | K18: ='LUC-2012-08-10-Run2'!AM21 -> 3.7847945e-05 | ... BK18: ='LUC-2012-08-10-Run2'!CM21 -> 5.1980821e-05 | BN18: wheat | BO18: =D19*1000000 -> 53.438336 | BP18: =M19*1000000 -> 54.427935 | BQ18: =W19*1000000 -> 55.557054 | BR18: =AG19*1000000 -> 56.331933 | BS18: =AQ19*1000000 -> 57.106812 | BT18: =BA19*1000000 -> 57.106812 | BU18: =BK19*1000000 -> 57.106812 | BX18: =(BK19-R19)/R19 -> 0.038726607 | BZ18: =(BK19-'Sce 1 Table'!BK19)/'Sce 1 Table'!BK19 -> 0.12073074
A19: USA | B19: wheat | C19: Gg/capita/year | D19: ='LUC-2012-08-10-Run2'!AF22 -> 5.3438336e-05 | E19: ='LUC-2012-08-10-Run2'!AG22 -> 5.3548291e-05 | F19: ='LUC-2012-08-10-Run2'!AH22 -> 5.3658247e-05 | G19: ='LUC-2012-08-10-Run2'!AI22 -> 5.3768202e-05 | H19: ='LUC-2012-08-10-Run2'!AJ22 -> 5.3878158e-05 | I19: ='LUC-2012-08-10-Run2'!AK22 -> 5.3988113e-05 | J19: ='LUC-2012-08-10-Run2'!AL22 -> 5.4098068e-05 | K19: ='LUC-2012-08-10-Run2'!AM22 -> 5.4208024e-05 | ... BK19: ='LUC-2012-08-10-Run2'!CM22 -> 5.7106812e-05 | BN19: rice | BO19: =D20*1000000 -> 38.032689 | BP19: =M20*1000000 -> 38.736999 | BQ19: =W20*1000000 -> 39.627826 | BR19: =AG20*1000000 -> 40.397367 | BS19: =AQ20*1000000 -> 41.166908 | BT19: =BA20*1000000 -> 41.166908 | BU19: =BK20*1000000 -> 41.166908 | BX19: =(BK20-R20)/R20 -> 0.052101112 | BZ19: =(BK20-'Sce 1 Table'!BK20)/'Sce 1 Table'!BK20 -> 0.1727689
A20: USA | B20: rice | C20: Gg/capita/year | D20: ='LUC-2012-08-10-Run2'!AF23 -> 3.8032689e-05 | E20: ='LUC-2012-08-10-Run2'!AG23 -> 3.8110946e-05 | F20: ='LUC-2012-08-10-Run2'!AH23 -> 3.8189203e-05 | G20: ='LUC-2012-08-10-Run2'!AI23 -> 3.8267459e-05 | H20: ='LUC-2012-08-10-Run2'!AJ23 -> 3.8345716e-05 | I20: ='LUC-2012-08-10-Run2'!AK23 -> 3.8423972e-05 | J20: ='LUC-2012-08-10-Run2'!AL23 -> 3.8502229e-05 | K20: ='LUC-2012-08-10-Run2'!AM23 -> 3.8580485e-05 | ... BK20: ='LUC-2012-08-10-Run2'!CM23 -> 4.1166908e-05 | BN20: other cereals | BO20: =D21*1000000 -> 33.218425 | BP20: =M21*1000000 -> 33.833581 | BQ20: =W21*1000000 -> 35.063298 | BR20: =AG21*1000000 -> 36.864559 | BS20: =AQ21*1000000 -> 38.66582 | BT20: =BA21*1000000 -> 38.66582 | BU20: =BK21*1000000 -> 38.66582 | BX20: =(BK21-R21)/R21 -> 0.13139551 | BZ20: =(BK21-'Sce 1 Table'!BK21)/'Sce 1 Table'!BK21 -> 0.073806392
A21: USA | B21: other cereals | C21: Gg/capita/year | D21: ='LUC-2012-08-10-Run2'!AF24 -> 3.3218425e-05 | E21: ='LUC-2012-08-10-Run2'!AG24 -> 3.3286776e-05 | F21: ='LUC-2012-08-10-Run2'!AH24 -> 3.3355126e-05 | G21: ='LUC-2012-08-10-Run2'!AI24 -> 3.3423477e-05 | H21: ='LUC-2012-08-10-Run2'!AJ24 -> 3.3491828e-05 | I21: ='LUC-2012-08-10-Run2'!AK24 -> 3.3560178e-05 | J21: ='LUC-2012-08-10-Run2'!AL24 -> 3.3628529e-05 | K21: ='LUC-2012-08-10-Run2'!AM24 -> 3.369688e-05 | ... BK21: ='LUC-2012-08-10-Run2'!CM24 -> 3.866582e-05 | BN21: oils (from crops) | BO21: =D22*1000000 -> 16 | BP21: =M22*1000000 -> 17.8 | BQ21: =W22*1000000 -> 19.698333 | BR21: =AG22*1000000 -> 20.719167 | BS21: =AQ22*1000000 -> 21.74 | BT21: =BA22*1000000 -> 22.965 | BU21: =BK22*1000000 -> 24.19 | BX21: =(BK22-R22)/R22 -> 0.28670213 | BZ21: =(BK22-'Sce 1 Table'!BK22)/'Sce 1 Table'!BK22 -> 0.15190476
A22: USA | B22: oils (from crops) | C22: Gg/capita/year | D22: ='LUC-2012-08-10-Run2'!AF25 -> 1.6e-05 | E22: ='LUC-2012-08-10-Run2'!AG25 -> 1.62e-05 | F22: ='LUC-2012-08-10-Run2'!AH25 -> 1.64e-05 | G22: ='LUC-2012-08-10-Run2'!AI25 -> 1.66e-05 | H22: ='LUC-2012-08-10-Run2'!AJ25 -> 1.68e-05 | I22: ='LUC-2012-08-10-Run2'!AK25 -> 1.7e-05 | J22: ='LUC-2012-08-10-Run2'!AL25 -> 1.72e-05 | K22: ='LUC-2012-08-10-Run2'!AM25 -> 1.74e-05 | ... BK22: ='LUC-2012-08-10-Run2'!CM25 -> 2.419e-05 | BN22: sugar | BO22: =D23*1000000 -> 36 | BP22: =M23*1000000 -> 34.8 | BQ22: =W23*1000000 -> 34.268333 | BR22: =AG23*1000000 -> 34.455833 | BS22: =AQ23*1000000 -> 34.643333 | BT22: =BA23*1000000 -> 34.643333 | BU22: =BK23*1000000 -> 34.643333 | BW22: =(BW23-BV23)/BV23 -> 0.19131534 | BX22: =(BK23-R23)/R23 -> 0.014941406 | BZ22: =(BK23-'Sce 1 Table'!BK23)/'Sce 1 Table'!BK23 -> 0.04979798
A23: USA | B23: sugar | C23: Gg/capita/year | D23: ='LUC-2012-08-10-Run2'!AF26 -> 3.6e-05 | E23: ='LUC-2012-08-10-Run2'!AG26 -> 3.5866667e-05 | F23: ='LUC-2012-08-10-Run2'!AH26 -> 3.5733333e-05 | G23: ='LUC-2012-08-10-Run2'!AI26 -> 3.56e-05 | H23: ='LUC-2012-08-10-Run2'!AJ26 -> 3.5466667e-05 | I23: ='LUC-2012-08-10-Run2'!AK26 -> 3.5333333e-05 | J23: ='LUC-2012-08-10-Run2'!AL26 -> 3.52e-05 | K23: ='LUC-2012-08-10-Run2'!AM26 -> 3.5066667e-05 | ... BK23: ='LUC-2012-08-10-Run2'!CM26 -> 3.4643333e-05 | BN23: vegetable, fruit, and nuts | BO23: =D24*1000000 -> 80.9 | BP23: =M24*1000000 -> 80.3 | BQ23: =W24*1000000 -> 80.19303 | BR23: =AG24*1000000 -> 80.683939 | BS23: =AQ24*1000000 -> 81.751667 | BT23: =BA24*1000000 -> 81.954167 | BU23: =BK24*1000000 -> 82.156667 | BV23: =SUM(BV13:BV17) -> 578.79504 | BW23: =SUM(BW13:BW17) -> 689.52741 | BX23: =(BK24-R24)/R24 -> 0.027386411 | BY23: =SUM(BX13:BX23) -> 2.24424 | BZ23: =(BK24-'Sce 1 Table'!BK24)/'Sce 1 Table'!BK24 -> 0.093963604 | CA23: =SUM(BZ13:BZ23) -> 1.4743652
A24: USA | B24: vegetable, fruit, and nuts | C24: Gg/capita/year | D24: ='LUC-2012-08-10-Run2'!AF28 -> 8.09e-05 | E24: ='LUC-2012-08-10-Run2'!AG28 -> 8.0833333e-05 | F24: ='LUC-2012-08-10-Run2'!AH28 -> 8.0766667e-05 | G24: ='LUC-2012-08-10-Run2'!AI28 -> 8.07e-05 | H24: ='LUC-2012-08-10-Run2'!AJ28 -> 8.0633333e-05 | I24: ='LUC-2012-08-10-Run2'!AK28 -> 8.0566667e-05 | J24: ='LUC-2012-08-10-Run2'!AL28 -> 8.05e-05 | K24: ='LUC-2012-08-10-Run2'!AM28 -> 8.0433333e-05 | ... BK24: ='LUC-2012-08-10-Run2'!CM28 -> 8.2156667e-05 | BN24: kg/capita/yr
BM25: Location | BN25: Commodity Type | BO25: 1991 | BP25: 2000 | BQ25: 2010 | BR25: 2020 | BS25: 2030 | BT25: 2040 | BU25: 2050
A26: ROW | B26: maize | C26: Gg/ha/year | D26: ='LUC-2012-08-10-Run2'!AF30 -> 0.0028586557 | E26: ='LUC-2012-08-10-Run2'!AG30 -> 0.0029099639 | F26: ='LUC-2012-08-10-Run2'!AH30 -> 0.0029612721 | G26: ='LUC-2012-08-10-Run2'!AI30 -> 0.0030125802 | H26: ='LUC-2012-08-10-Run2'!AJ30 -> 0.0030638884 | I26: ='LUC-2012-08-10-Run2'!AK30 -> 0.0031151966 | J26: ='LUC-2012-08-10-Run2'!AL30 -> 0.0031665047 | K26: ='LUC-2012-08-10-Run2'!AM30 -> 0.0032178129 | ... BK26: ='LUC-2012-08-10-Run2'!CM30 -> 0.0050303517 | BM26: ROW | BN26: maize | BO26: =D26*1000 -> 2.8586557 | BP26: =M26*1000 -> 3.3204293 | BQ26: =W26*1000 -> 3.7557395 | BR26: =AG26*1000 -> 4.0743925 | BS26: =AQ26*1000 -> 4.3930456 | BT26: =BA26*1000 -> 4.7116986 | BU26: =BK26*1000 -> 5.0303517
A27: ROW | B27: wheat | C27: Gg/ha/year | D27: ='LUC-2012-08-10-Run2'!AF31 -> 0.0022199163 | E27: ='LUC-2012-08-10-Run2'!AG31 -> 0.0022566263 | F27: ='LUC-2012-08-10-Run2'!AH31 -> 0.0022933364 | G27: ='LUC-2012-08-10-Run2'!AI31 -> 0.0023300465 | H27: ='LUC-2012-08-10-Run2'!AJ31 -> 0.0023667566 | I27: ='LUC-2012-08-10-Run2'!AK31 -> 0.0024034667 | J27: ='LUC-2012-08-10-Run2'!AL31 -> 0.0024401768 | K27: ='LUC-2012-08-10-Run2'!AM31 -> 0.0024768869 | ... BK27: ='LUC-2012-08-10-Run2'!CM31 -> 0.0038092166 | BN27: wheat | BO27: =D27*1000 -> 2.2199163 | BP27: =M27*1000 -> 2.550307 | BQ27: =W27*1000 -> 2.8649902 | BR27: =AG27*1000 -> 3.1010468 | BS27: =AQ27*1000 -> 3.3371034 | BT27: =BA27*1000 -> 3.57316 | BU27: =BK27*1000 -> 3.8092166
A28: ROW | B28: rice | C28: Gg/ha/year | D28: ='LUC-2012-08-10-Run2'!AF32 -> 0.0032695631 | E28: ='LUC-2012-08-10-Run2'!AG32 -> 0.0033190681 | F28: ='LUC-2012-08-10-Run2'!AH32 -> 0.0033685731 | G28: ='LUC-2012-08-10-Run2'!AI32 -> 0.003418078 | H28: ='LUC-2012-08-10-Run2'!AJ32 -> 0.003467583 | I28: ='LUC-2012-08-10-Run2'!AK32 -> 0.003517088 | J28: ='LUC-2012-08-10-Run2'!AL32 -> 0.0035665929 | K28: ='LUC-2012-08-10-Run2'!AM32 -> 0.0036160979 | ... BK28: ='LUC-2012-08-10-Run2'!CM32 -> 0.0052814251 | BN28: rice | BO28: =D28*1000 -> 3.2695631 | BP28: =M28*1000 -> 3.7151078 | BQ28: =W28*1000 -> 4.1275274 | BR28: =AG28*1000 -> 4.4160018 | BS28: =AQ28*1000 -> 4.7044763 | BT28: =BA28*1000 -> 4.9929507 | BU28: =BK28*1000 -> 5.2814251 | BW28: 200-360
A29: ROW | B29: other cereals | C29: Gg/ha/year | D29: ='LUC-2012-08-10-Run2'!AF33 -> 0.0014251346 | E29: ='LUC-2012-08-10-Run2'!AG33 -> 0.001439401 | F29: ='LUC-2012-08-10-Run2'!AH33 -> 0.0014536674 | G29: ='LUC-2012-08-10-Run2'!AI33 -> 0.0014679338 | H29: ='LUC-2012-08-10-Run2'!AJ33 -> 0.0014822002 | I29: ='LUC-2012-08-10-Run2'!AK33 -> 0.0014964666 | J29: ='LUC-2012-08-10-Run2'!AL33 -> 0.0015107329 | K29: ='LUC-2012-08-10-Run2'!AM33 -> 0.0015249993 | ... BK29: ='LUC-2012-08-10-Run2'!CM33 -> 0.0021704403 | BN29: other cereals | BO29: =D29*1000 -> 1.4251346 | BP29: =M29*1000 -> 1.5535321 | BQ29: =W29*1000 -> 1.6874313 | BR29: =AG29*1000 -> 1.8081836 | BS29: =AQ29*1000 -> 1.9289358 | BT29: =BA29*1000 -> 2.049688 | BU29: =BK29*1000 -> 2.1704403 | BW29: 340-330
A30: ROW | B30: oils (from crops) | C30: Gg/ha/year | D30: ='LUC-2012-08-10-Run2'!AF34 -> 0.0016577549 | E30: ='LUC-2012-08-10-Run2'!AG34 -> 0.0016804361 | F30: ='LUC-2012-08-10-Run2'!AH34 -> 0.0017031173 | G30: ='LUC-2012-08-10-Run2'!AI34 -> 0.0017257985 | H30: ='LUC-2012-08-10-Run2'!AJ34 -> 0.0017484797 | I30: ='LUC-2012-08-10-Run2'!AK34 -> 0.0017711609 | J30: ='LUC-2012-08-10-Run2'!AL34 -> 0.0017938421 | K30: ='LUC-2012-08-10-Run2'!AM34 -> 0.0018165233 | ... BK30: ='LUC-2012-08-10-Run2'!CM34 -> 0.0029 | BN30: oils (from crops) | BO30: =D30*1000 -> 1.6577549 | BP30: =M30*1000 -> 1.8618857 | BQ30: =W30*1000 -> 2.0799754 | BR30: =AG30*1000 -> 2.2849816 | BS30: =AQ30*1000 -> 2.4899877 | BT30: =BA30*1000 -> 2.6949939 | BU30: =BK30*1000 -> 2.9
A31: ROW | B31: sugar | C31: Gg/ha/year | D31: ='LUC-2012-08-10-Run2'!AF35 -> 0.061522727 | E31: ='LUC-2012-08-10-Run2'!AG35 -> 0.061954545 | F31: ='LUC-2012-08-10-Run2'!AH35 -> 0.062386364 | G31: ='LUC-2012-08-10-Run2'!AI35 -> 0.062818182 | H31: ='LUC-2012-08-10-Run2'!AJ35 -> 0.06325 | I31: ='LUC-2012-08-10-Run2'!AK35 -> 0.063681818 | J31: ='LUC-2012-08-10-Run2'!AL35 -> 0.064113636 | K31: ='LUC-2012-08-10-Run2'!AM35 -> 0.064545455 | ... BK31: ='LUC-2012-08-10-Run2'!CM35 -> 0.104 | BN31: sugar | BO31: =D31*1000 -> 61.522727 | BP31: =M31*1000 -> 65.409091 | BQ31: =W31*1000 -> 71.272727 | BR31: =AG31*1000 -> 79.454545 | BS31: =AQ31*1000 -> 87.636364 | BT31: =BA31*1000 -> 95.818182 | BU31: =BK31*1000 -> 104
A32: ROW | B32: vegetable, fruit, and nuts | C32: Gg/ha/year | D32: ='LUC-2012-08-10-Run2'!AF39 -> 0.00086618671 | E32: ='LUC-2012-08-10-Run2'!AG39 -> 0.00087332066 | F32: ='LUC-2012-08-10-Run2'!AH39 -> 0.0008804546 | G32: ='LUC-2012-08-10-Run2'!AI39 -> 0.00088758854 | H32: ='LUC-2012-08-10-Run2'!AJ39 -> 0.00089472249 | I32: ='LUC-2012-08-10-Run2'!AK39 -> 0.00090185643 | J32: ='LUC-2012-08-10-Run2'!AL39 -> 0.00090899038 | K32: ='LUC-2012-08-10-Run2'!AM39 -> 0.00091612432 | ... BK32: ='LUC-2012-08-10-Run2'!CM39 -> 0.0017443299 | BN32: vegetable, fruit, and nuts | BO32: =D32*1000 -> 0.86618671 | BP32: =M32*1000 -> 0.93039221 | BQ32: =W32*1000 -> 1.043299 | BR32: =AG32*1000 -> 1.2185567 | BS32: =AQ32*1000 -> 1.3938144 | BT32: =BA32*1000 -> 1.5690722 | BU32: =BK32*1000 -> 1.7443299
BM33: USA | BN33: maize | BO33: =D34*1000 -> 5.0675 | BP33: =M34*1000 -> 5.765 | BQ33: =W34*1000 -> 6.34 | BR33: =AG34*1000 -> 6.615 | BS33: =AQ34*1000 -> 6.89 | BT33: =BA34*1000 -> 7.165 | BU33: =BK34*1000 -> 7.44
A34: USA | B34: maize | C34: Gg/ha/year | D34: ='LUC-2012-08-10-Run2'!AF41 -> 0.0050675 | E34: ='LUC-2012-08-10-Run2'!AG41 -> 0.005145 | F34: ='LUC-2012-08-10-Run2'!AH41 -> 0.0052225 | G34: ='LUC-2012-08-10-Run2'!AI41 -> 0.0053 | H34: ='LUC-2012-08-10-Run2'!AJ41 -> 0.0053775 | I34: ='LUC-2012-08-10-Run2'!AK41 -> 0.005455 | J34: ='LUC-2012-08-10-Run2'!AL41 -> 0.0055325 | K34: ='LUC-2012-08-10-Run2'!AM41 -> 0.00561 | ... BK34: ='LUC-2012-08-10-Run2'!CM41 -> 0.00744 | BN34: wheat | BO34: =D35*1000 -> 2.3129545 | BP34: =M35*1000 -> 2.5931818 | BQ34: =W35*1000 -> 2.8572727 | BR34: =AG35*1000 -> 3.0504545 | BS34: =AQ35*1000 -> 3.2436364 | BT34: =BA35*1000 -> 3.4368182 | BU34: =BK35*1000 -> 3.63
A35: USA | B35: wheat | C35: Gg/ha/year | D35: ='LUC-2012-08-10-Run2'!AF42 -> 0.0023129545 | E35: ='LUC-2012-08-10-Run2'!AG42 -> 0.0023440909 | F35: ='LUC-2012-08-10-Run2'!AH42 -> 0.0023752273 | G35: ='LUC-2012-08-10-Run2'!AI42 -> 0.0024063636 | H35: ='LUC-2012-08-10-Run2'!AJ42 -> 0.0024375 | I35: ='LUC-2012-08-10-Run2'!AK42 -> 0.0024686364 | J35: ='LUC-2012-08-10-Run2'!AL42 -> 0.0024997727 | K35: ='LUC-2012-08-10-Run2'!AM42 -> 0.0025309091 | ... BK35: ='LUC-2012-08-10-Run2'!CM42 -> 0.00363 | BN35: rice | BO35: =D36*1000 -> 3.4209091 | BP35: =M36*1000 -> 3.8463636 | BQ35: =W36*1000 -> 4.2418182 | BR35: =AG36*1000 -> 4.5213636 | BS35: =AQ36*1000 -> 4.8009091 | BT35: =BA36*1000 -> 5.0804545 | BU35: =BK36*1000 -> 5.36
A36: USA | B36: rice | C36: Gg/ha/year | D36: ='LUC-2012-08-10-Run2'!AF43 -> 0.0034209091 | E36: ='LUC-2012-08-10-Run2'!AG43 -> 0.0034681818 | F36: ='LUC-2012-08-10-Run2'!AH43 -> 0.0035154545 | G36: ='LUC-2012-08-10-Run2'!AI43 -> 0.0035627273 | H36: ='LUC-2012-08-10-Run2'!AJ43 -> 0.00361 | I36: ='LUC-2012-08-10-Run2'!AK43 -> 0.0036572727 | J36: ='LUC-2012-08-10-Run2'!AL43 -> 0.0037045455 | K36: ='LUC-2012-08-10-Run2'!AM43 -> 0.0037518182 | ... BK36: ='LUC-2012-08-10-Run2'!CM43 -> 0.00536 | BN36: other cereals | BO36: =D37*1000 -> 1.4251346 | BP36: =M37*1000 -> 1.5535321 | BQ36: =W37*1000 -> 1.6874313 | BR36: =AG37*1000 -> 1.8081836 | BS36: =AQ37*1000 -> 1.9289358 | BT36: =BA37*1000 -> 2.049688 | BU36: =BK37*1000 -> 2.1704403
A37: USA | B37: other cereals | C37: Gg/ha/year | D37: ='LUC-2012-08-10-Run2'!AF44 -> 0.0014251346 | E37: ='LUC-2012-08-10-Run2'!AG44 -> 0.001439401 | F37: ='LUC-2012-08-10-Run2'!AH44 -> 0.0014536674 | G37: ='LUC-2012-08-10-Run2'!AI44 -> 0.0014679338 | H37: ='LUC-2012-08-10-Run2'!AJ44 -> 0.0014822002 | I37: ='LUC-2012-08-10-Run2'!AK44 -> 0.0014964666 | J37: ='LUC-2012-08-10-Run2'!AL44 -> 0.0015107329 | K37: ='LUC-2012-08-10-Run2'!AM44 -> 0.0015249993 | ... BK37: ='LUC-2012-08-10-Run2'!CM44 -> 0.0021704403 | BN37: oils (from crops) | BO37: =D38*1000 -> 1.6577549 | BP37: =M38*1000 -> 1.8618857 | BQ37: =W38*1000 -> 2.0799754 | BR37: =AG38*1000 -> 2.2849816 | BS37: =AQ38*1000 -> 2.4899877 | BT37: =BA38*1000 -> 2.6949939 | BU37: =BK38*1000 -> 2.9
